2024-09-09 12:55:42,320 [Worker-4: Loading available Gradle versions] INFO  o.e.b.c.i.u.g.PublishedGradleVersions - Gradle version information cache is out-of-date. Trying to update.
2024-09-09 12:58:59,612 [Worker-6: Launching mavenrun-6ce75dd2-f9b6-4a3e-a0da-e68289969479] INFO  o.eclipse.m2e.core.internal.Bundles - getClasspathEntries(Bundle=org.eclipse.m2e.maven.runtime_3.9.700.20240602-2313 [644])
2024-09-09 12:58:59,616 [Worker-6: Launching mavenrun-6ce75dd2-f9b6-4a3e-a0da-e68289969479] INFO  o.eclipse.m2e.core.internal.Bundles - 	Entry: C:\Users\LENOVO\.p2\pool\plugins\org.eclipse.m2e.maven.runtime_3.9.700.20240602-2313
2024-09-09 12:58:59,617 [Worker-6: Launching mavenrun-6ce75dd2-f9b6-4a3e-a0da-e68289969479] INFO  o.eclipse.m2e.core.internal.Bundles - 	Entry: C:\Users\LENOVO\.p2\pool\plugins\org.eclipse.m2e.maven.runtime_3.9.700.20240602-2313\jars\aopalliance-1.0.jar
2024-09-09 12:58:59,618 [Worker-6: Launching mavenrun-6ce75dd2-f9b6-4a3e-a0da-e68289969479] INFO  o.eclipse.m2e.core.internal.Bundles - 	Entry: C:\Users\LENOVO\.p2\pool\plugins\org.eclipse.m2e.maven.runtime_3.9.700.20240602-2313\jars\guice-5.1.0.jar
2024-09-09 12:58:59,618 [Worker-6: Launching mavenrun-6ce75dd2-f9b6-4a3e-a0da-e68289969479] INFO  o.eclipse.m2e.core.internal.Bundles - 	Entry: C:\Users\LENOVO\.p2\pool\plugins\org.eclipse.m2e.maven.runtime_3.9.700.20240602-2313\jars\httpclient-4.5.14.jar
2024-09-09 12:58:59,618 [Worker-6: Launching mavenrun-6ce75dd2-f9b6-4a3e-a0da-e68289969479] INFO  o.eclipse.m2e.core.internal.Bundles - 	Entry: C:\Users\LENOVO\.p2\pool\plugins\org.eclipse.m2e.maven.runtime_3.9.700.20240602-2313\jars\httpcore-4.4.16.jar
2024-09-09 12:58:59,619 [Worker-6: Launching mavenrun-6ce75dd2-f9b6-4a3e-a0da-e68289969479] INFO  o.eclipse.m2e.core.internal.Bundles - 	Entry: C:\Users\LENOVO\.p2\pool\plugins\org.eclipse.m2e.maven.runtime_3.9.700.20240602-2313\jars\jansi-2.4.1.jar
2024-09-09 12:58:59,619 [Worker-6: Launching mavenrun-6ce75dd2-f9b6-4a3e-a0da-e68289969479] INFO  o.eclipse.m2e.core.internal.Bundles - 	Entry: C:\Users\LENOVO\.p2\pool\plugins\org.eclipse.m2e.maven.runtime_3.9.700.20240602-2313\jars\jcl-over-slf4j-1.7.36.jar
2024-09-09 12:58:59,619 [Worker-6: Launching mavenrun-6ce75dd2-f9b6-4a3e-a0da-e68289969479] INFO  o.eclipse.m2e.core.internal.Bundles - 	Entry: C:\Users\LENOVO\.p2\pool\plugins\org.eclipse.m2e.maven.runtime_3.9.700.20240602-2313\jars\maven-artifact-3.9.7.jar
2024-09-09 12:58:59,619 [Worker-6: Launching mavenrun-6ce75dd2-f9b6-4a3e-a0da-e68289969479] INFO  o.eclipse.m2e.core.internal.Bundles - 	Entry: C:\Users\LENOVO\.p2\pool\plugins\org.eclipse.m2e.maven.runtime_3.9.700.20240602-2313\jars\maven-builder-support-3.9.7.jar
2024-09-09 12:58:59,619 [Worker-6: Launching mavenrun-6ce75dd2-f9b6-4a3e-a0da-e68289969479] INFO  o.eclipse.m2e.core.internal.Bundles - 	Entry: C:\Users\LENOVO\.p2\pool\plugins\org.eclipse.m2e.maven.runtime_3.9.700.20240602-2313\jars\maven-compat-3.9.7.jar
2024-09-09 12:58:59,619 [Worker-6: Launching mavenrun-6ce75dd2-f9b6-4a3e-a0da-e68289969479] INFO  o.eclipse.m2e.core.internal.Bundles - 	Entry: C:\Users\LENOVO\.p2\pool\plugins\org.eclipse.m2e.maven.runtime_3.9.700.20240602-2313\jars\maven-core-3.9.7.jar
2024-09-09 12:58:59,620 [Worker-6: Launching mavenrun-6ce75dd2-f9b6-4a3e-a0da-e68289969479] INFO  o.eclipse.m2e.core.internal.Bundles - 	Entry: C:\Users\LENOVO\.p2\pool\plugins\org.eclipse.m2e.maven.runtime_3.9.700.20240602-2313\jars\maven-embedder-3.9.7.jar
2024-09-09 12:58:59,620 [Worker-6: Launching mavenrun-6ce75dd2-f9b6-4a3e-a0da-e68289969479] INFO  o.eclipse.m2e.core.internal.Bundles - 	Entry: C:\Users\LENOVO\.p2\pool\plugins\org.eclipse.m2e.maven.runtime_3.9.700.20240602-2313\jars\maven-model-3.9.7.jar
2024-09-09 12:58:59,620 [Worker-6: Launching mavenrun-6ce75dd2-f9b6-4a3e-a0da-e68289969479] INFO  o.eclipse.m2e.core.internal.Bundles - 	Entry: C:\Users\LENOVO\.p2\pool\plugins\org.eclipse.m2e.maven.runtime_3.9.700.20240602-2313\jars\maven-model-builder-3.9.7.jar
2024-09-09 12:58:59,620 [Worker-6: Launching mavenrun-6ce75dd2-f9b6-4a3e-a0da-e68289969479] INFO  o.eclipse.m2e.core.internal.Bundles - 	Entry: C:\Users\LENOVO\.p2\pool\plugins\org.eclipse.m2e.maven.runtime_3.9.700.20240602-2313\jars\maven-plugin-api-3.9.7.jar
2024-09-09 12:58:59,620 [Worker-6: Launching mavenrun-6ce75dd2-f9b6-4a3e-a0da-e68289969479] INFO  o.eclipse.m2e.core.internal.Bundles - 	Entry: C:\Users\LENOVO\.p2\pool\plugins\org.eclipse.m2e.maven.runtime_3.9.700.20240602-2313\jars\maven-repository-metadata-3.9.7.jar
2024-09-09 12:58:59,621 [Worker-6: Launching mavenrun-6ce75dd2-f9b6-4a3e-a0da-e68289969479] INFO  o.eclipse.m2e.core.internal.Bundles - 	Entry: C:\Users\LENOVO\.p2\pool\plugins\org.eclipse.m2e.maven.runtime_3.9.700.20240602-2313\jars\maven-resolver-api-1.9.20.jar
2024-09-09 12:58:59,621 [Worker-6: Launching mavenrun-6ce75dd2-f9b6-4a3e-a0da-e68289969479] INFO  o.eclipse.m2e.core.internal.Bundles - 	Entry: C:\Users\LENOVO\.p2\pool\plugins\org.eclipse.m2e.maven.runtime_3.9.700.20240602-2313\jars\maven-resolver-connector-basic-1.9.20.jar
2024-09-09 12:58:59,621 [Worker-6: Launching mavenrun-6ce75dd2-f9b6-4a3e-a0da-e68289969479] INFO  o.eclipse.m2e.core.internal.Bundles - 	Entry: C:\Users\LENOVO\.p2\pool\plugins\org.eclipse.m2e.maven.runtime_3.9.700.20240602-2313\jars\maven-resolver-impl-1.9.20.jar
2024-09-09 12:58:59,621 [Worker-6: Launching mavenrun-6ce75dd2-f9b6-4a3e-a0da-e68289969479] INFO  o.eclipse.m2e.core.internal.Bundles - 	Entry: C:\Users\LENOVO\.p2\pool\plugins\org.eclipse.m2e.maven.runtime_3.9.700.20240602-2313\jars\maven-resolver-named-locks-1.9.20.jar
2024-09-09 12:58:59,622 [Worker-6: Launching mavenrun-6ce75dd2-f9b6-4a3e-a0da-e68289969479] INFO  o.eclipse.m2e.core.internal.Bundles - 	Entry: C:\Users\LENOVO\.p2\pool\plugins\org.eclipse.m2e.maven.runtime_3.9.700.20240602-2313\jars\maven-resolver-provider-3.9.7.jar
2024-09-09 12:58:59,622 [Worker-6: Launching mavenrun-6ce75dd2-f9b6-4a3e-a0da-e68289969479] INFO  o.eclipse.m2e.core.internal.Bundles - 	Entry: C:\Users\LENOVO\.p2\pool\plugins\org.eclipse.m2e.maven.runtime_3.9.700.20240602-2313\jars\maven-resolver-spi-1.9.20.jar
2024-09-09 12:58:59,622 [Worker-6: Launching mavenrun-6ce75dd2-f9b6-4a3e-a0da-e68289969479] INFO  o.eclipse.m2e.core.internal.Bundles - 	Entry: C:\Users\LENOVO\.p2\pool\plugins\org.eclipse.m2e.maven.runtime_3.9.700.20240602-2313\jars\maven-resolver-transport-file-1.9.20.jar
2024-09-09 12:58:59,622 [Worker-6: Launching mavenrun-6ce75dd2-f9b6-4a3e-a0da-e68289969479] INFO  o.eclipse.m2e.core.internal.Bundles - 	Entry: C:\Users\LENOVO\.p2\pool\plugins\org.eclipse.m2e.maven.runtime_3.9.700.20240602-2313\jars\maven-resolver-transport-http-1.9.20.jar
2024-09-09 12:58:59,622 [Worker-6: Launching mavenrun-6ce75dd2-f9b6-4a3e-a0da-e68289969479] INFO  o.eclipse.m2e.core.internal.Bundles - 	Entry: C:\Users\LENOVO\.p2\pool\plugins\org.eclipse.m2e.maven.runtime_3.9.700.20240602-2313\jars\maven-resolver-transport-wagon-1.9.20.jar
2024-09-09 12:58:59,623 [Worker-6: Launching mavenrun-6ce75dd2-f9b6-4a3e-a0da-e68289969479] INFO  o.eclipse.m2e.core.internal.Bundles - 	Entry: C:\Users\LENOVO\.p2\pool\plugins\org.eclipse.m2e.maven.runtime_3.9.700.20240602-2313\jars\maven-resolver-util-1.9.20.jar
2024-09-09 12:58:59,623 [Worker-6: Launching mavenrun-6ce75dd2-f9b6-4a3e-a0da-e68289969479] INFO  o.eclipse.m2e.core.internal.Bundles - 	Entry: C:\Users\LENOVO\.p2\pool\plugins\org.eclipse.m2e.maven.runtime_3.9.700.20240602-2313\jars\maven-settings-3.9.7.jar
2024-09-09 12:58:59,623 [Worker-6: Launching mavenrun-6ce75dd2-f9b6-4a3e-a0da-e68289969479] INFO  o.eclipse.m2e.core.internal.Bundles - 	Entry: C:\Users\LENOVO\.p2\pool\plugins\org.eclipse.m2e.maven.runtime_3.9.700.20240602-2313\jars\maven-settings-builder-3.9.7.jar
2024-09-09 12:58:59,623 [Worker-6: Launching mavenrun-6ce75dd2-f9b6-4a3e-a0da-e68289969479] INFO  o.eclipse.m2e.core.internal.Bundles - 	Entry: C:\Users\LENOVO\.p2\pool\plugins\org.eclipse.m2e.maven.runtime_3.9.700.20240602-2313\jars\maven-shared-utils-3.4.2.jar
2024-09-09 12:58:59,623 [Worker-6: Launching mavenrun-6ce75dd2-f9b6-4a3e-a0da-e68289969479] INFO  o.eclipse.m2e.core.internal.Bundles - 	Entry: C:\Users\LENOVO\.p2\pool\plugins\org.eclipse.m2e.maven.runtime_3.9.700.20240602-2313\jars\org.eclipse.sisu.inject-0.9.0.M2.jar
2024-09-09 12:58:59,623 [Worker-6: Launching mavenrun-6ce75dd2-f9b6-4a3e-a0da-e68289969479] INFO  o.eclipse.m2e.core.internal.Bundles - 	Entry: C:\Users\LENOVO\.p2\pool\plugins\org.eclipse.m2e.maven.runtime_3.9.700.20240602-2313\jars\org.eclipse.sisu.plexus-0.9.0.M2.jar
2024-09-09 12:58:59,624 [Worker-6: Launching mavenrun-6ce75dd2-f9b6-4a3e-a0da-e68289969479] INFO  o.eclipse.m2e.core.internal.Bundles - 	Entry: C:\Users\LENOVO\.p2\pool\plugins\org.eclipse.m2e.maven.runtime_3.9.700.20240602-2313\jars\plexus-build-api-0.0.7.jar
2024-09-09 12:58:59,624 [Worker-6: Launching mavenrun-6ce75dd2-f9b6-4a3e-a0da-e68289969479] INFO  o.eclipse.m2e.core.internal.Bundles - 	Entry: C:\Users\LENOVO\.p2\pool\plugins\org.eclipse.m2e.maven.runtime_3.9.700.20240602-2313\jars\plexus-build-api-1.2.0.jar
2024-09-09 12:58:59,624 [Worker-6: Launching mavenrun-6ce75dd2-f9b6-4a3e-a0da-e68289969479] INFO  o.eclipse.m2e.core.internal.Bundles - 	Entry: C:\Users\LENOVO\.p2\pool\plugins\org.eclipse.m2e.maven.runtime_3.9.700.20240602-2313\jars\plexus-cipher-2.0.jar
2024-09-09 12:58:59,624 [Worker-6: Launching mavenrun-6ce75dd2-f9b6-4a3e-a0da-e68289969479] INFO  o.eclipse.m2e.core.internal.Bundles - 	Entry: C:\Users\LENOVO\.p2\pool\plugins\org.eclipse.m2e.maven.runtime_3.9.700.20240602-2313\jars\plexus-classworlds-2.8.0.jar
2024-09-09 12:58:59,626 [Worker-6: Launching mavenrun-6ce75dd2-f9b6-4a3e-a0da-e68289969479] INFO  o.eclipse.m2e.core.internal.Bundles - 	Entry: C:\Users\LENOVO\.p2\pool\plugins\org.eclipse.m2e.maven.runtime_3.9.700.20240602-2313\jars\plexus-component-annotations-2.1.0.jar
2024-09-09 12:58:59,627 [Worker-6: Launching mavenrun-6ce75dd2-f9b6-4a3e-a0da-e68289969479] INFO  o.eclipse.m2e.core.internal.Bundles - 	Entry: C:\Users\LENOVO\.p2\pool\plugins\org.eclipse.m2e.maven.runtime_3.9.700.20240602-2313\jars\plexus-interpolation-1.27.jar
2024-09-09 12:58:59,627 [Worker-6: Launching mavenrun-6ce75dd2-f9b6-4a3e-a0da-e68289969479] INFO  o.eclipse.m2e.core.internal.Bundles - 	Entry: C:\Users\LENOVO\.p2\pool\plugins\org.eclipse.m2e.maven.runtime_3.9.700.20240602-2313\jars\plexus-sec-dispatcher-2.0.jar
2024-09-09 12:58:59,627 [Worker-6: Launching mavenrun-6ce75dd2-f9b6-4a3e-a0da-e68289969479] INFO  o.eclipse.m2e.core.internal.Bundles - 	Entry: C:\Users\LENOVO\.p2\pool\plugins\org.eclipse.m2e.maven.runtime_3.9.700.20240602-2313\jars\plexus-utils-3.5.1.jar
2024-09-09 12:58:59,627 [Worker-6: Launching mavenrun-6ce75dd2-f9b6-4a3e-a0da-e68289969479] INFO  o.eclipse.m2e.core.internal.Bundles - 	Entry: C:\Users\LENOVO\.p2\pool\plugins\org.eclipse.m2e.maven.runtime_3.9.700.20240602-2313\jars\wagon-file-3.5.3.jar
2024-09-09 12:58:59,628 [Worker-6: Launching mavenrun-6ce75dd2-f9b6-4a3e-a0da-e68289969479] INFO  o.eclipse.m2e.core.internal.Bundles - 	Entry: C:\Users\LENOVO\.p2\pool\plugins\org.eclipse.m2e.maven.runtime_3.9.700.20240602-2313\jars\wagon-http-3.5.3.jar
2024-09-09 12:58:59,628 [Worker-6: Launching mavenrun-6ce75dd2-f9b6-4a3e-a0da-e68289969479] INFO  o.eclipse.m2e.core.internal.Bundles - 	Entry: C:\Users\LENOVO\.p2\pool\plugins\org.eclipse.m2e.maven.runtime_3.9.700.20240602-2313\jars\wagon-http-shared-3.5.3.jar
2024-09-09 12:58:59,628 [Worker-6: Launching mavenrun-6ce75dd2-f9b6-4a3e-a0da-e68289969479] INFO  o.eclipse.m2e.core.internal.Bundles - 	Entry: C:\Users\LENOVO\.p2\pool\plugins\org.eclipse.m2e.maven.runtime_3.9.700.20240602-2313\jars\wagon-provider-api-3.5.3.jar
2024-09-09 12:58:59,630 [Worker-6: Launching mavenrun-6ce75dd2-f9b6-4a3e-a0da-e68289969479] INFO  o.eclipse.m2e.core.internal.Bundles - getClasspathEntries(Bundle=com.google.guava_33.2.0.jre [16])
2024-09-09 12:58:59,631 [Worker-6: Launching mavenrun-6ce75dd2-f9b6-4a3e-a0da-e68289969479] INFO  o.eclipse.m2e.core.internal.Bundles - 	Entry: C:\Users\LENOVO\.p2\pool\plugins\com.google.guava_33.2.0.jre.jar
2024-09-09 12:58:59,631 [Worker-6: Launching mavenrun-6ce75dd2-f9b6-4a3e-a0da-e68289969479] INFO  o.eclipse.m2e.core.internal.Bundles - getClasspathEntries(Bundle=slf4j.api_2.0.16 [1009])
2024-09-09 12:58:59,631 [Worker-6: Launching mavenrun-6ce75dd2-f9b6-4a3e-a0da-e68289969479] INFO  o.eclipse.m2e.core.internal.Bundles - 	Entry: C:\Users\LENOVO\.p2\pool\plugins\slf4j.api_2.0.16.jar
2024-09-09 12:58:59,632 [Worker-6: Launching mavenrun-6ce75dd2-f9b6-4a3e-a0da-e68289969479] INFO  o.eclipse.m2e.core.internal.Bundles - getClasspathEntries(Bundle=jakarta.inject.jakarta.inject-api_1.0.5 [33])
2024-09-09 12:58:59,634 [Worker-6: Launching mavenrun-6ce75dd2-f9b6-4a3e-a0da-e68289969479] INFO  o.eclipse.m2e.core.internal.Bundles - 	Entry: C:\Users\LENOVO\.p2\pool\plugins\jakarta.inject.jakarta.inject-api_1.0.5.jar
2024-09-09 12:58:59,634 [Worker-6: Launching mavenrun-6ce75dd2-f9b6-4a3e-a0da-e68289969479] INFO  o.eclipse.m2e.core.internal.Bundles - getClasspathEntries(Bundle=javax.annotation_1.3.5.v20200909-1856 [44])
2024-09-09 12:58:59,635 [Worker-6: Launching mavenrun-6ce75dd2-f9b6-4a3e-a0da-e68289969479] INFO  o.eclipse.m2e.core.internal.Bundles - 	Entry: C:\Users\LENOVO\.p2\pool\plugins\javax.annotation_1.3.5.v20200909-1856.jar
2024-09-09 12:58:59,635 [Worker-6: Launching mavenrun-6ce75dd2-f9b6-4a3e-a0da-e68289969479] INFO  o.eclipse.m2e.core.internal.Bundles - getClasspathEntries(Bundle=org.apache.commons.cli_1.8.0 [78])
2024-09-09 12:58:59,636 [Worker-6: Launching mavenrun-6ce75dd2-f9b6-4a3e-a0da-e68289969479] INFO  o.eclipse.m2e.core.internal.Bundles - 	Entry: C:\Users\LENOVO\.p2\pool\plugins\org.apache.commons.cli_1.8.0.jar
2024-09-09 12:58:59,636 [Worker-6: Launching mavenrun-6ce75dd2-f9b6-4a3e-a0da-e68289969479] INFO  o.eclipse.m2e.core.internal.Bundles - getClasspathEntries(Bundle=org.apache.commons.commons-codec_1.16.0 [81])
2024-09-09 12:58:59,636 [Worker-6: Launching mavenrun-6ce75dd2-f9b6-4a3e-a0da-e68289969479] INFO  o.eclipse.m2e.core.internal.Bundles - 	Entry: C:\Users\LENOVO\.p2\pool\plugins\org.apache.commons.commons-codec_1.16.0.jar
2024-09-09 12:58:59,636 [Worker-6: Launching mavenrun-6ce75dd2-f9b6-4a3e-a0da-e68289969479] INFO  o.eclipse.m2e.core.internal.Bundles - getClasspathEntries(Bundle=org.apache.commons.lang3_3.14.0 [89])
2024-09-09 12:58:59,637 [Worker-6: Launching mavenrun-6ce75dd2-f9b6-4a3e-a0da-e68289969479] INFO  o.eclipse.m2e.core.internal.Bundles - 	Entry: C:\Users\LENOVO\.p2\pool\plugins\org.apache.commons.lang3_3.14.0.jar
2024-09-09 12:58:59,637 [Worker-6: Launching mavenrun-6ce75dd2-f9b6-4a3e-a0da-e68289969479] INFO  o.eclipse.m2e.core.internal.Bundles - getClasspathEntries(Bundle=com.google.guava.failureaccess_1.0.2 [17])
2024-09-09 12:58:59,637 [Worker-6: Launching mavenrun-6ce75dd2-f9b6-4a3e-a0da-e68289969479] INFO  o.eclipse.m2e.core.internal.Bundles - 	Entry: C:\Users\LENOVO\.p2\pool\plugins\com.google.guava.failureaccess_1.0.2.jar
2024-09-09 12:58:59,758 [Worker-6: Launching mavenrun-6ce75dd2-f9b6-4a3e-a0da-e68289969479] INFO  o.e.m.i.launch.MavenLaunchDelegate - Run build in "C:\Users\LENOVO\AppData\Local\Temp\m2e-archetypeGenerator13820840080750609678":
2024-09-09 12:58:59,764 [Worker-6: Launching mavenrun-6ce75dd2-f9b6-4a3e-a0da-e68289969479] INFO  o.e.m.i.launch.MavenLaunchDelegate -  mvn  -DarchetypeGroupId=org.apache.maven.archetypes -DarchetypeArtifactId=maven-archetype-quickstart -DarchetypeVersion=1.4 -DgroupId=jdbc1 -DartifactId=jdbc1 -Dversion=0.0.1-SNAPSHOT -Dpackage=com.demo -DoutputDirectory=D:\java\eclipse\Jdbc -B -Dstyle.color=always -U archetype:generate
2024-09-09 12:59:17,474 [Worker-3: Creating maven-archetype-quickstart] INFO  o.e.m.c.i.p.ProjectConfigurationManager - Collecting project info '/pom.xml' D:\java\eclipse\Jdbc\jdbc1\pom.xml
2024-09-09 12:59:24,261 [Worker-3: Creating maven-archetype-quickstart] INFO  o.e.m.c.i.l.LifecycleMappingFactory - Using org.eclipse.m2e.jdt.JarLifecycleMapping lifecycle mapping for MavenProject: jdbc1:jdbc1:0.0.1-SNAPSHOT @ D:\java\eclipse\Jdbc\jdbc1\pom.xml.
2024-09-09 12:59:28,019 [Worker-3: Creating maven-archetype-quickstart] INFO  o.e.m.j.i.AbstractJavaProjectConfigurator - Adding source folder /jdbc1/src/main/java
2024-09-09 12:59:28,026 [Worker-3: Creating maven-archetype-quickstart] INFO  o.e.m.j.i.AbstractJavaProjectConfigurator - Adding resource folder /jdbc1/src/main/resources
2024-09-09 12:59:28,048 [Worker-3: Creating maven-archetype-quickstart] INFO  o.e.m.j.i.AbstractJavaProjectConfigurator - Adding source folder /jdbc1/src/test/java
2024-09-09 12:59:28,051 [Worker-3: Creating maven-archetype-quickstart] INFO  o.e.m.j.i.AbstractJavaProjectConfigurator - Adding resource folder /jdbc1/src/test/resources
2024-09-09 12:59:29,133 [Worker-3: Creating maven-archetype-quickstart] INFO  o.e.m.c.i.p.ProjectConfigurationManager - Imported and configured 1 project(s) in 11 sec
2024-09-09 12:59:30,977 [Worker-12: Building] INFO  o.e.m.c.i.embedder.EclipseLogger - Using 'UTF-8' encoding to copy filtered resources.
2024-09-09 12:59:30,978 [Worker-12: Building] INFO  o.e.m.c.i.embedder.EclipseLogger - skip non existing resourceDirectory D:\java\eclipse\Jdbc\jdbc1\src\main\resources
2024-09-09 12:59:30,984 [Worker-12: Building] INFO  o.e.m.c.i.embedder.EclipseLogger - Using 'UTF-8' encoding to copy filtered resources.
2024-09-09 12:59:30,985 [Worker-12: Building] INFO  o.e.m.c.i.embedder.EclipseLogger - skip non existing resourceDirectory D:\java\eclipse\Jdbc\jdbc1\src\test\resources
2024-09-09 13:00:57,827 [Worker-6: Launching App] INFO  o.e.m.c.i.embedder.EclipseLogger - Using 'UTF-8' encoding to copy filtered resources.
2024-09-09 13:00:57,828 [Worker-6: Launching App] INFO  o.e.m.c.i.embedder.EclipseLogger - skip non existing resourceDirectory D:\java\eclipse\Jdbc\jdbc1\src\main\resources
2024-09-09 13:00:57,834 [Worker-6: Launching App] INFO  o.e.m.c.i.embedder.EclipseLogger - Using 'UTF-8' encoding to copy filtered resources.
2024-09-09 13:00:57,834 [Worker-6: Launching App] INFO  o.e.m.c.i.embedder.EclipseLogger - skip non existing resourceDirectory D:\java\eclipse\Jdbc\jdbc1\src\test\resources
2024-09-09 13:08:40,975 [Worker-15: Building] INFO  o.e.m.c.i.l.LifecycleMappingFactory - Using org.eclipse.m2e.jdt.JarLifecycleMapping lifecycle mapping for MavenProject: jdbc1:jdbc1:0.0.1-SNAPSHOT @ D:\java\eclipse\Jdbc\jdbc1\pom.xml.
2024-09-09 13:08:41,339 [Worker-15: Building] INFO  o.e.m.c.i.embedder.EclipseLogger - Using 'UTF-8' encoding to copy filtered resources.
2024-09-09 13:08:41,339 [Worker-15: Building] INFO  o.e.m.c.i.embedder.EclipseLogger - skip non existing resourceDirectory D:\java\eclipse\Jdbc\jdbc1\src\main\resources
2024-09-09 13:08:41,344 [Worker-15: Building] INFO  o.e.m.c.i.embedder.EclipseLogger - Using 'UTF-8' encoding to copy filtered resources.
2024-09-09 13:08:41,344 [Worker-15: Building] INFO  o.e.m.c.i.embedder.EclipseLogger - skip non existing resourceDirectory D:\java\eclipse\Jdbc\jdbc1\src\test\resources
2024-09-09 13:08:42,658 [Worker-12: Building] INFO  o.e.m.c.i.embedder.EclipseLogger - Using 'UTF-8' encoding to copy filtered resources.
2024-09-09 13:08:42,658 [Worker-12: Building] INFO  o.e.m.c.i.embedder.EclipseLogger - skip non existing resourceDirectory D:\java\eclipse\Jdbc\jdbc1\src\main\resources
2024-09-09 13:08:42,660 [Worker-12: Building] INFO  o.e.m.c.i.embedder.EclipseLogger - Using 'UTF-8' encoding to copy filtered resources.
2024-09-09 13:08:42,661 [Worker-12: Building] INFO  o.e.m.c.i.embedder.EclipseLogger - skip non existing resourceDirectory D:\java\eclipse\Jdbc\jdbc1\src\test\resources
2024-09-09 13:16:15,276 [Worker-18: Building] INFO  o.e.m.c.i.embedder.EclipseLogger - Using 'UTF-8' encoding to copy filtered resources.
2024-09-09 13:16:15,276 [Worker-18: Building] INFO  o.e.m.c.i.embedder.EclipseLogger - skip non existing resourceDirectory D:\java\eclipse\Jdbc\jdbc1\src\main\resources
2024-09-09 13:16:15,280 [Worker-18: Building] INFO  o.e.m.c.i.embedder.EclipseLogger - Using 'UTF-8' encoding to copy filtered resources.
2024-09-09 13:16:15,280 [Worker-18: Building] INFO  o.e.m.c.i.embedder.EclipseLogger - skip non existing resourceDirectory D:\java\eclipse\Jdbc\jdbc1\src\test\resources
2024-09-09 13:39:35,072 [Worker-25: Launching App] INFO  o.e.m.c.i.embedder.EclipseLogger - Using 'UTF-8' encoding to copy filtered resources.
2024-09-09 13:39:35,073 [Worker-25: Launching App] INFO  o.e.m.c.i.embedder.EclipseLogger - skip non existing resourceDirectory D:\java\eclipse\Jdbc\jdbc1\src\main\resources
2024-09-09 13:39:35,075 [Worker-25: Launching App] INFO  o.e.m.c.i.embedder.EclipseLogger - Using 'UTF-8' encoding to copy filtered resources.
2024-09-09 13:39:35,076 [Worker-25: Launching App] INFO  o.e.m.c.i.embedder.EclipseLogger - skip non existing resourceDirectory D:\java\eclipse\Jdbc\jdbc1\src\test\resources
2024-09-09 16:52:12,210 [Worker-1: Loading available Gradle versions] INFO  o.e.b.c.i.u.g.PublishedGradleVersions - Gradle version information cache is up-to-date. Trying to read.
2024-09-09 17:32:19,148 [Worker-15: Building] INFO  o.e.m.c.i.embedder.EclipseLogger - Using 'UTF-8' encoding to copy filtered resources.
2024-09-09 17:32:19,151 [Worker-15: Building] INFO  o.e.m.c.i.embedder.EclipseLogger - skip non existing resourceDirectory D:\java\eclipse\Jdbc\jdbc1\src\main\resources
2024-09-09 17:32:19,161 [Worker-15: Building] INFO  o.e.m.c.i.embedder.EclipseLogger - Using 'UTF-8' encoding to copy filtered resources.
2024-09-09 17:32:19,161 [Worker-15: Building] INFO  o.e.m.c.i.embedder.EclipseLogger - skip non existing resourceDirectory D:\java\eclipse\Jdbc\jdbc1\src\test\resources
2024-09-09 17:39:43,793 [Worker-22: Building] INFO  o.e.m.c.i.embedder.EclipseLogger - Using 'UTF-8' encoding to copy filtered resources.
2024-09-09 17:39:43,794 [Worker-22: Building] INFO  o.e.m.c.i.embedder.EclipseLogger - skip non existing resourceDirectory D:\java\eclipse\Jdbc\jdbc1\src\main\resources
2024-09-09 17:39:43,801 [Worker-22: Building] INFO  o.e.m.c.i.embedder.EclipseLogger - Using 'UTF-8' encoding to copy filtered resources.
2024-09-09 17:39:43,802 [Worker-22: Building] INFO  o.e.m.c.i.embedder.EclipseLogger - skip non existing resourceDirectory D:\java\eclipse\Jdbc\jdbc1\src\test\resources
2024-09-09 17:40:13,166 [Worker-24: Building] INFO  o.e.m.c.i.embedder.EclipseLogger - Using 'UTF-8' encoding to copy filtered resources.
2024-09-09 17:40:13,167 [Worker-24: Building] INFO  o.e.m.c.i.embedder.EclipseLogger - skip non existing resourceDirectory D:\java\eclipse\Jdbc\jdbc1\src\main\resources
2024-09-09 17:40:13,171 [Worker-24: Building] INFO  o.e.m.c.i.embedder.EclipseLogger - Using 'UTF-8' encoding to copy filtered resources.
2024-09-09 17:40:13,171 [Worker-24: Building] INFO  o.e.m.c.i.embedder.EclipseLogger - skip non existing resourceDirectory D:\java\eclipse\Jdbc\jdbc1\src\test\resources
2024-09-10 10:42:53,410 [Worker-1: Loading available Gradle versions] INFO  o.e.b.c.i.u.g.PublishedGradleVersions - Gradle version information cache is up-to-date. Trying to read.
2024-09-10 10:48:02,783 [Worker-15: Building] INFO  o.e.m.c.i.embedder.EclipseLogger - Using 'UTF-8' encoding to copy filtered resources.
2024-09-10 10:48:02,787 [Worker-15: Building] INFO  o.e.m.c.i.embedder.EclipseLogger - skip non existing resourceDirectory D:\java\eclipse\Jdbc\jdbc1\src\main\resources
2024-09-10 10:48:02,798 [Worker-15: Building] INFO  o.e.m.c.i.embedder.EclipseLogger - Using 'UTF-8' encoding to copy filtered resources.
2024-09-10 10:48:02,798 [Worker-15: Building] INFO  o.e.m.c.i.embedder.EclipseLogger - skip non existing resourceDirectory D:\java\eclipse\Jdbc\jdbc1\src\test\resources
2024-09-10 10:49:34,080 [Worker-13: Launching App] INFO  o.e.m.c.i.embedder.EclipseLogger - Using 'UTF-8' encoding to copy filtered resources.
2024-09-10 10:49:34,081 [Worker-13: Launching App] INFO  o.e.m.c.i.embedder.EclipseLogger - skip non existing resourceDirectory D:\java\eclipse\Jdbc\jdbc1\src\main\resources
2024-09-10 10:49:34,090 [Worker-13: Launching App] INFO  o.e.m.c.i.embedder.EclipseLogger - Using 'UTF-8' encoding to copy filtered resources.
2024-09-10 10:49:34,090 [Worker-13: Launching App] INFO  o.e.m.c.i.embedder.EclipseLogger - skip non existing resourceDirectory D:\java\eclipse\Jdbc\jdbc1\src\test\resources
2024-09-10 10:50:47,398 [Worker-17: Updating Maven Dependencies] ERROR o.e.m.j.i.l.MavenLaunchConfigurationListener - Launch configuration App references closed project jdbc1
org.eclipse.core.runtime.CoreException: Launch configuration App references closed project jdbc1
	at org.eclipse.jdt.launching.JavaRuntime.abort(JavaRuntime.java:1867)
	at org.eclipse.jdt.launching.JavaRuntime.getJavaProject(JavaRuntime.java:1741)
	at org.eclipse.m2e.jdt.internal.launch.MavenLaunchConfigurationListener.updateLaunchConfiguration(MavenLaunchConfigurationListener.java:64)
	at org.eclipse.m2e.jdt.internal.launch.MavenLaunchConfigurationListener.launchConfigurationChanged(MavenLaunchConfigurationListener.java:50)
	at org.eclipse.debug.internal.core.LaunchManager$ConfigurationNotifier.run(LaunchManager.java:220)
	at org.eclipse.core.runtime.SafeRunner.run(SafeRunner.java:47)
	at org.eclipse.debug.internal.core.LaunchManager$ConfigurationNotifier.notify(LaunchManager.java:204)
	at org.eclipse.debug.internal.core.LaunchConfigurationWorkingCopy.setDirty(LaunchConfigurationWorkingCopy.java:527)
	at org.eclipse.debug.internal.core.LaunchConfigurationWorkingCopy.setAttribute(LaunchConfigurationWorkingCopy.java:415)
	at org.eclipse.m2e.jdt.internal.launch.MavenRuntimeClasspathProvider.disable(MavenRuntimeClasspathProvider.java:409)
	at org.eclipse.m2e.jdt.internal.launch.MavenRuntimeClasspathProvider.disable(MavenRuntimeClasspathProvider.java:435)
	at org.eclipse.m2e.jdt.internal.launch.MavenLaunchConfigurationListener.mavenProjectChanged(MavenLaunchConfigurationListener.java:135)
	at org.eclipse.m2e.core.internal.project.registry.ProjectRegistryManager.notifyProjectChangeListeners(ProjectRegistryManager.java:892)
	at org.eclipse.m2e.core.internal.project.registry.ProjectRegistryManager.applyMutableProjectRegistry(ProjectRegistryManager.java:1042)
	at org.eclipse.m2e.core.internal.project.registry.ProjectRegistryRefreshJob.lambda$0(ProjectRegistryRefreshJob.java:162)
	at org.eclipse.m2e.core.internal.embedder.MavenExecutionContext.executeBare(MavenExecutionContext.java:458)
	at org.eclipse.m2e.core.internal.embedder.MavenExecutionContext.execute(MavenExecutionContext.java:339)
	at org.eclipse.m2e.core.internal.embedder.MavenExecutionContext.execute(MavenExecutionContext.java:278)
	at org.eclipse.m2e.core.internal.project.registry.ProjectRegistryRefreshJob.run(ProjectRegistryRefreshJob.java:106)
	at org.eclipse.core.internal.jobs.Worker.run(Worker.java:63)
2024-09-10 10:50:47,409 [Worker-17: Updating Maven Dependencies] ERROR o.e.m.j.i.l.MavenLaunchConfigurationListener - Launch configuration App references closed project jdbc1
org.eclipse.core.runtime.CoreException: Launch configuration App references closed project jdbc1
	at org.eclipse.jdt.launching.JavaRuntime.abort(JavaRuntime.java:1867)
	at org.eclipse.jdt.launching.JavaRuntime.getJavaProject(JavaRuntime.java:1741)
	at org.eclipse.m2e.jdt.internal.launch.MavenLaunchConfigurationListener.updateLaunchConfiguration(MavenLaunchConfigurationListener.java:64)
	at org.eclipse.m2e.jdt.internal.launch.MavenLaunchConfigurationListener.launchConfigurationChanged(MavenLaunchConfigurationListener.java:50)
	at org.eclipse.debug.internal.core.LaunchManager$ConfigurationNotifier.run(LaunchManager.java:220)
	at org.eclipse.core.runtime.SafeRunner.run(SafeRunner.java:47)
	at org.eclipse.debug.internal.core.LaunchManager$ConfigurationNotifier.notify(LaunchManager.java:204)
	at org.eclipse.debug.internal.core.LaunchConfigurationWorkingCopy.setDirty(LaunchConfigurationWorkingCopy.java:527)
	at org.eclipse.debug.internal.core.LaunchConfigurationWorkingCopy.setAttribute(LaunchConfigurationWorkingCopy.java:415)
	at org.eclipse.m2e.jdt.internal.launch.MavenRuntimeClasspathProvider.disable(MavenRuntimeClasspathProvider.java:410)
	at org.eclipse.m2e.jdt.internal.launch.MavenRuntimeClasspathProvider.disable(MavenRuntimeClasspathProvider.java:435)
	at org.eclipse.m2e.jdt.internal.launch.MavenLaunchConfigurationListener.mavenProjectChanged(MavenLaunchConfigurationListener.java:135)
	at org.eclipse.m2e.core.internal.project.registry.ProjectRegistryManager.notifyProjectChangeListeners(ProjectRegistryManager.java:892)
	at org.eclipse.m2e.core.internal.project.registry.ProjectRegistryManager.applyMutableProjectRegistry(ProjectRegistryManager.java:1042)
	at org.eclipse.m2e.core.internal.project.registry.ProjectRegistryRefreshJob.lambda$0(ProjectRegistryRefreshJob.java:162)
	at org.eclipse.m2e.core.internal.embedder.MavenExecutionContext.executeBare(MavenExecutionContext.java:458)
	at org.eclipse.m2e.core.internal.embedder.MavenExecutionContext.execute(MavenExecutionContext.java:339)
	at org.eclipse.m2e.core.internal.embedder.MavenExecutionContext.execute(MavenExecutionContext.java:278)
	at org.eclipse.m2e.core.internal.project.registry.ProjectRegistryRefreshJob.run(ProjectRegistryRefreshJob.java:106)
	at org.eclipse.core.internal.jobs.Worker.run(Worker.java:63)
2024-09-10 10:50:47,430 [Worker-17: Updating Maven Dependencies] ERROR o.e.m.j.i.l.MavenLaunchConfigurationListener - Launch configuration App references closed project jdbc1
org.eclipse.core.runtime.CoreException: Launch configuration App references closed project jdbc1
	at org.eclipse.jdt.launching.JavaRuntime.abort(JavaRuntime.java:1867)
	at org.eclipse.jdt.launching.JavaRuntime.getJavaProject(JavaRuntime.java:1741)
	at org.eclipse.m2e.jdt.internal.launch.MavenLaunchConfigurationListener.updateLaunchConfiguration(MavenLaunchConfigurationListener.java:64)
	at org.eclipse.m2e.jdt.internal.launch.MavenLaunchConfigurationListener.launchConfigurationChanged(MavenLaunchConfigurationListener.java:50)
	at org.eclipse.debug.internal.core.LaunchManager$ConfigurationNotifier.run(LaunchManager.java:220)
	at org.eclipse.core.runtime.SafeRunner.run(SafeRunner.java:47)
	at org.eclipse.debug.internal.core.LaunchManager$ConfigurationNotifier.notify(LaunchManager.java:204)
	at org.eclipse.debug.internal.core.LaunchManager.launchConfigurationChanged(LaunchManager.java:2010)
	at org.eclipse.debug.internal.core.LaunchConfigurationWorkingCopy.writeNewFile(LaunchConfigurationWorkingCopy.java:380)
	at org.eclipse.debug.internal.core.LaunchConfigurationWorkingCopy.doSave0(LaunchConfigurationWorkingCopy.java:259)
	at org.eclipse.debug.internal.core.LaunchConfigurationWorkingCopy.doSave(LaunchConfigurationWorkingCopy.java:229)
	at org.eclipse.debug.internal.core.LaunchConfigurationWorkingCopy.doSave(LaunchConfigurationWorkingCopy.java:187)
	at org.eclipse.m2e.jdt.internal.launch.MavenRuntimeClasspathProvider.disable(MavenRuntimeClasspathProvider.java:411)
	at org.eclipse.m2e.jdt.internal.launch.MavenRuntimeClasspathProvider.disable(MavenRuntimeClasspathProvider.java:435)
	at org.eclipse.m2e.jdt.internal.launch.MavenLaunchConfigurationListener.mavenProjectChanged(MavenLaunchConfigurationListener.java:135)
	at org.eclipse.m2e.core.internal.project.registry.ProjectRegistryManager.notifyProjectChangeListeners(ProjectRegistryManager.java:892)
	at org.eclipse.m2e.core.internal.project.registry.ProjectRegistryManager.applyMutableProjectRegistry(ProjectRegistryManager.java:1042)
	at org.eclipse.m2e.core.internal.project.registry.ProjectRegistryRefreshJob.lambda$0(ProjectRegistryRefreshJob.java:162)
	at org.eclipse.m2e.core.internal.embedder.MavenExecutionContext.executeBare(MavenExecutionContext.java:458)
	at org.eclipse.m2e.core.internal.embedder.MavenExecutionContext.execute(MavenExecutionContext.java:339)
	at org.eclipse.m2e.core.internal.embedder.MavenExecutionContext.execute(MavenExecutionContext.java:278)
	at org.eclipse.m2e.core.internal.project.registry.ProjectRegistryRefreshJob.run(ProjectRegistryRefreshJob.java:106)
	at org.eclipse.core.internal.jobs.Worker.run(Worker.java:63)
2024-09-10 10:52:40,570 [Worker-8: Launching mavenrun-752f26c6-5ff2-4427-b704-17346687b639] INFO  o.eclipse.m2e.core.internal.Bundles - getClasspathEntries(Bundle=org.eclipse.m2e.maven.runtime_3.9.700.20240602-2313 [644])
2024-09-10 10:52:40,575 [Worker-8: Launching mavenrun-752f26c6-5ff2-4427-b704-17346687b639] INFO  o.eclipse.m2e.core.internal.Bundles - 	Entry: C:\Users\LENOVO\.p2\pool\plugins\org.eclipse.m2e.maven.runtime_3.9.700.20240602-2313
2024-09-10 10:52:40,576 [Worker-8: Launching mavenrun-752f26c6-5ff2-4427-b704-17346687b639] INFO  o.eclipse.m2e.core.internal.Bundles - 	Entry: C:\Users\LENOVO\.p2\pool\plugins\org.eclipse.m2e.maven.runtime_3.9.700.20240602-2313\jars\aopalliance-1.0.jar
2024-09-10 10:52:40,576 [Worker-8: Launching mavenrun-752f26c6-5ff2-4427-b704-17346687b639] INFO  o.eclipse.m2e.core.internal.Bundles - 	Entry: C:\Users\LENOVO\.p2\pool\plugins\org.eclipse.m2e.maven.runtime_3.9.700.20240602-2313\jars\guice-5.1.0.jar
2024-09-10 10:52:40,577 [Worker-8: Launching mavenrun-752f26c6-5ff2-4427-b704-17346687b639] INFO  o.eclipse.m2e.core.internal.Bundles - 	Entry: C:\Users\LENOVO\.p2\pool\plugins\org.eclipse.m2e.maven.runtime_3.9.700.20240602-2313\jars\httpclient-4.5.14.jar
2024-09-10 10:52:40,577 [Worker-8: Launching mavenrun-752f26c6-5ff2-4427-b704-17346687b639] INFO  o.eclipse.m2e.core.internal.Bundles - 	Entry: C:\Users\LENOVO\.p2\pool\plugins\org.eclipse.m2e.maven.runtime_3.9.700.20240602-2313\jars\httpcore-4.4.16.jar
2024-09-10 10:52:40,577 [Worker-8: Launching mavenrun-752f26c6-5ff2-4427-b704-17346687b639] INFO  o.eclipse.m2e.core.internal.Bundles - 	Entry: C:\Users\LENOVO\.p2\pool\plugins\org.eclipse.m2e.maven.runtime_3.9.700.20240602-2313\jars\jansi-2.4.1.jar
2024-09-10 10:52:40,578 [Worker-8: Launching mavenrun-752f26c6-5ff2-4427-b704-17346687b639] INFO  o.eclipse.m2e.core.internal.Bundles - 	Entry: C:\Users\LENOVO\.p2\pool\plugins\org.eclipse.m2e.maven.runtime_3.9.700.20240602-2313\jars\jcl-over-slf4j-1.7.36.jar
2024-09-10 10:52:40,578 [Worker-8: Launching mavenrun-752f26c6-5ff2-4427-b704-17346687b639] INFO  o.eclipse.m2e.core.internal.Bundles - 	Entry: C:\Users\LENOVO\.p2\pool\plugins\org.eclipse.m2e.maven.runtime_3.9.700.20240602-2313\jars\maven-artifact-3.9.7.jar
2024-09-10 10:52:40,578 [Worker-8: Launching mavenrun-752f26c6-5ff2-4427-b704-17346687b639] INFO  o.eclipse.m2e.core.internal.Bundles - 	Entry: C:\Users\LENOVO\.p2\pool\plugins\org.eclipse.m2e.maven.runtime_3.9.700.20240602-2313\jars\maven-builder-support-3.9.7.jar
2024-09-10 10:52:40,578 [Worker-8: Launching mavenrun-752f26c6-5ff2-4427-b704-17346687b639] INFO  o.eclipse.m2e.core.internal.Bundles - 	Entry: C:\Users\LENOVO\.p2\pool\plugins\org.eclipse.m2e.maven.runtime_3.9.700.20240602-2313\jars\maven-compat-3.9.7.jar
2024-09-10 10:52:40,578 [Worker-8: Launching mavenrun-752f26c6-5ff2-4427-b704-17346687b639] INFO  o.eclipse.m2e.core.internal.Bundles - 	Entry: C:\Users\LENOVO\.p2\pool\plugins\org.eclipse.m2e.maven.runtime_3.9.700.20240602-2313\jars\maven-core-3.9.7.jar
2024-09-10 10:52:40,580 [Worker-8: Launching mavenrun-752f26c6-5ff2-4427-b704-17346687b639] INFO  o.eclipse.m2e.core.internal.Bundles - 	Entry: C:\Users\LENOVO\.p2\pool\plugins\org.eclipse.m2e.maven.runtime_3.9.700.20240602-2313\jars\maven-embedder-3.9.7.jar
2024-09-10 10:52:40,580 [Worker-8: Launching mavenrun-752f26c6-5ff2-4427-b704-17346687b639] INFO  o.eclipse.m2e.core.internal.Bundles - 	Entry: C:\Users\LENOVO\.p2\pool\plugins\org.eclipse.m2e.maven.runtime_3.9.700.20240602-2313\jars\maven-model-3.9.7.jar
2024-09-10 10:52:40,580 [Worker-8: Launching mavenrun-752f26c6-5ff2-4427-b704-17346687b639] INFO  o.eclipse.m2e.core.internal.Bundles - 	Entry: C:\Users\LENOVO\.p2\pool\plugins\org.eclipse.m2e.maven.runtime_3.9.700.20240602-2313\jars\maven-model-builder-3.9.7.jar
2024-09-10 10:52:40,580 [Worker-8: Launching mavenrun-752f26c6-5ff2-4427-b704-17346687b639] INFO  o.eclipse.m2e.core.internal.Bundles - 	Entry: C:\Users\LENOVO\.p2\pool\plugins\org.eclipse.m2e.maven.runtime_3.9.700.20240602-2313\jars\maven-plugin-api-3.9.7.jar
2024-09-10 10:52:40,580 [Worker-8: Launching mavenrun-752f26c6-5ff2-4427-b704-17346687b639] INFO  o.eclipse.m2e.core.internal.Bundles - 	Entry: C:\Users\LENOVO\.p2\pool\plugins\org.eclipse.m2e.maven.runtime_3.9.700.20240602-2313\jars\maven-repository-metadata-3.9.7.jar
2024-09-10 10:52:40,580 [Worker-8: Launching mavenrun-752f26c6-5ff2-4427-b704-17346687b639] INFO  o.eclipse.m2e.core.internal.Bundles - 	Entry: C:\Users\LENOVO\.p2\pool\plugins\org.eclipse.m2e.maven.runtime_3.9.700.20240602-2313\jars\maven-resolver-api-1.9.20.jar
2024-09-10 10:52:40,581 [Worker-8: Launching mavenrun-752f26c6-5ff2-4427-b704-17346687b639] INFO  o.eclipse.m2e.core.internal.Bundles - 	Entry: C:\Users\LENOVO\.p2\pool\plugins\org.eclipse.m2e.maven.runtime_3.9.700.20240602-2313\jars\maven-resolver-connector-basic-1.9.20.jar
2024-09-10 10:52:40,582 [Worker-8: Launching mavenrun-752f26c6-5ff2-4427-b704-17346687b639] INFO  o.eclipse.m2e.core.internal.Bundles - 	Entry: C:\Users\LENOVO\.p2\pool\plugins\org.eclipse.m2e.maven.runtime_3.9.700.20240602-2313\jars\maven-resolver-impl-1.9.20.jar
2024-09-10 10:52:40,582 [Worker-8: Launching mavenrun-752f26c6-5ff2-4427-b704-17346687b639] INFO  o.eclipse.m2e.core.internal.Bundles - 	Entry: C:\Users\LENOVO\.p2\pool\plugins\org.eclipse.m2e.maven.runtime_3.9.700.20240602-2313\jars\maven-resolver-named-locks-1.9.20.jar
2024-09-10 10:52:40,583 [Worker-8: Launching mavenrun-752f26c6-5ff2-4427-b704-17346687b639] INFO  o.eclipse.m2e.core.internal.Bundles - 	Entry: C:\Users\LENOVO\.p2\pool\plugins\org.eclipse.m2e.maven.runtime_3.9.700.20240602-2313\jars\maven-resolver-provider-3.9.7.jar
2024-09-10 10:52:40,584 [Worker-8: Launching mavenrun-752f26c6-5ff2-4427-b704-17346687b639] INFO  o.eclipse.m2e.core.internal.Bundles - 	Entry: C:\Users\LENOVO\.p2\pool\plugins\org.eclipse.m2e.maven.runtime_3.9.700.20240602-2313\jars\maven-resolver-spi-1.9.20.jar
2024-09-10 10:52:40,585 [Worker-8: Launching mavenrun-752f26c6-5ff2-4427-b704-17346687b639] INFO  o.eclipse.m2e.core.internal.Bundles - 	Entry: C:\Users\LENOVO\.p2\pool\plugins\org.eclipse.m2e.maven.runtime_3.9.700.20240602-2313\jars\maven-resolver-transport-file-1.9.20.jar
2024-09-10 10:52:40,586 [Worker-8: Launching mavenrun-752f26c6-5ff2-4427-b704-17346687b639] INFO  o.eclipse.m2e.core.internal.Bundles - 	Entry: C:\Users\LENOVO\.p2\pool\plugins\org.eclipse.m2e.maven.runtime_3.9.700.20240602-2313\jars\maven-resolver-transport-http-1.9.20.jar
2024-09-10 10:52:40,587 [Worker-8: Launching mavenrun-752f26c6-5ff2-4427-b704-17346687b639] INFO  o.eclipse.m2e.core.internal.Bundles - 	Entry: C:\Users\LENOVO\.p2\pool\plugins\org.eclipse.m2e.maven.runtime_3.9.700.20240602-2313\jars\maven-resolver-transport-wagon-1.9.20.jar
2024-09-10 10:52:40,588 [Worker-8: Launching mavenrun-752f26c6-5ff2-4427-b704-17346687b639] INFO  o.eclipse.m2e.core.internal.Bundles - 	Entry: C:\Users\LENOVO\.p2\pool\plugins\org.eclipse.m2e.maven.runtime_3.9.700.20240602-2313\jars\maven-resolver-util-1.9.20.jar
2024-09-10 10:52:40,588 [Worker-8: Launching mavenrun-752f26c6-5ff2-4427-b704-17346687b639] INFO  o.eclipse.m2e.core.internal.Bundles - 	Entry: C:\Users\LENOVO\.p2\pool\plugins\org.eclipse.m2e.maven.runtime_3.9.700.20240602-2313\jars\maven-settings-3.9.7.jar
2024-09-10 10:52:40,588 [Worker-8: Launching mavenrun-752f26c6-5ff2-4427-b704-17346687b639] INFO  o.eclipse.m2e.core.internal.Bundles - 	Entry: C:\Users\LENOVO\.p2\pool\plugins\org.eclipse.m2e.maven.runtime_3.9.700.20240602-2313\jars\maven-settings-builder-3.9.7.jar
2024-09-10 10:52:40,589 [Worker-8: Launching mavenrun-752f26c6-5ff2-4427-b704-17346687b639] INFO  o.eclipse.m2e.core.internal.Bundles - 	Entry: C:\Users\LENOVO\.p2\pool\plugins\org.eclipse.m2e.maven.runtime_3.9.700.20240602-2313\jars\maven-shared-utils-3.4.2.jar
2024-09-10 10:52:40,590 [Worker-8: Launching mavenrun-752f26c6-5ff2-4427-b704-17346687b639] INFO  o.eclipse.m2e.core.internal.Bundles - 	Entry: C:\Users\LENOVO\.p2\pool\plugins\org.eclipse.m2e.maven.runtime_3.9.700.20240602-2313\jars\org.eclipse.sisu.inject-0.9.0.M2.jar
2024-09-10 10:52:40,590 [Worker-8: Launching mavenrun-752f26c6-5ff2-4427-b704-17346687b639] INFO  o.eclipse.m2e.core.internal.Bundles - 	Entry: C:\Users\LENOVO\.p2\pool\plugins\org.eclipse.m2e.maven.runtime_3.9.700.20240602-2313\jars\org.eclipse.sisu.plexus-0.9.0.M2.jar
2024-09-10 10:52:40,590 [Worker-8: Launching mavenrun-752f26c6-5ff2-4427-b704-17346687b639] INFO  o.eclipse.m2e.core.internal.Bundles - 	Entry: C:\Users\LENOVO\.p2\pool\plugins\org.eclipse.m2e.maven.runtime_3.9.700.20240602-2313\jars\plexus-build-api-0.0.7.jar
2024-09-10 10:52:40,591 [Worker-8: Launching mavenrun-752f26c6-5ff2-4427-b704-17346687b639] INFO  o.eclipse.m2e.core.internal.Bundles - 	Entry: C:\Users\LENOVO\.p2\pool\plugins\org.eclipse.m2e.maven.runtime_3.9.700.20240602-2313\jars\plexus-build-api-1.2.0.jar
2024-09-10 10:52:40,592 [Worker-8: Launching mavenrun-752f26c6-5ff2-4427-b704-17346687b639] INFO  o.eclipse.m2e.core.internal.Bundles - 	Entry: C:\Users\LENOVO\.p2\pool\plugins\org.eclipse.m2e.maven.runtime_3.9.700.20240602-2313\jars\plexus-cipher-2.0.jar
2024-09-10 10:52:40,592 [Worker-8: Launching mavenrun-752f26c6-5ff2-4427-b704-17346687b639] INFO  o.eclipse.m2e.core.internal.Bundles - 	Entry: C:\Users\LENOVO\.p2\pool\plugins\org.eclipse.m2e.maven.runtime_3.9.700.20240602-2313\jars\plexus-classworlds-2.8.0.jar
2024-09-10 10:52:40,592 [Worker-8: Launching mavenrun-752f26c6-5ff2-4427-b704-17346687b639] INFO  o.eclipse.m2e.core.internal.Bundles - 	Entry: C:\Users\LENOVO\.p2\pool\plugins\org.eclipse.m2e.maven.runtime_3.9.700.20240602-2313\jars\plexus-component-annotations-2.1.0.jar
2024-09-10 10:52:40,592 [Worker-8: Launching mavenrun-752f26c6-5ff2-4427-b704-17346687b639] INFO  o.eclipse.m2e.core.internal.Bundles - 	Entry: C:\Users\LENOVO\.p2\pool\plugins\org.eclipse.m2e.maven.runtime_3.9.700.20240602-2313\jars\plexus-interpolation-1.27.jar
2024-09-10 10:52:40,592 [Worker-8: Launching mavenrun-752f26c6-5ff2-4427-b704-17346687b639] INFO  o.eclipse.m2e.core.internal.Bundles - 	Entry: C:\Users\LENOVO\.p2\pool\plugins\org.eclipse.m2e.maven.runtime_3.9.700.20240602-2313\jars\plexus-sec-dispatcher-2.0.jar
2024-09-10 10:52:40,594 [Worker-8: Launching mavenrun-752f26c6-5ff2-4427-b704-17346687b639] INFO  o.eclipse.m2e.core.internal.Bundles - 	Entry: C:\Users\LENOVO\.p2\pool\plugins\org.eclipse.m2e.maven.runtime_3.9.700.20240602-2313\jars\plexus-utils-3.5.1.jar
2024-09-10 10:52:40,594 [Worker-8: Launching mavenrun-752f26c6-5ff2-4427-b704-17346687b639] INFO  o.eclipse.m2e.core.internal.Bundles - 	Entry: C:\Users\LENOVO\.p2\pool\plugins\org.eclipse.m2e.maven.runtime_3.9.700.20240602-2313\jars\wagon-file-3.5.3.jar
2024-09-10 10:52:40,594 [Worker-8: Launching mavenrun-752f26c6-5ff2-4427-b704-17346687b639] INFO  o.eclipse.m2e.core.internal.Bundles - 	Entry: C:\Users\LENOVO\.p2\pool\plugins\org.eclipse.m2e.maven.runtime_3.9.700.20240602-2313\jars\wagon-http-3.5.3.jar
2024-09-10 10:52:40,595 [Worker-8: Launching mavenrun-752f26c6-5ff2-4427-b704-17346687b639] INFO  o.eclipse.m2e.core.internal.Bundles - 	Entry: C:\Users\LENOVO\.p2\pool\plugins\org.eclipse.m2e.maven.runtime_3.9.700.20240602-2313\jars\wagon-http-shared-3.5.3.jar
2024-09-10 10:52:40,595 [Worker-8: Launching mavenrun-752f26c6-5ff2-4427-b704-17346687b639] INFO  o.eclipse.m2e.core.internal.Bundles - 	Entry: C:\Users\LENOVO\.p2\pool\plugins\org.eclipse.m2e.maven.runtime_3.9.700.20240602-2313\jars\wagon-provider-api-3.5.3.jar
2024-09-10 10:52:40,597 [Worker-8: Launching mavenrun-752f26c6-5ff2-4427-b704-17346687b639] INFO  o.eclipse.m2e.core.internal.Bundles - getClasspathEntries(Bundle=com.google.guava_33.2.0.jre [16])
2024-09-10 10:52:40,598 [Worker-8: Launching mavenrun-752f26c6-5ff2-4427-b704-17346687b639] INFO  o.eclipse.m2e.core.internal.Bundles - 	Entry: C:\Users\LENOVO\.p2\pool\plugins\com.google.guava_33.2.0.jre.jar
2024-09-10 10:52:40,598 [Worker-8: Launching mavenrun-752f26c6-5ff2-4427-b704-17346687b639] INFO  o.eclipse.m2e.core.internal.Bundles - getClasspathEntries(Bundle=slf4j.api_2.0.16 [1009])
2024-09-10 10:52:40,599 [Worker-8: Launching mavenrun-752f26c6-5ff2-4427-b704-17346687b639] INFO  o.eclipse.m2e.core.internal.Bundles - 	Entry: C:\Users\LENOVO\.p2\pool\plugins\slf4j.api_2.0.16.jar
2024-09-10 10:52:40,599 [Worker-8: Launching mavenrun-752f26c6-5ff2-4427-b704-17346687b639] INFO  o.eclipse.m2e.core.internal.Bundles - getClasspathEntries(Bundle=jakarta.inject.jakarta.inject-api_1.0.5 [33])
2024-09-10 10:52:40,605 [Worker-8: Launching mavenrun-752f26c6-5ff2-4427-b704-17346687b639] INFO  o.eclipse.m2e.core.internal.Bundles - 	Entry: C:\Users\LENOVO\.p2\pool\plugins\jakarta.inject.jakarta.inject-api_1.0.5.jar
2024-09-10 10:52:40,605 [Worker-8: Launching mavenrun-752f26c6-5ff2-4427-b704-17346687b639] INFO  o.eclipse.m2e.core.internal.Bundles - getClasspathEntries(Bundle=javax.annotation_1.3.5.v20200909-1856 [44])
2024-09-10 10:52:40,605 [Worker-8: Launching mavenrun-752f26c6-5ff2-4427-b704-17346687b639] INFO  o.eclipse.m2e.core.internal.Bundles - 	Entry: C:\Users\LENOVO\.p2\pool\plugins\javax.annotation_1.3.5.v20200909-1856.jar
2024-09-10 10:52:40,607 [Worker-8: Launching mavenrun-752f26c6-5ff2-4427-b704-17346687b639] INFO  o.eclipse.m2e.core.internal.Bundles - getClasspathEntries(Bundle=org.apache.commons.cli_1.8.0 [78])
2024-09-10 10:52:40,608 [Worker-8: Launching mavenrun-752f26c6-5ff2-4427-b704-17346687b639] INFO  o.eclipse.m2e.core.internal.Bundles - 	Entry: C:\Users\LENOVO\.p2\pool\plugins\org.apache.commons.cli_1.8.0.jar
2024-09-10 10:52:40,608 [Worker-8: Launching mavenrun-752f26c6-5ff2-4427-b704-17346687b639] INFO  o.eclipse.m2e.core.internal.Bundles - getClasspathEntries(Bundle=org.apache.commons.commons-codec_1.16.0 [81])
2024-09-10 10:52:40,609 [Worker-8: Launching mavenrun-752f26c6-5ff2-4427-b704-17346687b639] INFO  o.eclipse.m2e.core.internal.Bundles - 	Entry: C:\Users\LENOVO\.p2\pool\plugins\org.apache.commons.commons-codec_1.16.0.jar
2024-09-10 10:52:40,609 [Worker-8: Launching mavenrun-752f26c6-5ff2-4427-b704-17346687b639] INFO  o.eclipse.m2e.core.internal.Bundles - getClasspathEntries(Bundle=org.apache.commons.lang3_3.14.0 [89])
2024-09-10 10:52:40,610 [Worker-8: Launching mavenrun-752f26c6-5ff2-4427-b704-17346687b639] INFO  o.eclipse.m2e.core.internal.Bundles - 	Entry: C:\Users\LENOVO\.p2\pool\plugins\org.apache.commons.lang3_3.14.0.jar
2024-09-10 10:52:40,610 [Worker-8: Launching mavenrun-752f26c6-5ff2-4427-b704-17346687b639] INFO  o.eclipse.m2e.core.internal.Bundles - getClasspathEntries(Bundle=com.google.guava.failureaccess_1.0.2 [17])
2024-09-10 10:52:40,612 [Worker-8: Launching mavenrun-752f26c6-5ff2-4427-b704-17346687b639] INFO  o.eclipse.m2e.core.internal.Bundles - 	Entry: C:\Users\LENOVO\.p2\pool\plugins\com.google.guava.failureaccess_1.0.2.jar
2024-09-10 10:52:40,617 [Worker-8: Launching mavenrun-752f26c6-5ff2-4427-b704-17346687b639] INFO  o.e.m.i.launch.MavenLaunchDelegate - Run build in "C:\Users\LENOVO\AppData\Local\Temp\m2e-archetypeGenerator7550914238595855097":
2024-09-10 10:52:40,620 [Worker-8: Launching mavenrun-752f26c6-5ff2-4427-b704-17346687b639] INFO  o.e.m.i.launch.MavenLaunchDelegate -  mvn  -DarchetypeGroupId=org.apache.maven.archetypes -DarchetypeArtifactId=maven-archetype-quickstart -DarchetypeVersion=1.4 -DgroupId=jdbc2 -DartifactId=jdbc2 -Dversion=0.0.1-SNAPSHOT -Dpackage=com.dro -DoutputDirectory=D:\java\eclipse\Jdbc -Dstyle.color=always -U archetype:generate
2024-09-10 10:53:16,405 [Worker-17: Creating maven-archetype-quickstart] INFO  o.e.m.c.i.p.ProjectConfigurationManager - Collecting project info '/pom.xml' D:\java\eclipse\Jdbc\jdbc2\pom.xml
2024-09-10 10:53:19,935 [Worker-17: Creating maven-archetype-quickstart] INFO  o.e.m.c.i.l.LifecycleMappingFactory - Using org.eclipse.m2e.jdt.JarLifecycleMapping lifecycle mapping for MavenProject: jdbc2:jdbc2:0.0.1-SNAPSHOT @ D:\java\eclipse\Jdbc\jdbc2\pom.xml.
2024-09-10 10:53:20,603 [Worker-17: Creating maven-archetype-quickstart] INFO  o.e.m.j.i.AbstractJavaProjectConfigurator - Adding source folder /jdbc2/src/main/java
2024-09-10 10:53:20,614 [Worker-17: Creating maven-archetype-quickstart] INFO  o.e.m.j.i.AbstractJavaProjectConfigurator - Adding resource folder /jdbc2/src/main/resources
2024-09-10 10:53:20,629 [Worker-17: Creating maven-archetype-quickstart] INFO  o.e.m.j.i.AbstractJavaProjectConfigurator - Adding source folder /jdbc2/src/test/java
2024-09-10 10:53:20,630 [Worker-17: Creating maven-archetype-quickstart] INFO  o.e.m.j.i.AbstractJavaProjectConfigurator - Adding resource folder /jdbc2/src/test/resources
2024-09-10 10:53:20,786 [Worker-17: Creating maven-archetype-quickstart] INFO  o.e.m.c.i.p.ProjectConfigurationManager - Imported and configured 1 project(s) in 4 sec
2024-09-10 10:53:21,193 [Worker-8: Building] INFO  o.e.m.c.i.embedder.EclipseLogger - Using 'UTF-8' encoding to copy filtered resources.
2024-09-10 10:53:21,194 [Worker-8: Building] INFO  o.e.m.c.i.embedder.EclipseLogger - skip non existing resourceDirectory D:\java\eclipse\Jdbc\jdbc2\src\main\resources
2024-09-10 10:53:21,201 [Worker-8: Building] INFO  o.e.m.c.i.embedder.EclipseLogger - Using 'UTF-8' encoding to copy filtered resources.
2024-09-10 10:53:21,202 [Worker-8: Building] INFO  o.e.m.c.i.embedder.EclipseLogger - skip non existing resourceDirectory D:\java\eclipse\Jdbc\jdbc2\src\test\resources
2024-09-10 10:58:13,597 [Worker-22: Updating Maven Dependencies] INFO  o.e.m.c.i.l.LifecycleMappingFactory - Using org.eclipse.m2e.jdt.JarLifecycleMapping lifecycle mapping for MavenProject: jdbc1:jdbc1:0.0.1-SNAPSHOT @ D:\java\eclipse\Jdbc\jdbc1\pom.xml.
2024-09-10 11:03:19,376 [Worker-24: Building] ERROR o.e.m.c.i.p.r.ProjectRegistryManager - Could not read pom.xml
org.eclipse.core.runtime.CoreException: Could not read pom.xml
	at org.eclipse.m2e.core.internal.IMavenToolbox.readModel(IMavenToolbox.java:245)
	at org.eclipse.m2e.core.internal.project.registry.ProjectRegistryManager.refreshPhase2(ProjectRegistryManager.java:591)
	at org.eclipse.m2e.core.internal.project.registry.ProjectRegistryManager.refresh(ProjectRegistryManager.java:491)
	at org.eclipse.m2e.core.internal.project.registry.ProjectRegistryManager.refresh(ProjectRegistryManager.java:370)
	at org.eclipse.m2e.core.internal.project.registry.ProjectRegistryManager.refresh(ProjectRegistryManager.java:322)
	at org.eclipse.m2e.core.internal.builder.MavenBuilder$BuildMethod.getProjectFacade(MavenBuilder.java:146)
	at org.eclipse.m2e.core.internal.builder.MavenBuilder$BuildMethod.lambda$0(MavenBuilder.java:84)
	at org.eclipse.m2e.core.internal.embedder.MavenExecutionContext.executeBare(MavenExecutionContext.java:458)
	at org.eclipse.m2e.core.internal.embedder.MavenExecutionContext.execute(MavenExecutionContext.java:339)
	at org.eclipse.m2e.core.internal.embedder.MavenExecutionContext.execute(MavenExecutionContext.java:278)
	at org.eclipse.m2e.core.internal.builder.MavenBuilder$BuildMethod.execute(MavenBuilder.java:83)
	at org.eclipse.m2e.core.internal.builder.MavenBuilder.build(MavenBuilder.java:192)
	at org.eclipse.core.internal.events.BuildManager$2.run(BuildManager.java:1077)
	at org.eclipse.core.runtime.SafeRunner.run(SafeRunner.java:47)
	at org.eclipse.core.internal.events.BuildManager.basicBuild(BuildManager.java:296)
	at org.eclipse.core.internal.events.BuildManager.basicBuild(BuildManager.java:352)
	at org.eclipse.core.internal.events.BuildManager$1.run(BuildManager.java:441)
	at org.eclipse.core.runtime.SafeRunner.run(SafeRunner.java:47)
	at org.eclipse.core.internal.events.BuildManager.basicBuild(BuildManager.java:444)
	at org.eclipse.core.internal.events.BuildManager.basicBuildLoop(BuildManager.java:555)
	at org.eclipse.core.internal.events.BuildManager.basicBuildLoop(BuildManager.java:503)
	at org.eclipse.core.internal.events.BuildManager.build(BuildManager.java:585)
	at org.eclipse.core.internal.events.AutoBuildJob.doBuild(AutoBuildJob.java:207)
	at org.eclipse.core.internal.events.AutoBuildJob.run(AutoBuildJob.java:300)
	at org.eclipse.core.internal.jobs.Worker.run(Worker.java:63)
Caused by: org.apache.maven.model.io.ModelParseException: expected name start and not / (position: TEXT seen ...</dependency>\r\n    <//... @34:8) 
	at org.apache.maven.model.io.DefaultModelReader.read(DefaultModelReader.java:96)
	at org.apache.maven.model.io.DefaultModelReader.read(DefaultModelReader.java:74)
	at org.eclipse.m2e.core.internal.IMavenToolbox.readModel(IMavenToolbox.java:243)
	... 24 common frames omitted
Caused by: org.codehaus.plexus.util.xml.pull.XmlPullParserException: expected name start and not / (position: TEXT seen ...</dependency>\r\n    <//... @34:8) 
	at org.codehaus.plexus.util.xml.pull.MXParser.parseEndTag(MXParser.java:2125)
	at org.codehaus.plexus.util.xml.pull.MXParser.nextImpl(MXParser.java:1418)
	at org.codehaus.plexus.util.xml.pull.MXParser.next(MXParser.java:1375)
	at org.codehaus.plexus.util.xml.pull.MXParser.nextTag(MXParser.java:1360)
	at org.apache.maven.model.io.xpp3.MavenXpp3Reader.parseModel(MavenXpp3Reader.java:2317)
	at org.apache.maven.model.io.xpp3.MavenXpp3Reader.read(MavenXpp3Reader.java:623)
	at org.apache.maven.model.io.xpp3.MavenXpp3Reader.read(MavenXpp3Reader.java:654)
	at org.apache.maven.model.io.DefaultModelReader.read(DefaultModelReader.java:93)
	... 26 common frames omitted
2024-09-10 11:03:20,717 [Worker-24: Building] ERROR o.e.m.c.i.p.r.ProjectRegistryManager - Could not read pom.xml
org.eclipse.core.runtime.CoreException: Could not read pom.xml
	at org.eclipse.m2e.core.internal.IMavenToolbox.readModel(IMavenToolbox.java:245)
	at org.eclipse.m2e.core.internal.project.registry.ProjectRegistryManager.refreshPhase2(ProjectRegistryManager.java:591)
	at org.eclipse.m2e.core.internal.project.registry.ProjectRegistryManager.refresh(ProjectRegistryManager.java:491)
	at org.eclipse.m2e.core.internal.project.registry.ProjectRegistryManager.refresh(ProjectRegistryManager.java:370)
	at org.eclipse.m2e.core.internal.project.registry.ProjectRegistryManager.refresh(ProjectRegistryManager.java:322)
	at org.eclipse.m2e.core.internal.builder.MavenBuilder$BuildMethod.getProjectFacade(MavenBuilder.java:146)
	at org.eclipse.m2e.core.internal.builder.MavenBuilder$BuildMethod.lambda$0(MavenBuilder.java:84)
	at org.eclipse.m2e.core.internal.embedder.MavenExecutionContext.executeBare(MavenExecutionContext.java:458)
	at org.eclipse.m2e.core.internal.embedder.MavenExecutionContext.execute(MavenExecutionContext.java:339)
	at org.eclipse.m2e.core.internal.embedder.MavenExecutionContext.execute(MavenExecutionContext.java:278)
	at org.eclipse.m2e.core.internal.builder.MavenBuilder$BuildMethod.execute(MavenBuilder.java:83)
	at org.eclipse.m2e.core.internal.builder.MavenBuilder.build(MavenBuilder.java:192)
	at org.eclipse.core.internal.events.BuildManager$2.run(BuildManager.java:1077)
	at org.eclipse.core.runtime.SafeRunner.run(SafeRunner.java:47)
	at org.eclipse.core.internal.events.BuildManager.basicBuild(BuildManager.java:296)
	at org.eclipse.core.internal.events.BuildManager.basicBuild(BuildManager.java:352)
	at org.eclipse.core.internal.events.BuildManager$1.run(BuildManager.java:441)
	at org.eclipse.core.runtime.SafeRunner.run(SafeRunner.java:47)
	at org.eclipse.core.internal.events.BuildManager.basicBuild(BuildManager.java:444)
	at org.eclipse.core.internal.events.BuildManager.basicBuildLoop(BuildManager.java:555)
	at org.eclipse.core.internal.events.BuildManager.basicBuildLoop(BuildManager.java:503)
	at org.eclipse.core.internal.events.BuildManager.build(BuildManager.java:585)
	at org.eclipse.core.internal.events.AutoBuildJob.doBuild(AutoBuildJob.java:207)
	at org.eclipse.core.internal.events.AutoBuildJob.run(AutoBuildJob.java:300)
	at org.eclipse.core.internal.jobs.Worker.run(Worker.java:63)
Caused by: org.apache.maven.model.io.ModelParseException: expected name start and not / (position: TEXT seen ...</dependency>\r\n    <//... @34:8) 
	at org.apache.maven.model.io.DefaultModelReader.read(DefaultModelReader.java:96)
	at org.apache.maven.model.io.DefaultModelReader.read(DefaultModelReader.java:74)
	at org.eclipse.m2e.core.internal.IMavenToolbox.readModel(IMavenToolbox.java:243)
	... 24 common frames omitted
Caused by: org.codehaus.plexus.util.xml.pull.XmlPullParserException: expected name start and not / (position: TEXT seen ...</dependency>\r\n    <//... @34:8) 
	at org.codehaus.plexus.util.xml.pull.MXParser.parseEndTag(MXParser.java:2125)
	at org.codehaus.plexus.util.xml.pull.MXParser.nextImpl(MXParser.java:1418)
	at org.codehaus.plexus.util.xml.pull.MXParser.next(MXParser.java:1375)
	at org.codehaus.plexus.util.xml.pull.MXParser.nextTag(MXParser.java:1360)
	at org.apache.maven.model.io.xpp3.MavenXpp3Reader.parseModel(MavenXpp3Reader.java:2317)
	at org.apache.maven.model.io.xpp3.MavenXpp3Reader.read(MavenXpp3Reader.java:623)
	at org.apache.maven.model.io.xpp3.MavenXpp3Reader.read(MavenXpp3Reader.java:654)
	at org.apache.maven.model.io.DefaultModelReader.read(DefaultModelReader.java:93)
	... 26 common frames omitted
2024-09-10 11:13:48,365 [Worker-28: Building] INFO  o.e.m.c.i.embedder.EclipseLogger - Using 'UTF-8' encoding to copy filtered resources.
2024-09-10 11:13:48,365 [Worker-28: Building] INFO  o.e.m.c.i.embedder.EclipseLogger - skip non existing resourceDirectory D:\java\eclipse\Jdbc\jdbc2\src\main\resources
2024-09-10 11:13:48,370 [Worker-28: Building] INFO  o.e.m.c.i.embedder.EclipseLogger - Using 'UTF-8' encoding to copy filtered resources.
2024-09-10 11:13:48,371 [Worker-28: Building] INFO  o.e.m.c.i.embedder.EclipseLogger - skip non existing resourceDirectory D:\java\eclipse\Jdbc\jdbc2\src\test\resources
2024-09-10 11:15:36,986 [Worker-29: Building] INFO  o.e.m.c.i.embedder.EclipseLogger - Using 'UTF-8' encoding to copy filtered resources.
2024-09-10 11:15:36,986 [Worker-29: Building] INFO  o.e.m.c.i.embedder.EclipseLogger - skip non existing resourceDirectory D:\java\eclipse\Jdbc\jdbc2\src\main\resources
2024-09-10 11:15:36,990 [Worker-29: Building] INFO  o.e.m.c.i.embedder.EclipseLogger - Using 'UTF-8' encoding to copy filtered resources.
2024-09-10 11:15:36,990 [Worker-29: Building] INFO  o.e.m.c.i.embedder.EclipseLogger - skip non existing resourceDirectory D:\java\eclipse\Jdbc\jdbc2\src\test\resources
2024-09-10 11:18:11,560 [Worker-30: Building] INFO  o.e.m.c.i.embedder.EclipseLogger - Using 'UTF-8' encoding to copy filtered resources.
2024-09-10 11:18:11,561 [Worker-30: Building] INFO  o.e.m.c.i.embedder.EclipseLogger - skip non existing resourceDirectory D:\java\eclipse\Jdbc\jdbc2\src\main\resources
2024-09-10 11:18:11,565 [Worker-30: Building] INFO  o.e.m.c.i.embedder.EclipseLogger - Using 'UTF-8' encoding to copy filtered resources.
2024-09-10 11:18:11,565 [Worker-30: Building] INFO  o.e.m.c.i.embedder.EclipseLogger - skip non existing resourceDirectory D:\java\eclipse\Jdbc\jdbc2\src\test\resources
2024-09-10 11:18:17,741 [Worker-32: Building] INFO  o.e.m.c.i.embedder.EclipseLogger - Using 'UTF-8' encoding to copy filtered resources.
2024-09-10 11:18:17,741 [Worker-32: Building] INFO  o.e.m.c.i.embedder.EclipseLogger - skip non existing resourceDirectory D:\java\eclipse\Jdbc\jdbc2\src\main\resources
2024-09-10 11:18:17,745 [Worker-32: Building] INFO  o.e.m.c.i.embedder.EclipseLogger - Using 'UTF-8' encoding to copy filtered resources.
2024-09-10 11:18:17,745 [Worker-32: Building] INFO  o.e.m.c.i.embedder.EclipseLogger - skip non existing resourceDirectory D:\java\eclipse\Jdbc\jdbc2\src\test\resources
2024-09-10 11:27:54,323 [Worker-36: reload maven project] ERROR o.e.m.c.i.p.r.ProjectRegistryManager - Failed to read Maven project: Some problems were encountered while processing the POMs:
[FATAL] Non-parseable POM D:\java\eclipse\Jdbc\jdbc1\pom.xml: expected name start and not / (position: TEXT seen ...</dependency>\r\n    <//... @34:8)  @ line 34, column 8

org.apache.maven.project.ProjectBuildingException: Some problems were encountered while processing the POMs:
[FATAL] Non-parseable POM D:\java\eclipse\Jdbc\jdbc1\pom.xml: expected name start and not / (position: TEXT seen ...</dependency>\r\n    <//... @34:8)  @ line 34, column 8

	at org.eclipse.m2e.core.internal.IMavenToolbox.readMavenProjects(IMavenToolbox.java:140)
	at org.eclipse.m2e.core.internal.project.registry.ProjectRegistryManager.lambda$22(ProjectRegistryManager.java:943)
	at org.eclipse.m2e.core.internal.embedder.MavenExecutionContext.executeBare(MavenExecutionContext.java:458)
	at org.eclipse.m2e.core.internal.embedder.MavenExecutionContext.execute(MavenExecutionContext.java:339)
	at org.eclipse.m2e.core.internal.embedder.MavenExecutionContext.execute(MavenExecutionContext.java:278)
	at org.eclipse.m2e.core.internal.project.registry.ProjectRegistryManager.readProjectsWithDependencies(ProjectRegistryManager.java:939)
	at org.eclipse.m2e.core.internal.project.registry.ProjectRegistryManager.create(ProjectRegistryManager.java:219)
	at org.eclipse.m2e.core.internal.project.registry.MavenProjectManager.create(MavenProjectManager.java:105)
	at org.eclipse.m2e.core.ui.internal.actions.SelectionUtil.getMavenProject(SelectionUtil.java:239)
	at org.eclipse.m2e.editor.pom.MavenPomEditor.readMavenProject(MavenPomEditor.java:709)
	at org.eclipse.m2e.editor.pom.MavenPomEditor$4.run(MavenPomEditor.java:1029)
	at org.eclipse.core.internal.jobs.Worker.run(Worker.java:63)
2024-09-10 11:32:08,531 [Worker-34: Building] INFO  o.e.m.c.i.embedder.EclipseLogger - Using 'UTF-8' encoding to copy filtered resources.
2024-09-10 11:32:08,532 [Worker-34: Building] INFO  o.e.m.c.i.embedder.EclipseLogger - skip non existing resourceDirectory D:\java\eclipse\Jdbc\jdbc2\src\main\resources
2024-09-10 11:32:08,539 [Worker-34: Building] INFO  o.e.m.c.i.embedder.EclipseLogger - Using 'UTF-8' encoding to copy filtered resources.
2024-09-10 11:32:08,539 [Worker-34: Building] INFO  o.e.m.c.i.embedder.EclipseLogger - skip non existing resourceDirectory D:\java\eclipse\Jdbc\jdbc2\src\test\resources
2024-09-10 11:34:12,784 [Worker-36: Launching App (1)] INFO  o.e.m.c.i.embedder.EclipseLogger - Using 'UTF-8' encoding to copy filtered resources.
2024-09-10 11:34:12,784 [Worker-36: Launching App (1)] INFO  o.e.m.c.i.embedder.EclipseLogger - skip non existing resourceDirectory D:\java\eclipse\Jdbc\jdbc2\src\main\resources
2024-09-10 11:34:12,788 [Worker-36: Launching App (1)] INFO  o.e.m.c.i.embedder.EclipseLogger - Using 'UTF-8' encoding to copy filtered resources.
2024-09-10 11:34:12,789 [Worker-36: Launching App (1)] INFO  o.e.m.c.i.embedder.EclipseLogger - skip non existing resourceDirectory D:\java\eclipse\Jdbc\jdbc2\src\test\resources
2024-09-10 11:35:26,120 [Worker-35: Building] INFO  o.e.m.c.i.embedder.EclipseLogger - Using 'UTF-8' encoding to copy filtered resources.
2024-09-10 11:35:26,120 [Worker-35: Building] INFO  o.e.m.c.i.embedder.EclipseLogger - skip non existing resourceDirectory D:\java\eclipse\Jdbc\jdbc2\src\main\resources
2024-09-10 11:35:26,126 [Worker-35: Building] INFO  o.e.m.c.i.embedder.EclipseLogger - Using 'UTF-8' encoding to copy filtered resources.
2024-09-10 11:35:26,127 [Worker-35: Building] INFO  o.e.m.c.i.embedder.EclipseLogger - skip non existing resourceDirectory D:\java\eclipse\Jdbc\jdbc2\src\test\resources
2024-09-10 11:36:52,143 [Worker-32: Building] INFO  o.e.m.c.i.embedder.EclipseLogger - Using 'UTF-8' encoding to copy filtered resources.
2024-09-10 11:36:52,144 [Worker-32: Building] INFO  o.e.m.c.i.embedder.EclipseLogger - skip non existing resourceDirectory D:\java\eclipse\Jdbc\jdbc2\src\main\resources
2024-09-10 11:36:52,150 [Worker-32: Building] INFO  o.e.m.c.i.embedder.EclipseLogger - Using 'UTF-8' encoding to copy filtered resources.
2024-09-10 11:36:52,150 [Worker-32: Building] INFO  o.e.m.c.i.embedder.EclipseLogger - skip non existing resourceDirectory D:\java\eclipse\Jdbc\jdbc2\src\test\resources
2024-09-10 11:37:16,688 [Worker-32: Building] INFO  o.e.m.c.i.embedder.EclipseLogger - Using 'UTF-8' encoding to copy filtered resources.
2024-09-10 11:37:16,688 [Worker-32: Building] INFO  o.e.m.c.i.embedder.EclipseLogger - skip non existing resourceDirectory D:\java\eclipse\Jdbc\jdbc2\src\main\resources
2024-09-10 11:37:16,692 [Worker-32: Building] INFO  o.e.m.c.i.embedder.EclipseLogger - Using 'UTF-8' encoding to copy filtered resources.
2024-09-10 11:37:16,692 [Worker-32: Building] INFO  o.e.m.c.i.embedder.EclipseLogger - skip non existing resourceDirectory D:\java\eclipse\Jdbc\jdbc2\src\test\resources
2024-09-10 11:39:49,684 [Worker-34: reload maven project] ERROR o.e.m.c.i.p.r.ProjectRegistryManager - Failed to read Maven project: Some problems were encountered while processing the POMs:
[FATAL] Non-parseable POM D:\java\eclipse\Jdbc\jdbc1\pom.xml: expected name start and not / (position: TEXT seen ...</dependency>\r\n    <//... @34:8)  @ line 34, column 8

org.apache.maven.project.ProjectBuildingException: Some problems were encountered while processing the POMs:
[FATAL] Non-parseable POM D:\java\eclipse\Jdbc\jdbc1\pom.xml: expected name start and not / (position: TEXT seen ...</dependency>\r\n    <//... @34:8)  @ line 34, column 8

	at org.eclipse.m2e.core.internal.IMavenToolbox.readMavenProjects(IMavenToolbox.java:140)
	at org.eclipse.m2e.core.internal.project.registry.ProjectRegistryManager.lambda$22(ProjectRegistryManager.java:943)
	at org.eclipse.m2e.core.internal.embedder.MavenExecutionContext.executeBare(MavenExecutionContext.java:458)
	at org.eclipse.m2e.core.internal.embedder.MavenExecutionContext.execute(MavenExecutionContext.java:339)
	at org.eclipse.m2e.core.internal.embedder.MavenExecutionContext.execute(MavenExecutionContext.java:278)
	at org.eclipse.m2e.core.internal.project.registry.ProjectRegistryManager.readProjectsWithDependencies(ProjectRegistryManager.java:939)
	at org.eclipse.m2e.core.internal.project.registry.ProjectRegistryManager.create(ProjectRegistryManager.java:219)
	at org.eclipse.m2e.core.internal.project.registry.MavenProjectManager.create(MavenProjectManager.java:105)
	at org.eclipse.m2e.core.ui.internal.actions.SelectionUtil.getMavenProject(SelectionUtil.java:239)
	at org.eclipse.m2e.editor.pom.MavenPomEditor.readMavenProject(MavenPomEditor.java:709)
	at org.eclipse.m2e.editor.pom.MavenPomEditor$4.run(MavenPomEditor.java:1029)
	at org.eclipse.core.internal.jobs.Worker.run(Worker.java:63)
2024-09-10 11:41:42,726 [Worker-34: Building] INFO  o.e.m.c.i.l.LifecycleMappingFactory - Using org.eclipse.m2e.jdt.JarLifecycleMapping lifecycle mapping for MavenProject: jdbc1:jdbc1:0.0.1-SNAPSHOT @ D:\java\eclipse\Jdbc\jdbc1\pom.xml.
2024-09-10 11:41:44,717 [Worker-34: Building] INFO  o.e.m.c.i.embedder.EclipseLogger - Using 'UTF-8' encoding to copy filtered resources.
2024-09-10 11:41:44,718 [Worker-34: Building] INFO  o.e.m.c.i.embedder.EclipseLogger - skip non existing resourceDirectory D:\java\eclipse\Jdbc\jdbc1\src\main\resources
2024-09-10 11:41:44,724 [Worker-34: Building] INFO  o.e.m.c.i.embedder.EclipseLogger - Using 'UTF-8' encoding to copy filtered resources.
2024-09-10 11:41:44,725 [Worker-34: Building] INFO  o.e.m.c.i.embedder.EclipseLogger - skip non existing resourceDirectory D:\java\eclipse\Jdbc\jdbc1\src\test\resources
2024-09-10 11:41:45,384 [Worker-34: Building] INFO  o.e.m.c.i.embedder.EclipseLogger - Using 'UTF-8' encoding to copy filtered resources.
2024-09-10 11:41:45,384 [Worker-34: Building] INFO  o.e.m.c.i.embedder.EclipseLogger - skip non existing resourceDirectory D:\java\eclipse\Jdbc\jdbc1\src\main\resources
2024-09-10 11:41:45,389 [Worker-34: Building] INFO  o.e.m.c.i.embedder.EclipseLogger - Using 'UTF-8' encoding to copy filtered resources.
2024-09-10 11:41:45,389 [Worker-34: Building] INFO  o.e.m.c.i.embedder.EclipseLogger - skip non existing resourceDirectory D:\java\eclipse\Jdbc\jdbc1\src\test\resources
2024-09-10 11:41:53,602 [Worker-37: Building] INFO  o.e.m.c.i.l.LifecycleMappingFactory - Using org.eclipse.m2e.jdt.JarLifecycleMapping lifecycle mapping for MavenProject: jdbc2:jdbc2:0.0.1-SNAPSHOT @ D:\java\eclipse\Jdbc\jdbc2\pom.xml.
2024-09-10 11:41:53,722 [Worker-37: Building] INFO  o.e.m.c.i.embedder.EclipseLogger - Using 'UTF-8' encoding to copy filtered resources.
2024-09-10 11:41:53,722 [Worker-37: Building] INFO  o.e.m.c.i.embedder.EclipseLogger - skip non existing resourceDirectory D:\java\eclipse\Jdbc\jdbc2\src\main\resources
2024-09-10 11:41:53,728 [Worker-37: Building] INFO  o.e.m.c.i.embedder.EclipseLogger - Using 'UTF-8' encoding to copy filtered resources.
2024-09-10 11:41:53,728 [Worker-37: Building] INFO  o.e.m.c.i.embedder.EclipseLogger - skip non existing resourceDirectory D:\java\eclipse\Jdbc\jdbc2\src\test\resources
2024-09-10 11:41:55,102 [Worker-34: Building] INFO  o.e.m.c.i.embedder.EclipseLogger - Using 'UTF-8' encoding to copy filtered resources.
2024-09-10 11:41:55,103 [Worker-34: Building] INFO  o.e.m.c.i.embedder.EclipseLogger - skip non existing resourceDirectory D:\java\eclipse\Jdbc\jdbc2\src\main\resources
2024-09-10 11:41:55,108 [Worker-34: Building] INFO  o.e.m.c.i.embedder.EclipseLogger - Using 'UTF-8' encoding to copy filtered resources.
2024-09-10 11:41:55,109 [Worker-34: Building] INFO  o.e.m.c.i.embedder.EclipseLogger - skip non existing resourceDirectory D:\java\eclipse\Jdbc\jdbc2\src\test\resources
2024-09-10 11:42:27,773 [Worker-38: Building] INFO  o.e.m.c.i.embedder.EclipseLogger - Using 'UTF-8' encoding to copy filtered resources.
2024-09-10 11:42:27,774 [Worker-38: Building] INFO  o.e.m.c.i.embedder.EclipseLogger - skip non existing resourceDirectory D:\java\eclipse\Jdbc\jdbc2\src\main\resources
2024-09-10 11:42:27,777 [Worker-38: Building] INFO  o.e.m.c.i.embedder.EclipseLogger - Using 'UTF-8' encoding to copy filtered resources.
2024-09-10 11:42:27,778 [Worker-38: Building] INFO  o.e.m.c.i.embedder.EclipseLogger - skip non existing resourceDirectory D:\java\eclipse\Jdbc\jdbc2\src\test\resources
2024-09-10 11:43:01,315 [Worker-39: Updating Maven Dependencies] ERROR o.e.m.j.i.l.MavenLaunchConfigurationListener - Launch configuration App references closed project jdbc1
org.eclipse.core.runtime.CoreException: Launch configuration App references closed project jdbc1
	at org.eclipse.jdt.launching.JavaRuntime.abort(JavaRuntime.java:1867)
	at org.eclipse.jdt.launching.JavaRuntime.getJavaProject(JavaRuntime.java:1741)
	at org.eclipse.m2e.jdt.internal.launch.MavenLaunchConfigurationListener.updateLaunchConfiguration(MavenLaunchConfigurationListener.java:64)
	at org.eclipse.m2e.jdt.internal.launch.MavenLaunchConfigurationListener.launchConfigurationChanged(MavenLaunchConfigurationListener.java:50)
	at org.eclipse.debug.internal.core.LaunchManager$ConfigurationNotifier.run(LaunchManager.java:220)
	at org.eclipse.core.runtime.SafeRunner.run(SafeRunner.java:47)
	at org.eclipse.debug.internal.core.LaunchManager$ConfigurationNotifier.notify(LaunchManager.java:204)
	at org.eclipse.debug.internal.core.LaunchConfigurationWorkingCopy.setDirty(LaunchConfigurationWorkingCopy.java:527)
	at org.eclipse.debug.internal.core.LaunchConfigurationWorkingCopy.setAttribute(LaunchConfigurationWorkingCopy.java:415)
	at org.eclipse.m2e.jdt.internal.launch.MavenRuntimeClasspathProvider.disable(MavenRuntimeClasspathProvider.java:409)
	at org.eclipse.m2e.jdt.internal.launch.MavenRuntimeClasspathProvider.disable(MavenRuntimeClasspathProvider.java:435)
	at org.eclipse.m2e.jdt.internal.launch.MavenLaunchConfigurationListener.mavenProjectChanged(MavenLaunchConfigurationListener.java:135)
	at org.eclipse.m2e.core.internal.project.registry.ProjectRegistryManager.notifyProjectChangeListeners(ProjectRegistryManager.java:892)
	at org.eclipse.m2e.core.internal.project.registry.ProjectRegistryManager.applyMutableProjectRegistry(ProjectRegistryManager.java:1042)
	at org.eclipse.m2e.core.internal.project.registry.ProjectRegistryRefreshJob.lambda$0(ProjectRegistryRefreshJob.java:162)
	at org.eclipse.m2e.core.internal.embedder.MavenExecutionContext.executeBare(MavenExecutionContext.java:458)
	at org.eclipse.m2e.core.internal.embedder.MavenExecutionContext.execute(MavenExecutionContext.java:339)
	at org.eclipse.m2e.core.internal.embedder.MavenExecutionContext.execute(MavenExecutionContext.java:278)
	at org.eclipse.m2e.core.internal.project.registry.ProjectRegistryRefreshJob.run(ProjectRegistryRefreshJob.java:106)
	at org.eclipse.core.internal.jobs.Worker.run(Worker.java:63)
2024-09-10 11:43:01,318 [Worker-39: Updating Maven Dependencies] ERROR o.e.m.j.i.l.MavenLaunchConfigurationListener - Launch configuration App references closed project jdbc1
org.eclipse.core.runtime.CoreException: Launch configuration App references closed project jdbc1
	at org.eclipse.jdt.launching.JavaRuntime.abort(JavaRuntime.java:1867)
	at org.eclipse.jdt.launching.JavaRuntime.getJavaProject(JavaRuntime.java:1741)
	at org.eclipse.m2e.jdt.internal.launch.MavenLaunchConfigurationListener.updateLaunchConfiguration(MavenLaunchConfigurationListener.java:64)
	at org.eclipse.m2e.jdt.internal.launch.MavenLaunchConfigurationListener.launchConfigurationChanged(MavenLaunchConfigurationListener.java:50)
	at org.eclipse.debug.internal.core.LaunchManager$ConfigurationNotifier.run(LaunchManager.java:220)
	at org.eclipse.core.runtime.SafeRunner.run(SafeRunner.java:47)
	at org.eclipse.debug.internal.core.LaunchManager$ConfigurationNotifier.notify(LaunchManager.java:204)
	at org.eclipse.debug.internal.core.LaunchConfigurationWorkingCopy.setDirty(LaunchConfigurationWorkingCopy.java:527)
	at org.eclipse.debug.internal.core.LaunchConfigurationWorkingCopy.setAttribute(LaunchConfigurationWorkingCopy.java:415)
	at org.eclipse.m2e.jdt.internal.launch.MavenRuntimeClasspathProvider.disable(MavenRuntimeClasspathProvider.java:410)
	at org.eclipse.m2e.jdt.internal.launch.MavenRuntimeClasspathProvider.disable(MavenRuntimeClasspathProvider.java:435)
	at org.eclipse.m2e.jdt.internal.launch.MavenLaunchConfigurationListener.mavenProjectChanged(MavenLaunchConfigurationListener.java:135)
	at org.eclipse.m2e.core.internal.project.registry.ProjectRegistryManager.notifyProjectChangeListeners(ProjectRegistryManager.java:892)
	at org.eclipse.m2e.core.internal.project.registry.ProjectRegistryManager.applyMutableProjectRegistry(ProjectRegistryManager.java:1042)
	at org.eclipse.m2e.core.internal.project.registry.ProjectRegistryRefreshJob.lambda$0(ProjectRegistryRefreshJob.java:162)
	at org.eclipse.m2e.core.internal.embedder.MavenExecutionContext.executeBare(MavenExecutionContext.java:458)
	at org.eclipse.m2e.core.internal.embedder.MavenExecutionContext.execute(MavenExecutionContext.java:339)
	at org.eclipse.m2e.core.internal.embedder.MavenExecutionContext.execute(MavenExecutionContext.java:278)
	at org.eclipse.m2e.core.internal.project.registry.ProjectRegistryRefreshJob.run(ProjectRegistryRefreshJob.java:106)
	at org.eclipse.core.internal.jobs.Worker.run(Worker.java:63)
2024-09-10 11:43:01,338 [Worker-39: Updating Maven Dependencies] ERROR o.e.m.j.i.l.MavenLaunchConfigurationListener - Launch configuration App references closed project jdbc1
org.eclipse.core.runtime.CoreException: Launch configuration App references closed project jdbc1
	at org.eclipse.jdt.launching.JavaRuntime.abort(JavaRuntime.java:1867)
	at org.eclipse.jdt.launching.JavaRuntime.getJavaProject(JavaRuntime.java:1741)
	at org.eclipse.m2e.jdt.internal.launch.MavenLaunchConfigurationListener.updateLaunchConfiguration(MavenLaunchConfigurationListener.java:64)
	at org.eclipse.m2e.jdt.internal.launch.MavenLaunchConfigurationListener.launchConfigurationChanged(MavenLaunchConfigurationListener.java:50)
	at org.eclipse.debug.internal.core.LaunchManager$ConfigurationNotifier.run(LaunchManager.java:220)
	at org.eclipse.core.runtime.SafeRunner.run(SafeRunner.java:47)
	at org.eclipse.debug.internal.core.LaunchManager$ConfigurationNotifier.notify(LaunchManager.java:204)
	at org.eclipse.debug.internal.core.LaunchManager.launchConfigurationChanged(LaunchManager.java:2010)
	at org.eclipse.debug.internal.core.LaunchConfigurationWorkingCopy.writeNewFile(LaunchConfigurationWorkingCopy.java:380)
	at org.eclipse.debug.internal.core.LaunchConfigurationWorkingCopy.doSave0(LaunchConfigurationWorkingCopy.java:259)
	at org.eclipse.debug.internal.core.LaunchConfigurationWorkingCopy.doSave(LaunchConfigurationWorkingCopy.java:229)
	at org.eclipse.debug.internal.core.LaunchConfigurationWorkingCopy.doSave(LaunchConfigurationWorkingCopy.java:187)
	at org.eclipse.m2e.jdt.internal.launch.MavenRuntimeClasspathProvider.disable(MavenRuntimeClasspathProvider.java:411)
	at org.eclipse.m2e.jdt.internal.launch.MavenRuntimeClasspathProvider.disable(MavenRuntimeClasspathProvider.java:435)
	at org.eclipse.m2e.jdt.internal.launch.MavenLaunchConfigurationListener.mavenProjectChanged(MavenLaunchConfigurationListener.java:135)
	at org.eclipse.m2e.core.internal.project.registry.ProjectRegistryManager.notifyProjectChangeListeners(ProjectRegistryManager.java:892)
	at org.eclipse.m2e.core.internal.project.registry.ProjectRegistryManager.applyMutableProjectRegistry(ProjectRegistryManager.java:1042)
	at org.eclipse.m2e.core.internal.project.registry.ProjectRegistryRefreshJob.lambda$0(ProjectRegistryRefreshJob.java:162)
	at org.eclipse.m2e.core.internal.embedder.MavenExecutionContext.executeBare(MavenExecutionContext.java:458)
	at org.eclipse.m2e.core.internal.embedder.MavenExecutionContext.execute(MavenExecutionContext.java:339)
	at org.eclipse.m2e.core.internal.embedder.MavenExecutionContext.execute(MavenExecutionContext.java:278)
	at org.eclipse.m2e.core.internal.project.registry.ProjectRegistryRefreshJob.run(ProjectRegistryRefreshJob.java:106)
	at org.eclipse.core.internal.jobs.Worker.run(Worker.java:63)
2024-09-10 11:44:23,212 [Worker-35: Building] INFO  o.e.m.c.i.embedder.EclipseLogger - Using 'UTF-8' encoding to copy filtered resources.
2024-09-10 11:44:23,212 [Worker-35: Building] INFO  o.e.m.c.i.embedder.EclipseLogger - skip non existing resourceDirectory D:\java\eclipse\Jdbc\jdbc2\src\main\resources
2024-09-10 11:44:23,215 [Worker-35: Building] INFO  o.e.m.c.i.embedder.EclipseLogger - Using 'UTF-8' encoding to copy filtered resources.
2024-09-10 11:44:23,216 [Worker-35: Building] INFO  o.e.m.c.i.embedder.EclipseLogger - skip non existing resourceDirectory D:\java\eclipse\Jdbc\jdbc2\src\test\resources
2024-09-10 11:46:34,811 [Worker-34: Building] INFO  o.e.m.c.i.embedder.EclipseLogger - Using 'UTF-8' encoding to copy filtered resources.
2024-09-10 11:46:34,811 [Worker-34: Building] INFO  o.e.m.c.i.embedder.EclipseLogger - skip non existing resourceDirectory D:\java\eclipse\Jdbc\jdbc2\src\main\resources
2024-09-10 11:46:34,814 [Worker-34: Building] INFO  o.e.m.c.i.embedder.EclipseLogger - Using 'UTF-8' encoding to copy filtered resources.
2024-09-10 11:46:34,814 [Worker-34: Building] INFO  o.e.m.c.i.embedder.EclipseLogger - skip non existing resourceDirectory D:\java\eclipse\Jdbc\jdbc2\src\test\resources
2024-09-10 11:47:10,624 [Worker-35: Building] INFO  o.e.m.c.i.embedder.EclipseLogger - Using 'UTF-8' encoding to copy filtered resources.
2024-09-10 11:47:10,624 [Worker-35: Building] INFO  o.e.m.c.i.embedder.EclipseLogger - skip non existing resourceDirectory D:\java\eclipse\Jdbc\jdbc2\src\main\resources
2024-09-10 11:47:10,629 [Worker-35: Building] INFO  o.e.m.c.i.embedder.EclipseLogger - Using 'UTF-8' encoding to copy filtered resources.
2024-09-10 11:47:10,629 [Worker-35: Building] INFO  o.e.m.c.i.embedder.EclipseLogger - skip non existing resourceDirectory D:\java\eclipse\Jdbc\jdbc2\src\test\resources
2024-09-10 11:47:50,936 [Worker-40: Building] INFO  o.e.m.c.i.embedder.EclipseLogger - Using 'UTF-8' encoding to copy filtered resources.
2024-09-10 11:47:50,937 [Worker-40: Building] INFO  o.e.m.c.i.embedder.EclipseLogger - skip non existing resourceDirectory D:\java\eclipse\Jdbc\jdbc2\src\main\resources
2024-09-10 11:47:50,940 [Worker-40: Building] INFO  o.e.m.c.i.embedder.EclipseLogger - Using 'UTF-8' encoding to copy filtered resources.
2024-09-10 11:47:50,941 [Worker-40: Building] INFO  o.e.m.c.i.embedder.EclipseLogger - skip non existing resourceDirectory D:\java\eclipse\Jdbc\jdbc2\src\test\resources
2024-09-10 11:48:08,149 [Worker-41: Building] INFO  o.e.m.c.i.embedder.EclipseLogger - Using 'UTF-8' encoding to copy filtered resources.
2024-09-10 11:48:08,150 [Worker-41: Building] INFO  o.e.m.c.i.embedder.EclipseLogger - skip non existing resourceDirectory D:\java\eclipse\Jdbc\jdbc2\src\main\resources
2024-09-10 11:48:08,153 [Worker-41: Building] INFO  o.e.m.c.i.embedder.EclipseLogger - Using 'UTF-8' encoding to copy filtered resources.
2024-09-10 11:48:08,153 [Worker-41: Building] INFO  o.e.m.c.i.embedder.EclipseLogger - skip non existing resourceDirectory D:\java\eclipse\Jdbc\jdbc2\src\test\resources
2024-09-10 11:48:13,485 [Worker-34: Building] INFO  o.e.m.c.i.embedder.EclipseLogger - Using 'UTF-8' encoding to copy filtered resources.
2024-09-10 11:48:13,485 [Worker-34: Building] INFO  o.e.m.c.i.embedder.EclipseLogger - skip non existing resourceDirectory D:\java\eclipse\Jdbc\jdbc2\src\main\resources
2024-09-10 11:48:13,489 [Worker-34: Building] INFO  o.e.m.c.i.embedder.EclipseLogger - Using 'UTF-8' encoding to copy filtered resources.
2024-09-10 11:48:13,489 [Worker-34: Building] INFO  o.e.m.c.i.embedder.EclipseLogger - skip non existing resourceDirectory D:\java\eclipse\Jdbc\jdbc2\src\test\resources
2024-09-10 11:48:37,239 [Worker-34: Building] INFO  o.e.m.c.i.embedder.EclipseLogger - Using 'UTF-8' encoding to copy filtered resources.
2024-09-10 11:48:37,239 [Worker-34: Building] INFO  o.e.m.c.i.embedder.EclipseLogger - skip non existing resourceDirectory D:\java\eclipse\Jdbc\jdbc2\src\main\resources
2024-09-10 11:48:37,243 [Worker-34: Building] INFO  o.e.m.c.i.embedder.EclipseLogger - Using 'UTF-8' encoding to copy filtered resources.
2024-09-10 11:48:37,243 [Worker-34: Building] INFO  o.e.m.c.i.embedder.EclipseLogger - skip non existing resourceDirectory D:\java\eclipse\Jdbc\jdbc2\src\test\resources
2024-09-10 11:50:38,248 [Worker-34: Launching mavenrun-594d48ed-5d12-4def-8143-40d94cdf3d1f] INFO  o.eclipse.m2e.core.internal.Bundles - getClasspathEntries(Bundle=org.eclipse.m2e.maven.runtime_3.9.700.20240602-2313 [644])
2024-09-10 11:50:38,257 [Worker-34: Launching mavenrun-594d48ed-5d12-4def-8143-40d94cdf3d1f] INFO  o.eclipse.m2e.core.internal.Bundles - 	Entry: C:\Users\LENOVO\.p2\pool\plugins\org.eclipse.m2e.maven.runtime_3.9.700.20240602-2313
2024-09-10 11:50:38,259 [Worker-34: Launching mavenrun-594d48ed-5d12-4def-8143-40d94cdf3d1f] INFO  o.eclipse.m2e.core.internal.Bundles - 	Entry: C:\Users\LENOVO\.p2\pool\plugins\org.eclipse.m2e.maven.runtime_3.9.700.20240602-2313\jars\aopalliance-1.0.jar
2024-09-10 11:50:38,260 [Worker-34: Launching mavenrun-594d48ed-5d12-4def-8143-40d94cdf3d1f] INFO  o.eclipse.m2e.core.internal.Bundles - 	Entry: C:\Users\LENOVO\.p2\pool\plugins\org.eclipse.m2e.maven.runtime_3.9.700.20240602-2313\jars\guice-5.1.0.jar
2024-09-10 11:50:38,262 [Worker-34: Launching mavenrun-594d48ed-5d12-4def-8143-40d94cdf3d1f] INFO  o.eclipse.m2e.core.internal.Bundles - 	Entry: C:\Users\LENOVO\.p2\pool\plugins\org.eclipse.m2e.maven.runtime_3.9.700.20240602-2313\jars\httpclient-4.5.14.jar
2024-09-10 11:50:38,262 [Worker-34: Launching mavenrun-594d48ed-5d12-4def-8143-40d94cdf3d1f] INFO  o.eclipse.m2e.core.internal.Bundles - 	Entry: C:\Users\LENOVO\.p2\pool\plugins\org.eclipse.m2e.maven.runtime_3.9.700.20240602-2313\jars\httpcore-4.4.16.jar
2024-09-10 11:50:38,262 [Worker-34: Launching mavenrun-594d48ed-5d12-4def-8143-40d94cdf3d1f] INFO  o.eclipse.m2e.core.internal.Bundles - 	Entry: C:\Users\LENOVO\.p2\pool\plugins\org.eclipse.m2e.maven.runtime_3.9.700.20240602-2313\jars\jansi-2.4.1.jar
2024-09-10 11:50:38,263 [Worker-34: Launching mavenrun-594d48ed-5d12-4def-8143-40d94cdf3d1f] INFO  o.eclipse.m2e.core.internal.Bundles - 	Entry: C:\Users\LENOVO\.p2\pool\plugins\org.eclipse.m2e.maven.runtime_3.9.700.20240602-2313\jars\jcl-over-slf4j-1.7.36.jar
2024-09-10 11:50:38,263 [Worker-34: Launching mavenrun-594d48ed-5d12-4def-8143-40d94cdf3d1f] INFO  o.eclipse.m2e.core.internal.Bundles - 	Entry: C:\Users\LENOVO\.p2\pool\plugins\org.eclipse.m2e.maven.runtime_3.9.700.20240602-2313\jars\maven-artifact-3.9.7.jar
2024-09-10 11:50:38,263 [Worker-34: Launching mavenrun-594d48ed-5d12-4def-8143-40d94cdf3d1f] INFO  o.eclipse.m2e.core.internal.Bundles - 	Entry: C:\Users\LENOVO\.p2\pool\plugins\org.eclipse.m2e.maven.runtime_3.9.700.20240602-2313\jars\maven-builder-support-3.9.7.jar
2024-09-10 11:50:38,264 [Worker-34: Launching mavenrun-594d48ed-5d12-4def-8143-40d94cdf3d1f] INFO  o.eclipse.m2e.core.internal.Bundles - 	Entry: C:\Users\LENOVO\.p2\pool\plugins\org.eclipse.m2e.maven.runtime_3.9.700.20240602-2313\jars\maven-compat-3.9.7.jar
2024-09-10 11:50:38,264 [Worker-34: Launching mavenrun-594d48ed-5d12-4def-8143-40d94cdf3d1f] INFO  o.eclipse.m2e.core.internal.Bundles - 	Entry: C:\Users\LENOVO\.p2\pool\plugins\org.eclipse.m2e.maven.runtime_3.9.700.20240602-2313\jars\maven-core-3.9.7.jar
2024-09-10 11:50:38,267 [Worker-34: Launching mavenrun-594d48ed-5d12-4def-8143-40d94cdf3d1f] INFO  o.eclipse.m2e.core.internal.Bundles - 	Entry: C:\Users\LENOVO\.p2\pool\plugins\org.eclipse.m2e.maven.runtime_3.9.700.20240602-2313\jars\maven-embedder-3.9.7.jar
2024-09-10 11:50:38,267 [Worker-34: Launching mavenrun-594d48ed-5d12-4def-8143-40d94cdf3d1f] INFO  o.eclipse.m2e.core.internal.Bundles - 	Entry: C:\Users\LENOVO\.p2\pool\plugins\org.eclipse.m2e.maven.runtime_3.9.700.20240602-2313\jars\maven-model-3.9.7.jar
2024-09-10 11:50:38,268 [Worker-34: Launching mavenrun-594d48ed-5d12-4def-8143-40d94cdf3d1f] INFO  o.eclipse.m2e.core.internal.Bundles - 	Entry: C:\Users\LENOVO\.p2\pool\plugins\org.eclipse.m2e.maven.runtime_3.9.700.20240602-2313\jars\maven-model-builder-3.9.7.jar
2024-09-10 11:50:38,268 [Worker-34: Launching mavenrun-594d48ed-5d12-4def-8143-40d94cdf3d1f] INFO  o.eclipse.m2e.core.internal.Bundles - 	Entry: C:\Users\LENOVO\.p2\pool\plugins\org.eclipse.m2e.maven.runtime_3.9.700.20240602-2313\jars\maven-plugin-api-3.9.7.jar
2024-09-10 11:50:38,268 [Worker-34: Launching mavenrun-594d48ed-5d12-4def-8143-40d94cdf3d1f] INFO  o.eclipse.m2e.core.internal.Bundles - 	Entry: C:\Users\LENOVO\.p2\pool\plugins\org.eclipse.m2e.maven.runtime_3.9.700.20240602-2313\jars\maven-repository-metadata-3.9.7.jar
2024-09-10 11:50:38,269 [Worker-34: Launching mavenrun-594d48ed-5d12-4def-8143-40d94cdf3d1f] INFO  o.eclipse.m2e.core.internal.Bundles - 	Entry: C:\Users\LENOVO\.p2\pool\plugins\org.eclipse.m2e.maven.runtime_3.9.700.20240602-2313\jars\maven-resolver-api-1.9.20.jar
2024-09-10 11:50:38,269 [Worker-34: Launching mavenrun-594d48ed-5d12-4def-8143-40d94cdf3d1f] INFO  o.eclipse.m2e.core.internal.Bundles - 	Entry: C:\Users\LENOVO\.p2\pool\plugins\org.eclipse.m2e.maven.runtime_3.9.700.20240602-2313\jars\maven-resolver-connector-basic-1.9.20.jar
2024-09-10 11:50:38,269 [Worker-34: Launching mavenrun-594d48ed-5d12-4def-8143-40d94cdf3d1f] INFO  o.eclipse.m2e.core.internal.Bundles - 	Entry: C:\Users\LENOVO\.p2\pool\plugins\org.eclipse.m2e.maven.runtime_3.9.700.20240602-2313\jars\maven-resolver-impl-1.9.20.jar
2024-09-10 11:50:38,270 [Worker-34: Launching mavenrun-594d48ed-5d12-4def-8143-40d94cdf3d1f] INFO  o.eclipse.m2e.core.internal.Bundles - 	Entry: C:\Users\LENOVO\.p2\pool\plugins\org.eclipse.m2e.maven.runtime_3.9.700.20240602-2313\jars\maven-resolver-named-locks-1.9.20.jar
2024-09-10 11:50:38,270 [Worker-34: Launching mavenrun-594d48ed-5d12-4def-8143-40d94cdf3d1f] INFO  o.eclipse.m2e.core.internal.Bundles - 	Entry: C:\Users\LENOVO\.p2\pool\plugins\org.eclipse.m2e.maven.runtime_3.9.700.20240602-2313\jars\maven-resolver-provider-3.9.7.jar
2024-09-10 11:50:38,270 [Worker-34: Launching mavenrun-594d48ed-5d12-4def-8143-40d94cdf3d1f] INFO  o.eclipse.m2e.core.internal.Bundles - 	Entry: C:\Users\LENOVO\.p2\pool\plugins\org.eclipse.m2e.maven.runtime_3.9.700.20240602-2313\jars\maven-resolver-spi-1.9.20.jar
2024-09-10 11:50:38,271 [Worker-34: Launching mavenrun-594d48ed-5d12-4def-8143-40d94cdf3d1f] INFO  o.eclipse.m2e.core.internal.Bundles - 	Entry: C:\Users\LENOVO\.p2\pool\plugins\org.eclipse.m2e.maven.runtime_3.9.700.20240602-2313\jars\maven-resolver-transport-file-1.9.20.jar
2024-09-10 11:50:38,271 [Worker-34: Launching mavenrun-594d48ed-5d12-4def-8143-40d94cdf3d1f] INFO  o.eclipse.m2e.core.internal.Bundles - 	Entry: C:\Users\LENOVO\.p2\pool\plugins\org.eclipse.m2e.maven.runtime_3.9.700.20240602-2313\jars\maven-resolver-transport-http-1.9.20.jar
2024-09-10 11:50:38,271 [Worker-34: Launching mavenrun-594d48ed-5d12-4def-8143-40d94cdf3d1f] INFO  o.eclipse.m2e.core.internal.Bundles - 	Entry: C:\Users\LENOVO\.p2\pool\plugins\org.eclipse.m2e.maven.runtime_3.9.700.20240602-2313\jars\maven-resolver-transport-wagon-1.9.20.jar
2024-09-10 11:50:38,272 [Worker-34: Launching mavenrun-594d48ed-5d12-4def-8143-40d94cdf3d1f] INFO  o.eclipse.m2e.core.internal.Bundles - 	Entry: C:\Users\LENOVO\.p2\pool\plugins\org.eclipse.m2e.maven.runtime_3.9.700.20240602-2313\jars\maven-resolver-util-1.9.20.jar
2024-09-10 11:50:38,272 [Worker-34: Launching mavenrun-594d48ed-5d12-4def-8143-40d94cdf3d1f] INFO  o.eclipse.m2e.core.internal.Bundles - 	Entry: C:\Users\LENOVO\.p2\pool\plugins\org.eclipse.m2e.maven.runtime_3.9.700.20240602-2313\jars\maven-settings-3.9.7.jar
2024-09-10 11:50:38,272 [Worker-34: Launching mavenrun-594d48ed-5d12-4def-8143-40d94cdf3d1f] INFO  o.eclipse.m2e.core.internal.Bundles - 	Entry: C:\Users\LENOVO\.p2\pool\plugins\org.eclipse.m2e.maven.runtime_3.9.700.20240602-2313\jars\maven-settings-builder-3.9.7.jar
2024-09-10 11:50:38,273 [Worker-34: Launching mavenrun-594d48ed-5d12-4def-8143-40d94cdf3d1f] INFO  o.eclipse.m2e.core.internal.Bundles - 	Entry: C:\Users\LENOVO\.p2\pool\plugins\org.eclipse.m2e.maven.runtime_3.9.700.20240602-2313\jars\maven-shared-utils-3.4.2.jar
2024-09-10 11:50:38,273 [Worker-34: Launching mavenrun-594d48ed-5d12-4def-8143-40d94cdf3d1f] INFO  o.eclipse.m2e.core.internal.Bundles - 	Entry: C:\Users\LENOVO\.p2\pool\plugins\org.eclipse.m2e.maven.runtime_3.9.700.20240602-2313\jars\org.eclipse.sisu.inject-0.9.0.M2.jar
2024-09-10 11:50:38,273 [Worker-34: Launching mavenrun-594d48ed-5d12-4def-8143-40d94cdf3d1f] INFO  o.eclipse.m2e.core.internal.Bundles - 	Entry: C:\Users\LENOVO\.p2\pool\plugins\org.eclipse.m2e.maven.runtime_3.9.700.20240602-2313\jars\org.eclipse.sisu.plexus-0.9.0.M2.jar
2024-09-10 11:50:38,273 [Worker-34: Launching mavenrun-594d48ed-5d12-4def-8143-40d94cdf3d1f] INFO  o.eclipse.m2e.core.internal.Bundles - 	Entry: C:\Users\LENOVO\.p2\pool\plugins\org.eclipse.m2e.maven.runtime_3.9.700.20240602-2313\jars\plexus-build-api-0.0.7.jar
2024-09-10 11:50:38,274 [Worker-34: Launching mavenrun-594d48ed-5d12-4def-8143-40d94cdf3d1f] INFO  o.eclipse.m2e.core.internal.Bundles - 	Entry: C:\Users\LENOVO\.p2\pool\plugins\org.eclipse.m2e.maven.runtime_3.9.700.20240602-2313\jars\plexus-build-api-1.2.0.jar
2024-09-10 11:50:38,274 [Worker-34: Launching mavenrun-594d48ed-5d12-4def-8143-40d94cdf3d1f] INFO  o.eclipse.m2e.core.internal.Bundles - 	Entry: C:\Users\LENOVO\.p2\pool\plugins\org.eclipse.m2e.maven.runtime_3.9.700.20240602-2313\jars\plexus-cipher-2.0.jar
2024-09-10 11:50:38,274 [Worker-34: Launching mavenrun-594d48ed-5d12-4def-8143-40d94cdf3d1f] INFO  o.eclipse.m2e.core.internal.Bundles - 	Entry: C:\Users\LENOVO\.p2\pool\plugins\org.eclipse.m2e.maven.runtime_3.9.700.20240602-2313\jars\plexus-classworlds-2.8.0.jar
2024-09-10 11:50:38,275 [Worker-34: Launching mavenrun-594d48ed-5d12-4def-8143-40d94cdf3d1f] INFO  o.eclipse.m2e.core.internal.Bundles - 	Entry: C:\Users\LENOVO\.p2\pool\plugins\org.eclipse.m2e.maven.runtime_3.9.700.20240602-2313\jars\plexus-component-annotations-2.1.0.jar
2024-09-10 11:50:38,275 [Worker-34: Launching mavenrun-594d48ed-5d12-4def-8143-40d94cdf3d1f] INFO  o.eclipse.m2e.core.internal.Bundles - 	Entry: C:\Users\LENOVO\.p2\pool\plugins\org.eclipse.m2e.maven.runtime_3.9.700.20240602-2313\jars\plexus-interpolation-1.27.jar
2024-09-10 11:50:38,275 [Worker-34: Launching mavenrun-594d48ed-5d12-4def-8143-40d94cdf3d1f] INFO  o.eclipse.m2e.core.internal.Bundles - 	Entry: C:\Users\LENOVO\.p2\pool\plugins\org.eclipse.m2e.maven.runtime_3.9.700.20240602-2313\jars\plexus-sec-dispatcher-2.0.jar
2024-09-10 11:50:38,275 [Worker-34: Launching mavenrun-594d48ed-5d12-4def-8143-40d94cdf3d1f] INFO  o.eclipse.m2e.core.internal.Bundles - 	Entry: C:\Users\LENOVO\.p2\pool\plugins\org.eclipse.m2e.maven.runtime_3.9.700.20240602-2313\jars\plexus-utils-3.5.1.jar
2024-09-10 11:50:38,276 [Worker-34: Launching mavenrun-594d48ed-5d12-4def-8143-40d94cdf3d1f] INFO  o.eclipse.m2e.core.internal.Bundles - 	Entry: C:\Users\LENOVO\.p2\pool\plugins\org.eclipse.m2e.maven.runtime_3.9.700.20240602-2313\jars\wagon-file-3.5.3.jar
2024-09-10 11:50:38,276 [Worker-34: Launching mavenrun-594d48ed-5d12-4def-8143-40d94cdf3d1f] INFO  o.eclipse.m2e.core.internal.Bundles - 	Entry: C:\Users\LENOVO\.p2\pool\plugins\org.eclipse.m2e.maven.runtime_3.9.700.20240602-2313\jars\wagon-http-3.5.3.jar
2024-09-10 11:50:38,277 [Worker-34: Launching mavenrun-594d48ed-5d12-4def-8143-40d94cdf3d1f] INFO  o.eclipse.m2e.core.internal.Bundles - 	Entry: C:\Users\LENOVO\.p2\pool\plugins\org.eclipse.m2e.maven.runtime_3.9.700.20240602-2313\jars\wagon-http-shared-3.5.3.jar
2024-09-10 11:50:38,279 [Worker-34: Launching mavenrun-594d48ed-5d12-4def-8143-40d94cdf3d1f] INFO  o.eclipse.m2e.core.internal.Bundles - 	Entry: C:\Users\LENOVO\.p2\pool\plugins\org.eclipse.m2e.maven.runtime_3.9.700.20240602-2313\jars\wagon-provider-api-3.5.3.jar
2024-09-10 11:50:38,280 [Worker-34: Launching mavenrun-594d48ed-5d12-4def-8143-40d94cdf3d1f] INFO  o.eclipse.m2e.core.internal.Bundles - getClasspathEntries(Bundle=com.google.guava_33.2.0.jre [16])
2024-09-10 11:50:38,281 [Worker-34: Launching mavenrun-594d48ed-5d12-4def-8143-40d94cdf3d1f] INFO  o.eclipse.m2e.core.internal.Bundles - 	Entry: C:\Users\LENOVO\.p2\pool\plugins\com.google.guava_33.2.0.jre.jar
2024-09-10 11:50:38,282 [Worker-34: Launching mavenrun-594d48ed-5d12-4def-8143-40d94cdf3d1f] INFO  o.eclipse.m2e.core.internal.Bundles - getClasspathEntries(Bundle=slf4j.api_2.0.16 [1009])
2024-09-10 11:50:38,283 [Worker-34: Launching mavenrun-594d48ed-5d12-4def-8143-40d94cdf3d1f] INFO  o.eclipse.m2e.core.internal.Bundles - 	Entry: C:\Users\LENOVO\.p2\pool\plugins\slf4j.api_2.0.16.jar
2024-09-10 11:50:38,283 [Worker-34: Launching mavenrun-594d48ed-5d12-4def-8143-40d94cdf3d1f] INFO  o.eclipse.m2e.core.internal.Bundles - getClasspathEntries(Bundle=jakarta.inject.jakarta.inject-api_1.0.5 [33])
2024-09-10 11:50:38,284 [Worker-34: Launching mavenrun-594d48ed-5d12-4def-8143-40d94cdf3d1f] INFO  o.eclipse.m2e.core.internal.Bundles - 	Entry: C:\Users\LENOVO\.p2\pool\plugins\jakarta.inject.jakarta.inject-api_1.0.5.jar
2024-09-10 11:50:38,284 [Worker-34: Launching mavenrun-594d48ed-5d12-4def-8143-40d94cdf3d1f] INFO  o.eclipse.m2e.core.internal.Bundles - getClasspathEntries(Bundle=javax.annotation_1.3.5.v20200909-1856 [44])
2024-09-10 11:50:38,285 [Worker-34: Launching mavenrun-594d48ed-5d12-4def-8143-40d94cdf3d1f] INFO  o.eclipse.m2e.core.internal.Bundles - 	Entry: C:\Users\LENOVO\.p2\pool\plugins\javax.annotation_1.3.5.v20200909-1856.jar
2024-09-10 11:50:38,285 [Worker-34: Launching mavenrun-594d48ed-5d12-4def-8143-40d94cdf3d1f] INFO  o.eclipse.m2e.core.internal.Bundles - getClasspathEntries(Bundle=org.apache.commons.cli_1.8.0 [78])
2024-09-10 11:50:38,286 [Worker-34: Launching mavenrun-594d48ed-5d12-4def-8143-40d94cdf3d1f] INFO  o.eclipse.m2e.core.internal.Bundles - 	Entry: C:\Users\LENOVO\.p2\pool\plugins\org.apache.commons.cli_1.8.0.jar
2024-09-10 11:50:38,286 [Worker-34: Launching mavenrun-594d48ed-5d12-4def-8143-40d94cdf3d1f] INFO  o.eclipse.m2e.core.internal.Bundles - getClasspathEntries(Bundle=org.apache.commons.commons-codec_1.16.0 [81])
2024-09-10 11:50:38,287 [Worker-34: Launching mavenrun-594d48ed-5d12-4def-8143-40d94cdf3d1f] INFO  o.eclipse.m2e.core.internal.Bundles - 	Entry: C:\Users\LENOVO\.p2\pool\plugins\org.apache.commons.commons-codec_1.16.0.jar
2024-09-10 11:50:38,287 [Worker-34: Launching mavenrun-594d48ed-5d12-4def-8143-40d94cdf3d1f] INFO  o.eclipse.m2e.core.internal.Bundles - getClasspathEntries(Bundle=org.apache.commons.lang3_3.14.0 [89])
2024-09-10 11:50:38,288 [Worker-34: Launching mavenrun-594d48ed-5d12-4def-8143-40d94cdf3d1f] INFO  o.eclipse.m2e.core.internal.Bundles - 	Entry: C:\Users\LENOVO\.p2\pool\plugins\org.apache.commons.lang3_3.14.0.jar
2024-09-10 11:50:38,288 [Worker-34: Launching mavenrun-594d48ed-5d12-4def-8143-40d94cdf3d1f] INFO  o.eclipse.m2e.core.internal.Bundles - getClasspathEntries(Bundle=com.google.guava.failureaccess_1.0.2 [17])
2024-09-10 11:50:38,289 [Worker-34: Launching mavenrun-594d48ed-5d12-4def-8143-40d94cdf3d1f] INFO  o.eclipse.m2e.core.internal.Bundles - 	Entry: C:\Users\LENOVO\.p2\pool\plugins\com.google.guava.failureaccess_1.0.2.jar
2024-09-10 11:50:39,812 [Worker-34: Launching mavenrun-594d48ed-5d12-4def-8143-40d94cdf3d1f] INFO  o.e.m.i.launch.MavenLaunchDelegate - Run build in "C:\Users\LENOVO\AppData\Local\Temp\m2e-archetypeGenerator2113089466273079631":
2024-09-10 11:50:39,813 [Worker-34: Launching mavenrun-594d48ed-5d12-4def-8143-40d94cdf3d1f] INFO  o.e.m.i.launch.MavenLaunchDelegate -  mvn  -DarchetypeGroupId=org.apache.maven.archetypes -DarchetypeArtifactId=maven-archetype-quickstart -DarchetypeVersion=1.4 -DgroupId=jdbc3 -DartifactId=jdbc3 -Dversion=0.0.1-SNAPSHOT -Dpackage=com.demo -DoutputDirectory=D:\java\eclipse\Jdbc -B -Dstyle.color=always -U archetype:generate
2024-09-10 11:50:49,316 [Worker-42: Creating maven-archetype-quickstart] INFO  o.e.m.c.i.p.ProjectConfigurationManager - Collecting project info '/pom.xml' D:\java\eclipse\Jdbc\jdbc3\pom.xml
2024-09-10 11:50:49,464 [Worker-42: Creating maven-archetype-quickstart] INFO  o.e.m.c.i.l.LifecycleMappingFactory - Using org.eclipse.m2e.jdt.JarLifecycleMapping lifecycle mapping for MavenProject: jdbc3:jdbc3:0.0.1-SNAPSHOT @ D:\java\eclipse\Jdbc\jdbc3\pom.xml.
2024-09-10 11:50:50,311 [Worker-42: Creating maven-archetype-quickstart] INFO  o.e.m.j.i.AbstractJavaProjectConfigurator - Adding source folder /jdbc3/src/main/java
2024-09-10 11:50:50,312 [Worker-42: Creating maven-archetype-quickstart] INFO  o.e.m.j.i.AbstractJavaProjectConfigurator - Adding resource folder /jdbc3/src/main/resources
2024-09-10 11:50:50,365 [Worker-42: Creating maven-archetype-quickstart] INFO  o.e.m.j.i.AbstractJavaProjectConfigurator - Adding source folder /jdbc3/src/test/java
2024-09-10 11:50:50,366 [Worker-42: Creating maven-archetype-quickstart] INFO  o.e.m.j.i.AbstractJavaProjectConfigurator - Adding resource folder /jdbc3/src/test/resources
2024-09-10 11:50:50,501 [Worker-42: Creating maven-archetype-quickstart] INFO  o.e.m.c.i.p.ProjectConfigurationManager - Imported and configured 1 project(s) in 1 sec
2024-09-10 11:50:50,835 [Worker-40: Building] INFO  o.e.m.c.i.embedder.EclipseLogger - Using 'UTF-8' encoding to copy filtered resources.
2024-09-10 11:50:50,836 [Worker-40: Building] INFO  o.e.m.c.i.embedder.EclipseLogger - skip non existing resourceDirectory D:\java\eclipse\Jdbc\jdbc3\src\main\resources
2024-09-10 11:50:50,845 [Worker-40: Building] INFO  o.e.m.c.i.embedder.EclipseLogger - Using 'UTF-8' encoding to copy filtered resources.
2024-09-10 11:50:50,847 [Worker-40: Building] INFO  o.e.m.c.i.embedder.EclipseLogger - skip non existing resourceDirectory D:\java\eclipse\Jdbc\jdbc3\src\test\resources
2024-09-10 11:51:10,196 [Worker-40: Building] INFO  o.e.m.c.i.l.LifecycleMappingFactory - Using org.eclipse.m2e.jdt.JarLifecycleMapping lifecycle mapping for MavenProject: jdbc3:jdbc3:0.0.1-SNAPSHOT @ D:\java\eclipse\Jdbc\jdbc3\pom.xml.
2024-09-10 11:51:10,269 [Worker-40: Building] INFO  o.e.m.c.i.embedder.EclipseLogger - Using 'UTF-8' encoding to copy filtered resources.
2024-09-10 11:51:10,269 [Worker-40: Building] INFO  o.e.m.c.i.embedder.EclipseLogger - skip non existing resourceDirectory D:\java\eclipse\Jdbc\jdbc3\src\main\resources
2024-09-10 11:51:10,272 [Worker-40: Building] INFO  o.e.m.c.i.embedder.EclipseLogger - Using 'UTF-8' encoding to copy filtered resources.
2024-09-10 11:51:10,274 [Worker-40: Building] INFO  o.e.m.c.i.embedder.EclipseLogger - skip non existing resourceDirectory D:\java\eclipse\Jdbc\jdbc3\src\test\resources
2024-09-10 11:51:11,538 [Worker-34: Building] INFO  o.e.m.c.i.embedder.EclipseLogger - Using 'UTF-8' encoding to copy filtered resources.
2024-09-10 11:51:11,539 [Worker-34: Building] INFO  o.e.m.c.i.embedder.EclipseLogger - skip non existing resourceDirectory D:\java\eclipse\Jdbc\jdbc3\src\main\resources
2024-09-10 11:51:11,545 [Worker-34: Building] INFO  o.e.m.c.i.embedder.EclipseLogger - Using 'UTF-8' encoding to copy filtered resources.
2024-09-10 11:51:11,545 [Worker-34: Building] INFO  o.e.m.c.i.embedder.EclipseLogger - skip non existing resourceDirectory D:\java\eclipse\Jdbc\jdbc3\src\test\resources
2024-09-10 11:52:02,299 [Worker-40: Building] INFO  o.e.m.c.i.embedder.EclipseLogger - Using 'UTF-8' encoding to copy filtered resources.
2024-09-10 11:52:02,300 [Worker-40: Building] INFO  o.e.m.c.i.embedder.EclipseLogger - skip non existing resourceDirectory D:\java\eclipse\Jdbc\jdbc3\src\main\resources
2024-09-10 11:52:02,304 [Worker-40: Building] INFO  o.e.m.c.i.embedder.EclipseLogger - Using 'UTF-8' encoding to copy filtered resources.
2024-09-10 11:52:02,304 [Worker-40: Building] INFO  o.e.m.c.i.embedder.EclipseLogger - skip non existing resourceDirectory D:\java\eclipse\Jdbc\jdbc3\src\test\resources
2024-09-10 11:55:41,368 [Worker-46: Building] INFO  o.e.m.c.i.embedder.EclipseLogger - Using 'UTF-8' encoding to copy filtered resources.
2024-09-10 11:55:41,370 [Worker-46: Building] INFO  o.e.m.c.i.embedder.EclipseLogger - skip non existing resourceDirectory D:\java\eclipse\Jdbc\jdbc3\src\main\resources
2024-09-10 11:55:41,377 [Worker-46: Building] INFO  o.e.m.c.i.embedder.EclipseLogger - Using 'UTF-8' encoding to copy filtered resources.
2024-09-10 11:55:41,377 [Worker-46: Building] INFO  o.e.m.c.i.embedder.EclipseLogger - skip non existing resourceDirectory D:\java\eclipse\Jdbc\jdbc3\src\test\resources
2024-09-10 11:56:33,955 [Worker-48: Building] INFO  o.e.m.c.i.embedder.EclipseLogger - Using 'UTF-8' encoding to copy filtered resources.
2024-09-10 11:56:33,955 [Worker-48: Building] INFO  o.e.m.c.i.embedder.EclipseLogger - skip non existing resourceDirectory D:\java\eclipse\Jdbc\jdbc3\src\main\resources
2024-09-10 11:56:33,959 [Worker-48: Building] INFO  o.e.m.c.i.embedder.EclipseLogger - Using 'UTF-8' encoding to copy filtered resources.
2024-09-10 11:56:33,959 [Worker-48: Building] INFO  o.e.m.c.i.embedder.EclipseLogger - skip non existing resourceDirectory D:\java\eclipse\Jdbc\jdbc3\src\test\resources
2024-09-10 12:13:06,683 [Worker-53: Building] INFO  o.e.m.c.i.embedder.EclipseLogger - Using 'UTF-8' encoding to copy filtered resources.
2024-09-10 12:13:06,684 [Worker-53: Building] INFO  o.e.m.c.i.embedder.EclipseLogger - skip non existing resourceDirectory D:\java\eclipse\Jdbc\jdbc3\src\main\resources
2024-09-10 12:13:06,688 [Worker-53: Building] INFO  o.e.m.c.i.embedder.EclipseLogger - Using 'UTF-8' encoding to copy filtered resources.
2024-09-10 12:13:06,688 [Worker-53: Building] INFO  o.e.m.c.i.embedder.EclipseLogger - skip non existing resourceDirectory D:\java\eclipse\Jdbc\jdbc3\src\test\resources
2024-09-10 12:13:12,783 [Worker-52: Building] INFO  o.e.m.c.i.embedder.EclipseLogger - Using 'UTF-8' encoding to copy filtered resources.
2024-09-10 12:13:12,783 [Worker-52: Building] INFO  o.e.m.c.i.embedder.EclipseLogger - skip non existing resourceDirectory D:\java\eclipse\Jdbc\jdbc3\src\main\resources
2024-09-10 12:13:12,787 [Worker-52: Building] INFO  o.e.m.c.i.embedder.EclipseLogger - Using 'UTF-8' encoding to copy filtered resources.
2024-09-10 12:13:12,787 [Worker-52: Building] INFO  o.e.m.c.i.embedder.EclipseLogger - skip non existing resourceDirectory D:\java\eclipse\Jdbc\jdbc3\src\test\resources
2024-09-10 12:13:18,257 [Worker-54: Building] INFO  o.e.m.c.i.embedder.EclipseLogger - Using 'UTF-8' encoding to copy filtered resources.
2024-09-10 12:13:18,257 [Worker-54: Building] INFO  o.e.m.c.i.embedder.EclipseLogger - skip non existing resourceDirectory D:\java\eclipse\Jdbc\jdbc3\src\main\resources
2024-09-10 12:13:18,260 [Worker-54: Building] INFO  o.e.m.c.i.embedder.EclipseLogger - Using 'UTF-8' encoding to copy filtered resources.
2024-09-10 12:13:18,261 [Worker-54: Building] INFO  o.e.m.c.i.embedder.EclipseLogger - skip non existing resourceDirectory D:\java\eclipse\Jdbc\jdbc3\src\test\resources
2024-09-10 12:13:25,521 [Worker-56: Building] INFO  o.e.m.c.i.embedder.EclipseLogger - Using 'UTF-8' encoding to copy filtered resources.
2024-09-10 12:13:25,521 [Worker-56: Building] INFO  o.e.m.c.i.embedder.EclipseLogger - skip non existing resourceDirectory D:\java\eclipse\Jdbc\jdbc2\src\main\resources
2024-09-10 12:13:25,524 [Worker-56: Building] INFO  o.e.m.c.i.embedder.EclipseLogger - Using 'UTF-8' encoding to copy filtered resources.
2024-09-10 12:13:25,524 [Worker-56: Building] INFO  o.e.m.c.i.embedder.EclipseLogger - skip non existing resourceDirectory D:\java\eclipse\Jdbc\jdbc2\src\test\resources
2024-09-10 12:15:28,458 [Worker-52: Building] INFO  o.e.m.c.i.embedder.EclipseLogger - Using 'UTF-8' encoding to copy filtered resources.
2024-09-10 12:15:28,459 [Worker-52: Building] INFO  o.e.m.c.i.embedder.EclipseLogger - skip non existing resourceDirectory D:\java\eclipse\Jdbc\jdbc2\src\main\resources
2024-09-10 12:15:28,462 [Worker-52: Building] INFO  o.e.m.c.i.embedder.EclipseLogger - Using 'UTF-8' encoding to copy filtered resources.
2024-09-10 12:15:28,463 [Worker-52: Building] INFO  o.e.m.c.i.embedder.EclipseLogger - skip non existing resourceDirectory D:\java\eclipse\Jdbc\jdbc2\src\test\resources
2024-09-10 20:26:59,519 [Worker-0: Loading available Gradle versions] INFO  o.e.b.c.i.u.g.PublishedGradleVersions - Gradle version information cache is out-of-date. Trying to update.
2024-09-10 20:27:03,483 [Worker-0: Loading available Gradle versions] INFO  o.e.b.c.i.u.g.PublishedGradleVersions - Updating Gradle version information cache failed. Using outdated cache.
2024-09-10 22:33:31,588 [Worker-29: Building] INFO  o.e.m.c.i.embedder.EclipseLogger - Using 'UTF-8' encoding to copy filtered resources.
2024-09-10 22:33:31,595 [Worker-29: Building] INFO  o.e.m.c.i.embedder.EclipseLogger - skip non existing resourceDirectory D:\java\eclipse\Jdbc\jdbc2\src\main\resources
2024-09-10 22:33:31,603 [Worker-29: Building] INFO  o.e.m.c.i.embedder.EclipseLogger - Using 'UTF-8' encoding to copy filtered resources.
2024-09-10 22:33:31,604 [Worker-29: Building] INFO  o.e.m.c.i.embedder.EclipseLogger - skip non existing resourceDirectory D:\java\eclipse\Jdbc\jdbc2\src\test\resources
2024-09-11 10:22:28,482 [Worker-1: Loading available Gradle versions] INFO  o.e.b.c.i.u.g.PublishedGradleVersions - Gradle version information cache is out-of-date. Trying to update.
2024-09-11 10:30:20,746 [Worker-14: Building] INFO  o.e.m.c.i.embedder.EclipseLogger - Using 'UTF-8' encoding to copy filtered resources.
2024-09-11 10:30:20,749 [Worker-14: Building] INFO  o.e.m.c.i.embedder.EclipseLogger - skip non existing resourceDirectory D:\java\eclipse\Jdbc\jdbc2\src\main\resources
2024-09-11 10:30:20,755 [Worker-14: Building] INFO  o.e.m.c.i.embedder.EclipseLogger - Using 'UTF-8' encoding to copy filtered resources.
2024-09-11 10:30:20,755 [Worker-14: Building] INFO  o.e.m.c.i.embedder.EclipseLogger - skip non existing resourceDirectory D:\java\eclipse\Jdbc\jdbc2\src\test\resources
2024-09-11 10:30:21,447 [Worker-14: Building] INFO  o.e.m.c.i.embedder.EclipseLogger - Using 'UTF-8' encoding to copy filtered resources.
2024-09-11 10:30:21,447 [Worker-14: Building] INFO  o.e.m.c.i.embedder.EclipseLogger - skip non existing resourceDirectory D:\java\eclipse\Jdbc\jdbc3\src\main\resources
2024-09-11 10:30:21,450 [Worker-14: Building] INFO  o.e.m.c.i.embedder.EclipseLogger - Using 'UTF-8' encoding to copy filtered resources.
2024-09-11 10:30:21,451 [Worker-14: Building] INFO  o.e.m.c.i.embedder.EclipseLogger - skip non existing resourceDirectory D:\java\eclipse\Jdbc\jdbc3\src\test\resources
2024-09-11 10:30:53,434 [Worker-16: Building] INFO  o.e.m.c.i.embedder.EclipseLogger - Using 'UTF-8' encoding to copy filtered resources.
2024-09-11 10:30:53,434 [Worker-16: Building] INFO  o.e.m.c.i.embedder.EclipseLogger - skip non existing resourceDirectory D:\java\eclipse\Jdbc\jdbc2\src\main\resources
2024-09-11 10:30:53,438 [Worker-16: Building] INFO  o.e.m.c.i.embedder.EclipseLogger - Using 'UTF-8' encoding to copy filtered resources.
2024-09-11 10:30:53,438 [Worker-16: Building] INFO  o.e.m.c.i.embedder.EclipseLogger - skip non existing resourceDirectory D:\java\eclipse\Jdbc\jdbc2\src\test\resources
2024-09-11 10:33:55,689 [Worker-17: Building] INFO  o.e.m.c.i.embedder.EclipseLogger - Using 'UTF-8' encoding to copy filtered resources.
2024-09-11 10:33:55,690 [Worker-17: Building] INFO  o.e.m.c.i.embedder.EclipseLogger - skip non existing resourceDirectory D:\java\eclipse\Jdbc\jdbc2\src\main\resources
2024-09-11 10:33:55,692 [Worker-17: Building] INFO  o.e.m.c.i.embedder.EclipseLogger - Using 'UTF-8' encoding to copy filtered resources.
2024-09-11 10:33:55,692 [Worker-17: Building] INFO  o.e.m.c.i.embedder.EclipseLogger - skip non existing resourceDirectory D:\java\eclipse\Jdbc\jdbc2\src\test\resources
2024-09-11 10:44:54,456 [Worker-15: Building] INFO  o.e.m.c.i.embedder.EclipseLogger - Using 'UTF-8' encoding to copy filtered resources.
2024-09-11 10:44:54,456 [Worker-15: Building] INFO  o.e.m.c.i.embedder.EclipseLogger - skip non existing resourceDirectory D:\java\eclipse\Jdbc\jdbc2\src\main\resources
2024-09-11 10:44:54,459 [Worker-15: Building] INFO  o.e.m.c.i.embedder.EclipseLogger - Using 'UTF-8' encoding to copy filtered resources.
2024-09-11 10:44:54,459 [Worker-15: Building] INFO  o.e.m.c.i.embedder.EclipseLogger - skip non existing resourceDirectory D:\java\eclipse\Jdbc\jdbc2\src\test\resources
2024-09-11 10:46:51,912 [Worker-15: Building] INFO  o.e.m.c.i.embedder.EclipseLogger - Using 'UTF-8' encoding to copy filtered resources.
2024-09-11 10:46:51,912 [Worker-15: Building] INFO  o.e.m.c.i.embedder.EclipseLogger - skip non existing resourceDirectory D:\java\eclipse\Jdbc\jdbc2\src\main\resources
2024-09-11 10:46:51,915 [Worker-15: Building] INFO  o.e.m.c.i.embedder.EclipseLogger - Using 'UTF-8' encoding to copy filtered resources.
2024-09-11 10:46:51,915 [Worker-15: Building] INFO  o.e.m.c.i.embedder.EclipseLogger - skip non existing resourceDirectory D:\java\eclipse\Jdbc\jdbc2\src\test\resources
2024-09-11 10:47:33,072 [Worker-19: Building] INFO  o.e.m.c.i.embedder.EclipseLogger - Using 'UTF-8' encoding to copy filtered resources.
2024-09-11 10:47:33,072 [Worker-19: Building] INFO  o.e.m.c.i.embedder.EclipseLogger - skip non existing resourceDirectory D:\java\eclipse\Jdbc\jdbc2\src\main\resources
2024-09-11 10:47:33,075 [Worker-19: Building] INFO  o.e.m.c.i.embedder.EclipseLogger - Using 'UTF-8' encoding to copy filtered resources.
2024-09-11 10:47:33,075 [Worker-19: Building] INFO  o.e.m.c.i.embedder.EclipseLogger - skip non existing resourceDirectory D:\java\eclipse\Jdbc\jdbc2\src\test\resources
2024-09-11 11:33:35,173 [Worker-31: Building] INFO  o.e.m.c.i.embedder.EclipseLogger - Using 'UTF-8' encoding to copy filtered resources.
2024-09-11 11:33:35,173 [Worker-31: Building] INFO  o.e.m.c.i.embedder.EclipseLogger - skip non existing resourceDirectory D:\java\eclipse\Jdbc\jdbc2\src\main\resources
2024-09-11 11:33:35,177 [Worker-31: Building] INFO  o.e.m.c.i.embedder.EclipseLogger - Using 'UTF-8' encoding to copy filtered resources.
2024-09-11 11:33:35,177 [Worker-31: Building] INFO  o.e.m.c.i.embedder.EclipseLogger - skip non existing resourceDirectory D:\java\eclipse\Jdbc\jdbc2\src\test\resources
2024-09-11 11:34:17,843 [Worker-30: Building] INFO  o.e.m.c.i.embedder.EclipseLogger - Using 'UTF-8' encoding to copy filtered resources.
2024-09-11 11:34:17,843 [Worker-30: Building] INFO  o.e.m.c.i.embedder.EclipseLogger - skip non existing resourceDirectory D:\java\eclipse\Jdbc\jdbc2\src\main\resources
2024-09-11 11:34:17,848 [Worker-30: Building] INFO  o.e.m.c.i.embedder.EclipseLogger - Using 'UTF-8' encoding to copy filtered resources.
2024-09-11 11:34:17,848 [Worker-30: Building] INFO  o.e.m.c.i.embedder.EclipseLogger - skip non existing resourceDirectory D:\java\eclipse\Jdbc\jdbc2\src\test\resources
2024-09-11 11:57:36,400 [Worker-32: Building] INFO  o.e.m.c.i.embedder.EclipseLogger - Using 'UTF-8' encoding to copy filtered resources.
2024-09-11 11:57:36,401 [Worker-32: Building] INFO  o.e.m.c.i.embedder.EclipseLogger - skip non existing resourceDirectory D:\java\eclipse\Jdbc\jdbc2\src\main\resources
2024-09-11 11:57:36,403 [Worker-32: Building] INFO  o.e.m.c.i.embedder.EclipseLogger - Using 'UTF-8' encoding to copy filtered resources.
2024-09-11 11:57:36,403 [Worker-32: Building] INFO  o.e.m.c.i.embedder.EclipseLogger - skip non existing resourceDirectory D:\java\eclipse\Jdbc\jdbc2\src\test\resources
2024-09-11 11:59:13,699 [Worker-23: Building] INFO  o.e.m.c.i.embedder.EclipseLogger - Using 'UTF-8' encoding to copy filtered resources.
2024-09-11 11:59:13,699 [Worker-23: Building] INFO  o.e.m.c.i.embedder.EclipseLogger - skip non existing resourceDirectory D:\java\eclipse\Jdbc\jdbc2\src\main\resources
2024-09-11 11:59:13,702 [Worker-23: Building] INFO  o.e.m.c.i.embedder.EclipseLogger - Using 'UTF-8' encoding to copy filtered resources.
2024-09-11 11:59:13,703 [Worker-23: Building] INFO  o.e.m.c.i.embedder.EclipseLogger - skip non existing resourceDirectory D:\java\eclipse\Jdbc\jdbc2\src\test\resources
2024-09-11 11:59:54,817 [Worker-37: Building] INFO  o.e.m.c.i.embedder.EclipseLogger - Using 'UTF-8' encoding to copy filtered resources.
2024-09-11 11:59:54,817 [Worker-37: Building] INFO  o.e.m.c.i.embedder.EclipseLogger - skip non existing resourceDirectory D:\java\eclipse\Jdbc\jdbc2\src\main\resources
2024-09-11 11:59:55,126 [Worker-37: Building] INFO  o.e.m.c.i.embedder.EclipseLogger - Using 'UTF-8' encoding to copy filtered resources.
2024-09-11 11:59:55,126 [Worker-37: Building] INFO  o.e.m.c.i.embedder.EclipseLogger - skip non existing resourceDirectory D:\java\eclipse\Jdbc\jdbc2\src\test\resources
2024-09-11 12:01:09,386 [Worker-36: Building] INFO  o.e.m.c.i.embedder.EclipseLogger - Using 'UTF-8' encoding to copy filtered resources.
2024-09-11 12:01:09,386 [Worker-36: Building] INFO  o.e.m.c.i.embedder.EclipseLogger - skip non existing resourceDirectory D:\java\eclipse\Jdbc\jdbc2\src\main\resources
2024-09-11 12:01:09,389 [Worker-36: Building] INFO  o.e.m.c.i.embedder.EclipseLogger - Using 'UTF-8' encoding to copy filtered resources.
2024-09-11 12:01:09,389 [Worker-36: Building] INFO  o.e.m.c.i.embedder.EclipseLogger - skip non existing resourceDirectory D:\java\eclipse\Jdbc\jdbc2\src\test\resources
2024-09-11 12:20:32,565 [Worker-23: Building] INFO  o.e.m.c.i.embedder.EclipseLogger - Using 'UTF-8' encoding to copy filtered resources.
2024-09-11 12:20:32,565 [Worker-23: Building] INFO  o.e.m.c.i.embedder.EclipseLogger - skip non existing resourceDirectory D:\java\eclipse\Jdbc\jdbc2\src\main\resources
2024-09-11 12:20:32,568 [Worker-23: Building] INFO  o.e.m.c.i.embedder.EclipseLogger - Using 'UTF-8' encoding to copy filtered resources.
2024-09-11 12:20:32,568 [Worker-23: Building] INFO  o.e.m.c.i.embedder.EclipseLogger - skip non existing resourceDirectory D:\java\eclipse\Jdbc\jdbc2\src\test\resources
2024-09-11 12:21:01,322 [Worker-23: Building] INFO  o.e.m.c.i.embedder.EclipseLogger - Using 'UTF-8' encoding to copy filtered resources.
2024-09-11 12:21:01,323 [Worker-23: Building] INFO  o.e.m.c.i.embedder.EclipseLogger - skip non existing resourceDirectory D:\java\eclipse\Jdbc\jdbc2\src\main\resources
2024-09-11 12:21:01,326 [Worker-23: Building] INFO  o.e.m.c.i.embedder.EclipseLogger - Using 'UTF-8' encoding to copy filtered resources.
2024-09-11 12:21:01,326 [Worker-23: Building] INFO  o.e.m.c.i.embedder.EclipseLogger - skip non existing resourceDirectory D:\java\eclipse\Jdbc\jdbc2\src\test\resources
2024-09-11 12:29:14,356 [Worker-39: Building] INFO  o.e.m.c.i.embedder.EclipseLogger - Using 'UTF-8' encoding to copy filtered resources.
2024-09-11 12:29:14,356 [Worker-39: Building] INFO  o.e.m.c.i.embedder.EclipseLogger - skip non existing resourceDirectory D:\java\eclipse\Jdbc\jdbc2\src\main\resources
2024-09-11 12:29:14,358 [Worker-39: Building] INFO  o.e.m.c.i.embedder.EclipseLogger - Using 'UTF-8' encoding to copy filtered resources.
2024-09-11 12:29:14,358 [Worker-39: Building] INFO  o.e.m.c.i.embedder.EclipseLogger - skip non existing resourceDirectory D:\java\eclipse\Jdbc\jdbc2\src\test\resources
2024-09-11 12:31:19,462 [Worker-38: Building] INFO  o.e.m.c.i.embedder.EclipseLogger - Using 'UTF-8' encoding to copy filtered resources.
2024-09-11 12:31:19,462 [Worker-38: Building] INFO  o.e.m.c.i.embedder.EclipseLogger - skip non existing resourceDirectory D:\java\eclipse\Jdbc\jdbc2\src\main\resources
2024-09-11 12:31:19,464 [Worker-38: Building] INFO  o.e.m.c.i.embedder.EclipseLogger - Using 'UTF-8' encoding to copy filtered resources.
2024-09-11 12:31:19,464 [Worker-38: Building] INFO  o.e.m.c.i.embedder.EclipseLogger - skip non existing resourceDirectory D:\java\eclipse\Jdbc\jdbc2\src\test\resources
2024-09-11 12:32:49,274 [Worker-23: Building] INFO  o.e.m.c.i.embedder.EclipseLogger - Using 'UTF-8' encoding to copy filtered resources.
2024-09-11 12:32:49,275 [Worker-23: Building] INFO  o.e.m.c.i.embedder.EclipseLogger - skip non existing resourceDirectory D:\java\eclipse\Jdbc\jdbc2\src\main\resources
2024-09-11 12:32:49,278 [Worker-23: Building] INFO  o.e.m.c.i.embedder.EclipseLogger - Using 'UTF-8' encoding to copy filtered resources.
2024-09-11 12:32:49,278 [Worker-23: Building] INFO  o.e.m.c.i.embedder.EclipseLogger - skip non existing resourceDirectory D:\java\eclipse\Jdbc\jdbc2\src\test\resources
2024-09-11 12:32:56,802 [Worker-23: Building] INFO  o.e.m.c.i.embedder.EclipseLogger - Using 'UTF-8' encoding to copy filtered resources.
2024-09-11 12:32:56,802 [Worker-23: Building] INFO  o.e.m.c.i.embedder.EclipseLogger - skip non existing resourceDirectory D:\java\eclipse\Jdbc\jdbc2\src\main\resources
2024-09-11 12:32:56,805 [Worker-23: Building] INFO  o.e.m.c.i.embedder.EclipseLogger - Using 'UTF-8' encoding to copy filtered resources.
2024-09-11 12:32:56,805 [Worker-23: Building] INFO  o.e.m.c.i.embedder.EclipseLogger - skip non existing resourceDirectory D:\java\eclipse\Jdbc\jdbc2\src\test\resources
2024-09-11 12:35:28,996 [Worker-37: Building] INFO  o.e.m.c.i.embedder.EclipseLogger - Using 'UTF-8' encoding to copy filtered resources.
2024-09-11 12:35:28,996 [Worker-37: Building] INFO  o.e.m.c.i.embedder.EclipseLogger - skip non existing resourceDirectory D:\java\eclipse\Jdbc\jdbc2\src\main\resources
2024-09-11 12:35:28,999 [Worker-37: Building] INFO  o.e.m.c.i.embedder.EclipseLogger - Using 'UTF-8' encoding to copy filtered resources.
2024-09-11 12:35:29,000 [Worker-37: Building] INFO  o.e.m.c.i.embedder.EclipseLogger - skip non existing resourceDirectory D:\java\eclipse\Jdbc\jdbc2\src\test\resources
2024-09-11 12:35:48,942 [Worker-41: Building] INFO  o.e.m.c.i.embedder.EclipseLogger - Using 'UTF-8' encoding to copy filtered resources.
2024-09-11 12:35:48,942 [Worker-41: Building] INFO  o.e.m.c.i.embedder.EclipseLogger - skip non existing resourceDirectory D:\java\eclipse\Jdbc\jdbc2\src\main\resources
2024-09-11 12:35:48,945 [Worker-41: Building] INFO  o.e.m.c.i.embedder.EclipseLogger - Using 'UTF-8' encoding to copy filtered resources.
2024-09-11 12:35:48,945 [Worker-41: Building] INFO  o.e.m.c.i.embedder.EclipseLogger - skip non existing resourceDirectory D:\java\eclipse\Jdbc\jdbc2\src\test\resources
2024-09-11 12:36:51,418 [Worker-37: Building] INFO  o.e.m.c.i.embedder.EclipseLogger - Using 'UTF-8' encoding to copy filtered resources.
2024-09-11 12:36:51,419 [Worker-37: Building] INFO  o.e.m.c.i.embedder.EclipseLogger - skip non existing resourceDirectory D:\java\eclipse\Jdbc\jdbc2\src\main\resources
2024-09-11 12:36:51,421 [Worker-37: Building] INFO  o.e.m.c.i.embedder.EclipseLogger - Using 'UTF-8' encoding to copy filtered resources.
2024-09-11 12:36:51,421 [Worker-37: Building] INFO  o.e.m.c.i.embedder.EclipseLogger - skip non existing resourceDirectory D:\java\eclipse\Jdbc\jdbc2\src\test\resources
2024-09-11 12:42:00,240 [Worker-38: Building] INFO  o.e.m.c.i.embedder.EclipseLogger - Using 'UTF-8' encoding to copy filtered resources.
2024-09-11 12:42:00,241 [Worker-38: Building] INFO  o.e.m.c.i.embedder.EclipseLogger - skip non existing resourceDirectory D:\java\eclipse\Jdbc\jdbc2\src\main\resources
2024-09-11 12:42:00,245 [Worker-38: Building] INFO  o.e.m.c.i.embedder.EclipseLogger - Using 'UTF-8' encoding to copy filtered resources.
2024-09-11 12:42:00,245 [Worker-38: Building] INFO  o.e.m.c.i.embedder.EclipseLogger - skip non existing resourceDirectory D:\java\eclipse\Jdbc\jdbc2\src\test\resources
2024-09-11 12:46:59,782 [Worker-23: Building] INFO  o.e.m.c.i.embedder.EclipseLogger - Using 'UTF-8' encoding to copy filtered resources.
2024-09-11 12:46:59,783 [Worker-23: Building] INFO  o.e.m.c.i.embedder.EclipseLogger - skip non existing resourceDirectory D:\java\eclipse\Jdbc\jdbc2\src\main\resources
2024-09-11 12:46:59,787 [Worker-23: Building] INFO  o.e.m.c.i.embedder.EclipseLogger - Using 'UTF-8' encoding to copy filtered resources.
2024-09-11 12:46:59,787 [Worker-23: Building] INFO  o.e.m.c.i.embedder.EclipseLogger - skip non existing resourceDirectory D:\java\eclipse\Jdbc\jdbc2\src\test\resources
2024-09-11 12:54:10,121 [Worker-38: Updating Maven Dependencies] ERROR o.e.m.j.i.l.MavenLaunchConfigurationListener - Launch configuration App (1) references closed project jdbc2
org.eclipse.core.runtime.CoreException: Launch configuration App (1) references closed project jdbc2
	at org.eclipse.jdt.launching.JavaRuntime.abort(JavaRuntime.java:1867)
	at org.eclipse.jdt.launching.JavaRuntime.getJavaProject(JavaRuntime.java:1741)
	at org.eclipse.m2e.jdt.internal.launch.MavenLaunchConfigurationListener.updateLaunchConfiguration(MavenLaunchConfigurationListener.java:64)
	at org.eclipse.m2e.jdt.internal.launch.MavenLaunchConfigurationListener.launchConfigurationChanged(MavenLaunchConfigurationListener.java:50)
	at org.eclipse.debug.internal.core.LaunchManager$ConfigurationNotifier.run(LaunchManager.java:220)
	at org.eclipse.core.runtime.SafeRunner.run(SafeRunner.java:47)
	at org.eclipse.debug.internal.core.LaunchManager$ConfigurationNotifier.notify(LaunchManager.java:204)
	at org.eclipse.debug.internal.core.LaunchConfigurationWorkingCopy.setDirty(LaunchConfigurationWorkingCopy.java:527)
	at org.eclipse.debug.internal.core.LaunchConfigurationWorkingCopy.setAttribute(LaunchConfigurationWorkingCopy.java:415)
	at org.eclipse.m2e.jdt.internal.launch.MavenRuntimeClasspathProvider.disable(MavenRuntimeClasspathProvider.java:409)
	at org.eclipse.m2e.jdt.internal.launch.MavenRuntimeClasspathProvider.disable(MavenRuntimeClasspathProvider.java:435)
	at org.eclipse.m2e.jdt.internal.launch.MavenLaunchConfigurationListener.mavenProjectChanged(MavenLaunchConfigurationListener.java:135)
	at org.eclipse.m2e.core.internal.project.registry.ProjectRegistryManager.notifyProjectChangeListeners(ProjectRegistryManager.java:892)
	at org.eclipse.m2e.core.internal.project.registry.ProjectRegistryManager.applyMutableProjectRegistry(ProjectRegistryManager.java:1042)
	at org.eclipse.m2e.core.internal.project.registry.ProjectRegistryRefreshJob.lambda$0(ProjectRegistryRefreshJob.java:162)
	at org.eclipse.m2e.core.internal.embedder.MavenExecutionContext.executeBare(MavenExecutionContext.java:458)
	at org.eclipse.m2e.core.internal.embedder.MavenExecutionContext.execute(MavenExecutionContext.java:339)
	at org.eclipse.m2e.core.internal.embedder.MavenExecutionContext.execute(MavenExecutionContext.java:278)
	at org.eclipse.m2e.core.internal.project.registry.ProjectRegistryRefreshJob.run(ProjectRegistryRefreshJob.java:106)
	at org.eclipse.core.internal.jobs.Worker.run(Worker.java:63)
2024-09-11 12:54:10,204 [Worker-38: Updating Maven Dependencies] ERROR o.e.m.j.i.l.MavenLaunchConfigurationListener - Launch configuration App (1) references closed project jdbc2
org.eclipse.core.runtime.CoreException: Launch configuration App (1) references closed project jdbc2
	at org.eclipse.jdt.launching.JavaRuntime.abort(JavaRuntime.java:1867)
	at org.eclipse.jdt.launching.JavaRuntime.getJavaProject(JavaRuntime.java:1741)
	at org.eclipse.m2e.jdt.internal.launch.MavenLaunchConfigurationListener.updateLaunchConfiguration(MavenLaunchConfigurationListener.java:64)
	at org.eclipse.m2e.jdt.internal.launch.MavenLaunchConfigurationListener.launchConfigurationChanged(MavenLaunchConfigurationListener.java:50)
	at org.eclipse.debug.internal.core.LaunchManager$ConfigurationNotifier.run(LaunchManager.java:220)
	at org.eclipse.core.runtime.SafeRunner.run(SafeRunner.java:47)
	at org.eclipse.debug.internal.core.LaunchManager$ConfigurationNotifier.notify(LaunchManager.java:204)
	at org.eclipse.debug.internal.core.LaunchConfigurationWorkingCopy.setDirty(LaunchConfigurationWorkingCopy.java:527)
	at org.eclipse.debug.internal.core.LaunchConfigurationWorkingCopy.setAttribute(LaunchConfigurationWorkingCopy.java:415)
	at org.eclipse.m2e.jdt.internal.launch.MavenRuntimeClasspathProvider.disable(MavenRuntimeClasspathProvider.java:410)
	at org.eclipse.m2e.jdt.internal.launch.MavenRuntimeClasspathProvider.disable(MavenRuntimeClasspathProvider.java:435)
	at org.eclipse.m2e.jdt.internal.launch.MavenLaunchConfigurationListener.mavenProjectChanged(MavenLaunchConfigurationListener.java:135)
	at org.eclipse.m2e.core.internal.project.registry.ProjectRegistryManager.notifyProjectChangeListeners(ProjectRegistryManager.java:892)
	at org.eclipse.m2e.core.internal.project.registry.ProjectRegistryManager.applyMutableProjectRegistry(ProjectRegistryManager.java:1042)
	at org.eclipse.m2e.core.internal.project.registry.ProjectRegistryRefreshJob.lambda$0(ProjectRegistryRefreshJob.java:162)
	at org.eclipse.m2e.core.internal.embedder.MavenExecutionContext.executeBare(MavenExecutionContext.java:458)
	at org.eclipse.m2e.core.internal.embedder.MavenExecutionContext.execute(MavenExecutionContext.java:339)
	at org.eclipse.m2e.core.internal.embedder.MavenExecutionContext.execute(MavenExecutionContext.java:278)
	at org.eclipse.m2e.core.internal.project.registry.ProjectRegistryRefreshJob.run(ProjectRegistryRefreshJob.java:106)
	at org.eclipse.core.internal.jobs.Worker.run(Worker.java:63)
2024-09-11 12:54:10,250 [Worker-38: Updating Maven Dependencies] ERROR o.e.m.j.i.l.MavenLaunchConfigurationListener - Launch configuration App (1) references closed project jdbc2
org.eclipse.core.runtime.CoreException: Launch configuration App (1) references closed project jdbc2
	at org.eclipse.jdt.launching.JavaRuntime.abort(JavaRuntime.java:1867)
	at org.eclipse.jdt.launching.JavaRuntime.getJavaProject(JavaRuntime.java:1741)
	at org.eclipse.m2e.jdt.internal.launch.MavenLaunchConfigurationListener.updateLaunchConfiguration(MavenLaunchConfigurationListener.java:64)
	at org.eclipse.m2e.jdt.internal.launch.MavenLaunchConfigurationListener.launchConfigurationChanged(MavenLaunchConfigurationListener.java:50)
	at org.eclipse.debug.internal.core.LaunchManager$ConfigurationNotifier.run(LaunchManager.java:220)
	at org.eclipse.core.runtime.SafeRunner.run(SafeRunner.java:47)
	at org.eclipse.debug.internal.core.LaunchManager$ConfigurationNotifier.notify(LaunchManager.java:204)
	at org.eclipse.debug.internal.core.LaunchManager.launchConfigurationChanged(LaunchManager.java:2010)
	at org.eclipse.debug.internal.core.LaunchConfigurationWorkingCopy.writeNewFile(LaunchConfigurationWorkingCopy.java:380)
	at org.eclipse.debug.internal.core.LaunchConfigurationWorkingCopy.doSave0(LaunchConfigurationWorkingCopy.java:259)
	at org.eclipse.debug.internal.core.LaunchConfigurationWorkingCopy.doSave(LaunchConfigurationWorkingCopy.java:229)
	at org.eclipse.debug.internal.core.LaunchConfigurationWorkingCopy.doSave(LaunchConfigurationWorkingCopy.java:187)
	at org.eclipse.m2e.jdt.internal.launch.MavenRuntimeClasspathProvider.disable(MavenRuntimeClasspathProvider.java:411)
	at org.eclipse.m2e.jdt.internal.launch.MavenRuntimeClasspathProvider.disable(MavenRuntimeClasspathProvider.java:435)
	at org.eclipse.m2e.jdt.internal.launch.MavenLaunchConfigurationListener.mavenProjectChanged(MavenLaunchConfigurationListener.java:135)
	at org.eclipse.m2e.core.internal.project.registry.ProjectRegistryManager.notifyProjectChangeListeners(ProjectRegistryManager.java:892)
	at org.eclipse.m2e.core.internal.project.registry.ProjectRegistryManager.applyMutableProjectRegistry(ProjectRegistryManager.java:1042)
	at org.eclipse.m2e.core.internal.project.registry.ProjectRegistryRefreshJob.lambda$0(ProjectRegistryRefreshJob.java:162)
	at org.eclipse.m2e.core.internal.embedder.MavenExecutionContext.executeBare(MavenExecutionContext.java:458)
	at org.eclipse.m2e.core.internal.embedder.MavenExecutionContext.execute(MavenExecutionContext.java:339)
	at org.eclipse.m2e.core.internal.embedder.MavenExecutionContext.execute(MavenExecutionContext.java:278)
	at org.eclipse.m2e.core.internal.project.registry.ProjectRegistryRefreshJob.run(ProjectRegistryRefreshJob.java:106)
	at org.eclipse.core.internal.jobs.Worker.run(Worker.java:63)
2024-09-11 13:34:26,925 [Worker-45: Building] INFO  o.e.m.c.i.embedder.EclipseLogger - Using 'UTF-8' encoding to copy filtered resources.
2024-09-11 13:34:26,926 [Worker-45: Building] INFO  o.e.m.c.i.embedder.EclipseLogger - skip non existing resourceDirectory D:\java\eclipse\Jdbc\jdbc3\src\main\resources
2024-09-11 13:34:26,930 [Worker-45: Building] INFO  o.e.m.c.i.embedder.EclipseLogger - Using 'UTF-8' encoding to copy filtered resources.
2024-09-11 13:34:26,930 [Worker-45: Building] INFO  o.e.m.c.i.embedder.EclipseLogger - skip non existing resourceDirectory D:\java\eclipse\Jdbc\jdbc3\src\test\resources
2024-09-11 13:34:33,423 [Worker-44: Updating Maven Dependencies] INFO  o.e.m.c.i.l.LifecycleMappingFactory - Using org.eclipse.m2e.jdt.JarLifecycleMapping lifecycle mapping for MavenProject: jdbc2:jdbc2:0.0.1-SNAPSHOT @ D:\java\eclipse\Jdbc\jdbc2\pom.xml.
2024-09-11 13:39:13,991 [Worker-47: Building] INFO  o.e.m.c.i.embedder.EclipseLogger - Using 'UTF-8' encoding to copy filtered resources.
2024-09-11 13:39:14,016 [Worker-47: Building] INFO  o.e.m.c.i.embedder.EclipseLogger - skip non existing resourceDirectory D:\java\eclipse\Jdbc\jdbc2\src\main\resources
2024-09-11 13:39:14,024 [Worker-47: Building] INFO  o.e.m.c.i.embedder.EclipseLogger - Using 'UTF-8' encoding to copy filtered resources.
2024-09-11 13:39:14,024 [Worker-47: Building] INFO  o.e.m.c.i.embedder.EclipseLogger - skip non existing resourceDirectory D:\java\eclipse\Jdbc\jdbc2\src\test\resources
2024-09-11 13:39:47,037 [Worker-45: Building] INFO  o.e.m.c.i.embedder.EclipseLogger - Using 'UTF-8' encoding to copy filtered resources.
2024-09-11 13:39:47,037 [Worker-45: Building] INFO  o.e.m.c.i.embedder.EclipseLogger - skip non existing resourceDirectory D:\java\eclipse\Jdbc\jdbc2\src\main\resources
2024-09-11 13:39:47,041 [Worker-45: Building] INFO  o.e.m.c.i.embedder.EclipseLogger - Using 'UTF-8' encoding to copy filtered resources.
2024-09-11 13:39:47,041 [Worker-45: Building] INFO  o.e.m.c.i.embedder.EclipseLogger - skip non existing resourceDirectory D:\java\eclipse\Jdbc\jdbc2\src\test\resources
2024-09-11 13:40:17,514 [Worker-47: Updating Maven Dependencies] ERROR o.e.m.j.i.l.MavenLaunchConfigurationListener - Launch configuration App (1) references closed project jdbc2
org.eclipse.core.runtime.CoreException: Launch configuration App (1) references closed project jdbc2
	at org.eclipse.jdt.launching.JavaRuntime.abort(JavaRuntime.java:1867)
	at org.eclipse.jdt.launching.JavaRuntime.getJavaProject(JavaRuntime.java:1741)
	at org.eclipse.m2e.jdt.internal.launch.MavenLaunchConfigurationListener.updateLaunchConfiguration(MavenLaunchConfigurationListener.java:64)
	at org.eclipse.m2e.jdt.internal.launch.MavenLaunchConfigurationListener.launchConfigurationChanged(MavenLaunchConfigurationListener.java:50)
	at org.eclipse.debug.internal.core.LaunchManager$ConfigurationNotifier.run(LaunchManager.java:220)
	at org.eclipse.core.runtime.SafeRunner.run(SafeRunner.java:47)
	at org.eclipse.debug.internal.core.LaunchManager$ConfigurationNotifier.notify(LaunchManager.java:204)
	at org.eclipse.debug.internal.core.LaunchConfigurationWorkingCopy.setDirty(LaunchConfigurationWorkingCopy.java:527)
	at org.eclipse.debug.internal.core.LaunchConfigurationWorkingCopy.setAttribute(LaunchConfigurationWorkingCopy.java:415)
	at org.eclipse.m2e.jdt.internal.launch.MavenRuntimeClasspathProvider.disable(MavenRuntimeClasspathProvider.java:409)
	at org.eclipse.m2e.jdt.internal.launch.MavenRuntimeClasspathProvider.disable(MavenRuntimeClasspathProvider.java:435)
	at org.eclipse.m2e.jdt.internal.launch.MavenLaunchConfigurationListener.mavenProjectChanged(MavenLaunchConfigurationListener.java:135)
	at org.eclipse.m2e.core.internal.project.registry.ProjectRegistryManager.notifyProjectChangeListeners(ProjectRegistryManager.java:892)
	at org.eclipse.m2e.core.internal.project.registry.ProjectRegistryManager.applyMutableProjectRegistry(ProjectRegistryManager.java:1042)
	at org.eclipse.m2e.core.internal.project.registry.ProjectRegistryRefreshJob.lambda$0(ProjectRegistryRefreshJob.java:162)
	at org.eclipse.m2e.core.internal.embedder.MavenExecutionContext.executeBare(MavenExecutionContext.java:458)
	at org.eclipse.m2e.core.internal.embedder.MavenExecutionContext.execute(MavenExecutionContext.java:339)
	at org.eclipse.m2e.core.internal.embedder.MavenExecutionContext.execute(MavenExecutionContext.java:278)
	at org.eclipse.m2e.core.internal.project.registry.ProjectRegistryRefreshJob.run(ProjectRegistryRefreshJob.java:106)
	at org.eclipse.core.internal.jobs.Worker.run(Worker.java:63)
2024-09-11 13:40:17,519 [Worker-47: Updating Maven Dependencies] ERROR o.e.m.j.i.l.MavenLaunchConfigurationListener - Launch configuration App (1) references closed project jdbc2
org.eclipse.core.runtime.CoreException: Launch configuration App (1) references closed project jdbc2
	at org.eclipse.jdt.launching.JavaRuntime.abort(JavaRuntime.java:1867)
	at org.eclipse.jdt.launching.JavaRuntime.getJavaProject(JavaRuntime.java:1741)
	at org.eclipse.m2e.jdt.internal.launch.MavenLaunchConfigurationListener.updateLaunchConfiguration(MavenLaunchConfigurationListener.java:64)
	at org.eclipse.m2e.jdt.internal.launch.MavenLaunchConfigurationListener.launchConfigurationChanged(MavenLaunchConfigurationListener.java:50)
	at org.eclipse.debug.internal.core.LaunchManager$ConfigurationNotifier.run(LaunchManager.java:220)
	at org.eclipse.core.runtime.SafeRunner.run(SafeRunner.java:47)
	at org.eclipse.debug.internal.core.LaunchManager$ConfigurationNotifier.notify(LaunchManager.java:204)
	at org.eclipse.debug.internal.core.LaunchConfigurationWorkingCopy.setDirty(LaunchConfigurationWorkingCopy.java:527)
	at org.eclipse.debug.internal.core.LaunchConfigurationWorkingCopy.setAttribute(LaunchConfigurationWorkingCopy.java:415)
	at org.eclipse.m2e.jdt.internal.launch.MavenRuntimeClasspathProvider.disable(MavenRuntimeClasspathProvider.java:410)
	at org.eclipse.m2e.jdt.internal.launch.MavenRuntimeClasspathProvider.disable(MavenRuntimeClasspathProvider.java:435)
	at org.eclipse.m2e.jdt.internal.launch.MavenLaunchConfigurationListener.mavenProjectChanged(MavenLaunchConfigurationListener.java:135)
	at org.eclipse.m2e.core.internal.project.registry.ProjectRegistryManager.notifyProjectChangeListeners(ProjectRegistryManager.java:892)
	at org.eclipse.m2e.core.internal.project.registry.ProjectRegistryManager.applyMutableProjectRegistry(ProjectRegistryManager.java:1042)
	at org.eclipse.m2e.core.internal.project.registry.ProjectRegistryRefreshJob.lambda$0(ProjectRegistryRefreshJob.java:162)
	at org.eclipse.m2e.core.internal.embedder.MavenExecutionContext.executeBare(MavenExecutionContext.java:458)
	at org.eclipse.m2e.core.internal.embedder.MavenExecutionContext.execute(MavenExecutionContext.java:339)
	at org.eclipse.m2e.core.internal.embedder.MavenExecutionContext.execute(MavenExecutionContext.java:278)
	at org.eclipse.m2e.core.internal.project.registry.ProjectRegistryRefreshJob.run(ProjectRegistryRefreshJob.java:106)
	at org.eclipse.core.internal.jobs.Worker.run(Worker.java:63)
2024-09-11 13:40:17,568 [Worker-47: Updating Maven Dependencies] ERROR o.e.m.j.i.l.MavenLaunchConfigurationListener - Launch configuration App (1) references closed project jdbc2
org.eclipse.core.runtime.CoreException: Launch configuration App (1) references closed project jdbc2
	at org.eclipse.jdt.launching.JavaRuntime.abort(JavaRuntime.java:1867)
	at org.eclipse.jdt.launching.JavaRuntime.getJavaProject(JavaRuntime.java:1741)
	at org.eclipse.m2e.jdt.internal.launch.MavenLaunchConfigurationListener.updateLaunchConfiguration(MavenLaunchConfigurationListener.java:64)
	at org.eclipse.m2e.jdt.internal.launch.MavenLaunchConfigurationListener.launchConfigurationChanged(MavenLaunchConfigurationListener.java:50)
	at org.eclipse.debug.internal.core.LaunchManager$ConfigurationNotifier.run(LaunchManager.java:220)
	at org.eclipse.core.runtime.SafeRunner.run(SafeRunner.java:47)
	at org.eclipse.debug.internal.core.LaunchManager$ConfigurationNotifier.notify(LaunchManager.java:204)
	at org.eclipse.debug.internal.core.LaunchManager.launchConfigurationChanged(LaunchManager.java:2010)
	at org.eclipse.debug.internal.core.LaunchConfigurationWorkingCopy.writeNewFile(LaunchConfigurationWorkingCopy.java:380)
	at org.eclipse.debug.internal.core.LaunchConfigurationWorkingCopy.doSave0(LaunchConfigurationWorkingCopy.java:259)
	at org.eclipse.debug.internal.core.LaunchConfigurationWorkingCopy.doSave(LaunchConfigurationWorkingCopy.java:229)
	at org.eclipse.debug.internal.core.LaunchConfigurationWorkingCopy.doSave(LaunchConfigurationWorkingCopy.java:187)
	at org.eclipse.m2e.jdt.internal.launch.MavenRuntimeClasspathProvider.disable(MavenRuntimeClasspathProvider.java:411)
	at org.eclipse.m2e.jdt.internal.launch.MavenRuntimeClasspathProvider.disable(MavenRuntimeClasspathProvider.java:435)
	at org.eclipse.m2e.jdt.internal.launch.MavenLaunchConfigurationListener.mavenProjectChanged(MavenLaunchConfigurationListener.java:135)
	at org.eclipse.m2e.core.internal.project.registry.ProjectRegistryManager.notifyProjectChangeListeners(ProjectRegistryManager.java:892)
	at org.eclipse.m2e.core.internal.project.registry.ProjectRegistryManager.applyMutableProjectRegistry(ProjectRegistryManager.java:1042)
	at org.eclipse.m2e.core.internal.project.registry.ProjectRegistryRefreshJob.lambda$0(ProjectRegistryRefreshJob.java:162)
	at org.eclipse.m2e.core.internal.embedder.MavenExecutionContext.executeBare(MavenExecutionContext.java:458)
	at org.eclipse.m2e.core.internal.embedder.MavenExecutionContext.execute(MavenExecutionContext.java:339)
	at org.eclipse.m2e.core.internal.embedder.MavenExecutionContext.execute(MavenExecutionContext.java:278)
	at org.eclipse.m2e.core.internal.project.registry.ProjectRegistryRefreshJob.run(ProjectRegistryRefreshJob.java:106)
	at org.eclipse.core.internal.jobs.Worker.run(Worker.java:63)
2024-09-11 13:40:20,281 [Worker-45: Updating Maven Dependencies] INFO  o.e.m.c.i.l.LifecycleMappingFactory - Using org.eclipse.m2e.jdt.JarLifecycleMapping lifecycle mapping for MavenProject: jdbc3:jdbc3:0.0.1-SNAPSHOT @ D:\java\eclipse\Jdbc\jdbc3\pom.xml.
2024-09-11 13:47:40,904 [Worker-49: Building] INFO  o.e.m.c.i.embedder.EclipseLogger - Using 'UTF-8' encoding to copy filtered resources.
2024-09-11 13:47:40,904 [Worker-49: Building] INFO  o.e.m.c.i.embedder.EclipseLogger - skip non existing resourceDirectory D:\java\eclipse\Jdbc\jdbc3\src\main\resources
2024-09-11 13:47:40,911 [Worker-49: Building] INFO  o.e.m.c.i.embedder.EclipseLogger - Using 'UTF-8' encoding to copy filtered resources.
2024-09-11 13:47:40,911 [Worker-49: Building] INFO  o.e.m.c.i.embedder.EclipseLogger - skip non existing resourceDirectory D:\java\eclipse\Jdbc\jdbc3\src\test\resources
2024-09-11 13:56:23,739 [Worker-45: Building] INFO  o.e.m.c.i.embedder.EclipseLogger - Using 'UTF-8' encoding to copy filtered resources.
2024-09-11 13:56:23,740 [Worker-45: Building] INFO  o.e.m.c.i.embedder.EclipseLogger - skip non existing resourceDirectory D:\java\eclipse\Jdbc\jdbc3\src\main\resources
2024-09-11 13:56:23,743 [Worker-45: Building] INFO  o.e.m.c.i.embedder.EclipseLogger - Using 'UTF-8' encoding to copy filtered resources.
2024-09-11 13:56:23,744 [Worker-45: Building] INFO  o.e.m.c.i.embedder.EclipseLogger - skip non existing resourceDirectory D:\java\eclipse\Jdbc\jdbc3\src\test\resources
2024-09-11 13:56:55,744 [Worker-45: Building] INFO  o.e.m.c.i.embedder.EclipseLogger - Using 'UTF-8' encoding to copy filtered resources.
2024-09-11 13:56:55,745 [Worker-45: Building] INFO  o.e.m.c.i.embedder.EclipseLogger - skip non existing resourceDirectory D:\java\eclipse\Jdbc\jdbc3\src\main\resources
2024-09-11 13:56:55,749 [Worker-45: Building] INFO  o.e.m.c.i.embedder.EclipseLogger - Using 'UTF-8' encoding to copy filtered resources.
2024-09-11 13:56:55,750 [Worker-45: Building] INFO  o.e.m.c.i.embedder.EclipseLogger - skip non existing resourceDirectory D:\java\eclipse\Jdbc\jdbc3\src\test\resources
2024-09-11 15:38:18,638 [Worker-0: Loading available Gradle versions] INFO  o.e.b.c.i.u.g.PublishedGradleVersions - Gradle version information cache is up-to-date. Trying to read.
2024-09-11 15:52:15,888 [Worker-18: Building] INFO  o.e.m.c.i.embedder.EclipseLogger - Using 'UTF-8' encoding to copy filtered resources.
2024-09-11 15:52:15,891 [Worker-18: Building] INFO  o.e.m.c.i.embedder.EclipseLogger - skip non existing resourceDirectory D:\java\eclipse\Jdbc\jdbc3\src\main\resources
2024-09-11 15:52:15,898 [Worker-18: Building] INFO  o.e.m.c.i.embedder.EclipseLogger - Using 'UTF-8' encoding to copy filtered resources.
2024-09-11 15:52:15,899 [Worker-18: Building] INFO  o.e.m.c.i.embedder.EclipseLogger - skip non existing resourceDirectory D:\java\eclipse\Jdbc\jdbc3\src\test\resources
2024-09-11 15:54:40,638 [Worker-20: Building] INFO  o.e.m.c.i.embedder.EclipseLogger - Using 'UTF-8' encoding to copy filtered resources.
2024-09-11 15:54:40,638 [Worker-20: Building] INFO  o.e.m.c.i.embedder.EclipseLogger - skip non existing resourceDirectory D:\java\eclipse\Jdbc\jdbc3\src\main\resources
2024-09-11 15:54:40,644 [Worker-20: Building] INFO  o.e.m.c.i.embedder.EclipseLogger - Using 'UTF-8' encoding to copy filtered resources.
2024-09-11 15:54:40,644 [Worker-20: Building] INFO  o.e.m.c.i.embedder.EclipseLogger - skip non existing resourceDirectory D:\java\eclipse\Jdbc\jdbc3\src\test\resources
2024-09-11 16:06:15,443 [Worker-19: Building] INFO  o.e.m.c.i.embedder.EclipseLogger - Using 'UTF-8' encoding to copy filtered resources.
2024-09-11 16:06:15,443 [Worker-19: Building] INFO  o.e.m.c.i.embedder.EclipseLogger - skip non existing resourceDirectory D:\java\eclipse\Jdbc\jdbc3\src\main\resources
2024-09-11 16:06:15,451 [Worker-19: Building] INFO  o.e.m.c.i.embedder.EclipseLogger - Using 'UTF-8' encoding to copy filtered resources.
2024-09-11 16:06:15,452 [Worker-19: Building] INFO  o.e.m.c.i.embedder.EclipseLogger - skip non existing resourceDirectory D:\java\eclipse\Jdbc\jdbc3\src\test\resources
2024-09-11 16:07:19,660 [Worker-2: Building] INFO  o.e.m.c.i.embedder.EclipseLogger - Using 'UTF-8' encoding to copy filtered resources.
2024-09-11 16:07:19,660 [Worker-2: Building] INFO  o.e.m.c.i.embedder.EclipseLogger - skip non existing resourceDirectory D:\java\eclipse\Jdbc\jdbc3\src\main\resources
2024-09-11 16:07:19,665 [Worker-2: Building] INFO  o.e.m.c.i.embedder.EclipseLogger - Using 'UTF-8' encoding to copy filtered resources.
2024-09-11 16:07:19,665 [Worker-2: Building] INFO  o.e.m.c.i.embedder.EclipseLogger - skip non existing resourceDirectory D:\java\eclipse\Jdbc\jdbc3\src\test\resources
2024-09-11 16:07:26,844 [Worker-2: Building] INFO  o.e.m.c.i.embedder.EclipseLogger - Using 'UTF-8' encoding to copy filtered resources.
2024-09-11 16:07:26,844 [Worker-2: Building] INFO  o.e.m.c.i.embedder.EclipseLogger - skip non existing resourceDirectory D:\java\eclipse\Jdbc\jdbc3\src\main\resources
2024-09-11 16:07:26,848 [Worker-2: Building] INFO  o.e.m.c.i.embedder.EclipseLogger - Using 'UTF-8' encoding to copy filtered resources.
2024-09-11 16:07:26,849 [Worker-2: Building] INFO  o.e.m.c.i.embedder.EclipseLogger - skip non existing resourceDirectory D:\java\eclipse\Jdbc\jdbc3\src\test\resources
2024-09-11 16:07:58,935 [Worker-2: Building] INFO  o.e.m.c.i.embedder.EclipseLogger - Using 'UTF-8' encoding to copy filtered resources.
2024-09-11 16:07:58,935 [Worker-2: Building] INFO  o.e.m.c.i.embedder.EclipseLogger - skip non existing resourceDirectory D:\java\eclipse\Jdbc\jdbc3\src\main\resources
2024-09-11 16:07:58,939 [Worker-2: Building] INFO  o.e.m.c.i.embedder.EclipseLogger - Using 'UTF-8' encoding to copy filtered resources.
2024-09-11 16:07:58,940 [Worker-2: Building] INFO  o.e.m.c.i.embedder.EclipseLogger - skip non existing resourceDirectory D:\java\eclipse\Jdbc\jdbc3\src\test\resources
2024-09-11 16:08:52,007 [Worker-21: Building] INFO  o.e.m.c.i.embedder.EclipseLogger - Using 'UTF-8' encoding to copy filtered resources.
2024-09-11 16:08:52,007 [Worker-21: Building] INFO  o.e.m.c.i.embedder.EclipseLogger - skip non existing resourceDirectory D:\java\eclipse\Jdbc\jdbc3\src\main\resources
2024-09-11 16:08:52,011 [Worker-21: Building] INFO  o.e.m.c.i.embedder.EclipseLogger - Using 'UTF-8' encoding to copy filtered resources.
2024-09-11 16:08:52,011 [Worker-21: Building] INFO  o.e.m.c.i.embedder.EclipseLogger - skip non existing resourceDirectory D:\java\eclipse\Jdbc\jdbc3\src\test\resources
2024-09-11 16:09:06,340 [Worker-21: Building] INFO  o.e.m.c.i.embedder.EclipseLogger - Using 'UTF-8' encoding to copy filtered resources.
2024-09-11 16:09:06,340 [Worker-21: Building] INFO  o.e.m.c.i.embedder.EclipseLogger - skip non existing resourceDirectory D:\java\eclipse\Jdbc\jdbc3\src\main\resources
2024-09-11 16:09:06,345 [Worker-21: Building] INFO  o.e.m.c.i.embedder.EclipseLogger - Using 'UTF-8' encoding to copy filtered resources.
2024-09-11 16:09:06,345 [Worker-21: Building] INFO  o.e.m.c.i.embedder.EclipseLogger - skip non existing resourceDirectory D:\java\eclipse\Jdbc\jdbc3\src\test\resources
2024-09-11 16:44:35,726 [Worker-33: Building] INFO  o.e.m.c.i.embedder.EclipseLogger - Using 'UTF-8' encoding to copy filtered resources.
2024-09-11 16:44:35,727 [Worker-33: Building] INFO  o.e.m.c.i.embedder.EclipseLogger - skip non existing resourceDirectory D:\java\eclipse\Jdbc\jdbc3\src\main\resources
2024-09-11 16:44:35,730 [Worker-33: Building] INFO  o.e.m.c.i.embedder.EclipseLogger - Using 'UTF-8' encoding to copy filtered resources.
2024-09-11 16:44:35,730 [Worker-33: Building] INFO  o.e.m.c.i.embedder.EclipseLogger - skip non existing resourceDirectory D:\java\eclipse\Jdbc\jdbc3\src\test\resources
2024-09-11 16:49:17,021 [Worker-33: Building] INFO  o.e.m.c.i.embedder.EclipseLogger - Using 'UTF-8' encoding to copy filtered resources.
2024-09-11 16:49:17,021 [Worker-33: Building] INFO  o.e.m.c.i.embedder.EclipseLogger - skip non existing resourceDirectory D:\java\eclipse\Jdbc\jdbc3\src\main\resources
2024-09-11 16:49:17,024 [Worker-33: Building] INFO  o.e.m.c.i.embedder.EclipseLogger - Using 'UTF-8' encoding to copy filtered resources.
2024-09-11 16:49:17,024 [Worker-33: Building] INFO  o.e.m.c.i.embedder.EclipseLogger - skip non existing resourceDirectory D:\java\eclipse\Jdbc\jdbc3\src\test\resources
2024-09-11 16:53:59,734 [Worker-33: Building] INFO  o.e.m.c.i.l.LifecycleMappingFactory - Using org.eclipse.m2e.jdt.JarLifecycleMapping lifecycle mapping for MavenProject: jdbc1:jdbc1:0.0.1-SNAPSHOT @ D:\java\eclipse\Jdbc\jdbc1\pom.xml.
2024-09-11 16:54:01,093 [Worker-37: Updating Maven Dependencies] INFO  o.e.m.c.i.l.LifecycleMappingFactory - Using org.eclipse.m2e.jdt.JarLifecycleMapping lifecycle mapping for MavenProject: jdbc1:jdbc1:0.0.1-SNAPSHOT @ D:\java\eclipse\Jdbc\jdbc1\pom.xml.
2024-09-11 16:57:56,465 [Worker-41: Updating Maven Dependencies] ERROR o.e.m.j.i.l.MavenLaunchConfigurationListener - Launch configuration App references closed project jdbc1
org.eclipse.core.runtime.CoreException: Launch configuration App references closed project jdbc1
	at org.eclipse.jdt.launching.JavaRuntime.abort(JavaRuntime.java:1867)
	at org.eclipse.jdt.launching.JavaRuntime.getJavaProject(JavaRuntime.java:1741)
	at org.eclipse.m2e.jdt.internal.launch.MavenLaunchConfigurationListener.updateLaunchConfiguration(MavenLaunchConfigurationListener.java:64)
	at org.eclipse.m2e.jdt.internal.launch.MavenLaunchConfigurationListener.launchConfigurationChanged(MavenLaunchConfigurationListener.java:50)
	at org.eclipse.debug.internal.core.LaunchManager$ConfigurationNotifier.run(LaunchManager.java:220)
	at org.eclipse.core.runtime.SafeRunner.run(SafeRunner.java:47)
	at org.eclipse.debug.internal.core.LaunchManager$ConfigurationNotifier.notify(LaunchManager.java:204)
	at org.eclipse.debug.internal.core.LaunchConfigurationWorkingCopy.setDirty(LaunchConfigurationWorkingCopy.java:527)
	at org.eclipse.debug.internal.core.LaunchConfigurationWorkingCopy.setAttribute(LaunchConfigurationWorkingCopy.java:415)
	at org.eclipse.m2e.jdt.internal.launch.MavenRuntimeClasspathProvider.disable(MavenRuntimeClasspathProvider.java:409)
	at org.eclipse.m2e.jdt.internal.launch.MavenRuntimeClasspathProvider.disable(MavenRuntimeClasspathProvider.java:435)
	at org.eclipse.m2e.jdt.internal.launch.MavenLaunchConfigurationListener.mavenProjectChanged(MavenLaunchConfigurationListener.java:135)
	at org.eclipse.m2e.core.internal.project.registry.ProjectRegistryManager.notifyProjectChangeListeners(ProjectRegistryManager.java:892)
	at org.eclipse.m2e.core.internal.project.registry.ProjectRegistryManager.applyMutableProjectRegistry(ProjectRegistryManager.java:1042)
	at org.eclipse.m2e.core.internal.project.registry.ProjectRegistryRefreshJob.lambda$0(ProjectRegistryRefreshJob.java:162)
	at org.eclipse.m2e.core.internal.embedder.MavenExecutionContext.executeBare(MavenExecutionContext.java:458)
	at org.eclipse.m2e.core.internal.embedder.MavenExecutionContext.execute(MavenExecutionContext.java:339)
	at org.eclipse.m2e.core.internal.embedder.MavenExecutionContext.execute(MavenExecutionContext.java:278)
	at org.eclipse.m2e.core.internal.project.registry.ProjectRegistryRefreshJob.run(ProjectRegistryRefreshJob.java:106)
	at org.eclipse.core.internal.jobs.Worker.run(Worker.java:63)
2024-09-11 16:57:56,603 [Worker-41: Updating Maven Dependencies] ERROR o.e.m.j.i.l.MavenLaunchConfigurationListener - Launch configuration App references closed project jdbc1
org.eclipse.core.runtime.CoreException: Launch configuration App references closed project jdbc1
	at org.eclipse.jdt.launching.JavaRuntime.abort(JavaRuntime.java:1867)
	at org.eclipse.jdt.launching.JavaRuntime.getJavaProject(JavaRuntime.java:1741)
	at org.eclipse.m2e.jdt.internal.launch.MavenLaunchConfigurationListener.updateLaunchConfiguration(MavenLaunchConfigurationListener.java:64)
	at org.eclipse.m2e.jdt.internal.launch.MavenLaunchConfigurationListener.launchConfigurationChanged(MavenLaunchConfigurationListener.java:50)
	at org.eclipse.debug.internal.core.LaunchManager$ConfigurationNotifier.run(LaunchManager.java:220)
	at org.eclipse.core.runtime.SafeRunner.run(SafeRunner.java:47)
	at org.eclipse.debug.internal.core.LaunchManager$ConfigurationNotifier.notify(LaunchManager.java:204)
	at org.eclipse.debug.internal.core.LaunchConfigurationWorkingCopy.setDirty(LaunchConfigurationWorkingCopy.java:527)
	at org.eclipse.debug.internal.core.LaunchConfigurationWorkingCopy.setAttribute(LaunchConfigurationWorkingCopy.java:415)
	at org.eclipse.m2e.jdt.internal.launch.MavenRuntimeClasspathProvider.disable(MavenRuntimeClasspathProvider.java:410)
	at org.eclipse.m2e.jdt.internal.launch.MavenRuntimeClasspathProvider.disable(MavenRuntimeClasspathProvider.java:435)
	at org.eclipse.m2e.jdt.internal.launch.MavenLaunchConfigurationListener.mavenProjectChanged(MavenLaunchConfigurationListener.java:135)
	at org.eclipse.m2e.core.internal.project.registry.ProjectRegistryManager.notifyProjectChangeListeners(ProjectRegistryManager.java:892)
	at org.eclipse.m2e.core.internal.project.registry.ProjectRegistryManager.applyMutableProjectRegistry(ProjectRegistryManager.java:1042)
	at org.eclipse.m2e.core.internal.project.registry.ProjectRegistryRefreshJob.lambda$0(ProjectRegistryRefreshJob.java:162)
	at org.eclipse.m2e.core.internal.embedder.MavenExecutionContext.executeBare(MavenExecutionContext.java:458)
	at org.eclipse.m2e.core.internal.embedder.MavenExecutionContext.execute(MavenExecutionContext.java:339)
	at org.eclipse.m2e.core.internal.embedder.MavenExecutionContext.execute(MavenExecutionContext.java:278)
	at org.eclipse.m2e.core.internal.project.registry.ProjectRegistryRefreshJob.run(ProjectRegistryRefreshJob.java:106)
	at org.eclipse.core.internal.jobs.Worker.run(Worker.java:63)
2024-09-11 16:57:56,622 [Worker-41: Updating Maven Dependencies] ERROR o.e.m.j.i.l.MavenLaunchConfigurationListener - Launch configuration App references closed project jdbc1
org.eclipse.core.runtime.CoreException: Launch configuration App references closed project jdbc1
	at org.eclipse.jdt.launching.JavaRuntime.abort(JavaRuntime.java:1867)
	at org.eclipse.jdt.launching.JavaRuntime.getJavaProject(JavaRuntime.java:1741)
	at org.eclipse.m2e.jdt.internal.launch.MavenLaunchConfigurationListener.updateLaunchConfiguration(MavenLaunchConfigurationListener.java:64)
	at org.eclipse.m2e.jdt.internal.launch.MavenLaunchConfigurationListener.launchConfigurationChanged(MavenLaunchConfigurationListener.java:50)
	at org.eclipse.debug.internal.core.LaunchManager$ConfigurationNotifier.run(LaunchManager.java:220)
	at org.eclipse.core.runtime.SafeRunner.run(SafeRunner.java:47)
	at org.eclipse.debug.internal.core.LaunchManager$ConfigurationNotifier.notify(LaunchManager.java:204)
	at org.eclipse.debug.internal.core.LaunchManager.launchConfigurationChanged(LaunchManager.java:2010)
	at org.eclipse.debug.internal.core.LaunchConfigurationWorkingCopy.writeNewFile(LaunchConfigurationWorkingCopy.java:380)
	at org.eclipse.debug.internal.core.LaunchConfigurationWorkingCopy.doSave0(LaunchConfigurationWorkingCopy.java:259)
	at org.eclipse.debug.internal.core.LaunchConfigurationWorkingCopy.doSave(LaunchConfigurationWorkingCopy.java:229)
	at org.eclipse.debug.internal.core.LaunchConfigurationWorkingCopy.doSave(LaunchConfigurationWorkingCopy.java:187)
	at org.eclipse.m2e.jdt.internal.launch.MavenRuntimeClasspathProvider.disable(MavenRuntimeClasspathProvider.java:411)
	at org.eclipse.m2e.jdt.internal.launch.MavenRuntimeClasspathProvider.disable(MavenRuntimeClasspathProvider.java:435)
	at org.eclipse.m2e.jdt.internal.launch.MavenLaunchConfigurationListener.mavenProjectChanged(MavenLaunchConfigurationListener.java:135)
	at org.eclipse.m2e.core.internal.project.registry.ProjectRegistryManager.notifyProjectChangeListeners(ProjectRegistryManager.java:892)
	at org.eclipse.m2e.core.internal.project.registry.ProjectRegistryManager.applyMutableProjectRegistry(ProjectRegistryManager.java:1042)
	at org.eclipse.m2e.core.internal.project.registry.ProjectRegistryRefreshJob.lambda$0(ProjectRegistryRefreshJob.java:162)
	at org.eclipse.m2e.core.internal.embedder.MavenExecutionContext.executeBare(MavenExecutionContext.java:458)
	at org.eclipse.m2e.core.internal.embedder.MavenExecutionContext.execute(MavenExecutionContext.java:339)
	at org.eclipse.m2e.core.internal.embedder.MavenExecutionContext.execute(MavenExecutionContext.java:278)
	at org.eclipse.m2e.core.internal.project.registry.ProjectRegistryRefreshJob.run(ProjectRegistryRefreshJob.java:106)
	at org.eclipse.core.internal.jobs.Worker.run(Worker.java:63)
2024-09-11 16:58:01,315 [Worker-36: Updating Maven Dependencies] ERROR o.e.m.j.i.l.MavenLaunchConfigurationListener - Launch configuration App (2) references closed project jdbc3
org.eclipse.core.runtime.CoreException: Launch configuration App (2) references closed project jdbc3
	at org.eclipse.jdt.launching.JavaRuntime.abort(JavaRuntime.java:1867)
	at org.eclipse.jdt.launching.JavaRuntime.getJavaProject(JavaRuntime.java:1741)
	at org.eclipse.m2e.jdt.internal.launch.MavenLaunchConfigurationListener.updateLaunchConfiguration(MavenLaunchConfigurationListener.java:64)
	at org.eclipse.m2e.jdt.internal.launch.MavenLaunchConfigurationListener.launchConfigurationChanged(MavenLaunchConfigurationListener.java:50)
	at org.eclipse.debug.internal.core.LaunchManager$ConfigurationNotifier.run(LaunchManager.java:220)
	at org.eclipse.core.runtime.SafeRunner.run(SafeRunner.java:47)
	at org.eclipse.debug.internal.core.LaunchManager$ConfigurationNotifier.notify(LaunchManager.java:204)
	at org.eclipse.debug.internal.core.LaunchConfigurationWorkingCopy.setDirty(LaunchConfigurationWorkingCopy.java:527)
	at org.eclipse.debug.internal.core.LaunchConfigurationWorkingCopy.setAttribute(LaunchConfigurationWorkingCopy.java:415)
	at org.eclipse.m2e.jdt.internal.launch.MavenRuntimeClasspathProvider.disable(MavenRuntimeClasspathProvider.java:409)
	at org.eclipse.m2e.jdt.internal.launch.MavenRuntimeClasspathProvider.disable(MavenRuntimeClasspathProvider.java:435)
	at org.eclipse.m2e.jdt.internal.launch.MavenLaunchConfigurationListener.mavenProjectChanged(MavenLaunchConfigurationListener.java:135)
	at org.eclipse.m2e.core.internal.project.registry.ProjectRegistryManager.notifyProjectChangeListeners(ProjectRegistryManager.java:892)
	at org.eclipse.m2e.core.internal.project.registry.ProjectRegistryManager.applyMutableProjectRegistry(ProjectRegistryManager.java:1042)
	at org.eclipse.m2e.core.internal.project.registry.ProjectRegistryRefreshJob.lambda$0(ProjectRegistryRefreshJob.java:162)
	at org.eclipse.m2e.core.internal.embedder.MavenExecutionContext.executeBare(MavenExecutionContext.java:458)
	at org.eclipse.m2e.core.internal.embedder.MavenExecutionContext.execute(MavenExecutionContext.java:339)
	at org.eclipse.m2e.core.internal.embedder.MavenExecutionContext.execute(MavenExecutionContext.java:278)
	at org.eclipse.m2e.core.internal.project.registry.ProjectRegistryRefreshJob.run(ProjectRegistryRefreshJob.java:106)
	at org.eclipse.core.internal.jobs.Worker.run(Worker.java:63)
2024-09-11 16:58:01,319 [Worker-36: Updating Maven Dependencies] ERROR o.e.m.j.i.l.MavenLaunchConfigurationListener - Launch configuration App (2) references closed project jdbc3
org.eclipse.core.runtime.CoreException: Launch configuration App (2) references closed project jdbc3
	at org.eclipse.jdt.launching.JavaRuntime.abort(JavaRuntime.java:1867)
	at org.eclipse.jdt.launching.JavaRuntime.getJavaProject(JavaRuntime.java:1741)
	at org.eclipse.m2e.jdt.internal.launch.MavenLaunchConfigurationListener.updateLaunchConfiguration(MavenLaunchConfigurationListener.java:64)
	at org.eclipse.m2e.jdt.internal.launch.MavenLaunchConfigurationListener.launchConfigurationChanged(MavenLaunchConfigurationListener.java:50)
	at org.eclipse.debug.internal.core.LaunchManager$ConfigurationNotifier.run(LaunchManager.java:220)
	at org.eclipse.core.runtime.SafeRunner.run(SafeRunner.java:47)
	at org.eclipse.debug.internal.core.LaunchManager$ConfigurationNotifier.notify(LaunchManager.java:204)
	at org.eclipse.debug.internal.core.LaunchConfigurationWorkingCopy.setDirty(LaunchConfigurationWorkingCopy.java:527)
	at org.eclipse.debug.internal.core.LaunchConfigurationWorkingCopy.setAttribute(LaunchConfigurationWorkingCopy.java:415)
	at org.eclipse.m2e.jdt.internal.launch.MavenRuntimeClasspathProvider.disable(MavenRuntimeClasspathProvider.java:410)
	at org.eclipse.m2e.jdt.internal.launch.MavenRuntimeClasspathProvider.disable(MavenRuntimeClasspathProvider.java:435)
	at org.eclipse.m2e.jdt.internal.launch.MavenLaunchConfigurationListener.mavenProjectChanged(MavenLaunchConfigurationListener.java:135)
	at org.eclipse.m2e.core.internal.project.registry.ProjectRegistryManager.notifyProjectChangeListeners(ProjectRegistryManager.java:892)
	at org.eclipse.m2e.core.internal.project.registry.ProjectRegistryManager.applyMutableProjectRegistry(ProjectRegistryManager.java:1042)
	at org.eclipse.m2e.core.internal.project.registry.ProjectRegistryRefreshJob.lambda$0(ProjectRegistryRefreshJob.java:162)
	at org.eclipse.m2e.core.internal.embedder.MavenExecutionContext.executeBare(MavenExecutionContext.java:458)
	at org.eclipse.m2e.core.internal.embedder.MavenExecutionContext.execute(MavenExecutionContext.java:339)
	at org.eclipse.m2e.core.internal.embedder.MavenExecutionContext.execute(MavenExecutionContext.java:278)
	at org.eclipse.m2e.core.internal.project.registry.ProjectRegistryRefreshJob.run(ProjectRegistryRefreshJob.java:106)
	at org.eclipse.core.internal.jobs.Worker.run(Worker.java:63)
2024-09-11 16:58:01,355 [Worker-36: Updating Maven Dependencies] ERROR o.e.m.j.i.l.MavenLaunchConfigurationListener - Launch configuration App (2) references closed project jdbc3
org.eclipse.core.runtime.CoreException: Launch configuration App (2) references closed project jdbc3
	at org.eclipse.jdt.launching.JavaRuntime.abort(JavaRuntime.java:1867)
	at org.eclipse.jdt.launching.JavaRuntime.getJavaProject(JavaRuntime.java:1741)
	at org.eclipse.m2e.jdt.internal.launch.MavenLaunchConfigurationListener.updateLaunchConfiguration(MavenLaunchConfigurationListener.java:64)
	at org.eclipse.m2e.jdt.internal.launch.MavenLaunchConfigurationListener.launchConfigurationChanged(MavenLaunchConfigurationListener.java:50)
	at org.eclipse.debug.internal.core.LaunchManager$ConfigurationNotifier.run(LaunchManager.java:220)
	at org.eclipse.core.runtime.SafeRunner.run(SafeRunner.java:47)
	at org.eclipse.debug.internal.core.LaunchManager$ConfigurationNotifier.notify(LaunchManager.java:204)
	at org.eclipse.debug.internal.core.LaunchManager.launchConfigurationChanged(LaunchManager.java:2010)
	at org.eclipse.debug.internal.core.LaunchConfigurationWorkingCopy.writeNewFile(LaunchConfigurationWorkingCopy.java:380)
	at org.eclipse.debug.internal.core.LaunchConfigurationWorkingCopy.doSave0(LaunchConfigurationWorkingCopy.java:259)
	at org.eclipse.debug.internal.core.LaunchConfigurationWorkingCopy.doSave(LaunchConfigurationWorkingCopy.java:229)
	at org.eclipse.debug.internal.core.LaunchConfigurationWorkingCopy.doSave(LaunchConfigurationWorkingCopy.java:187)
	at org.eclipse.m2e.jdt.internal.launch.MavenRuntimeClasspathProvider.disable(MavenRuntimeClasspathProvider.java:411)
	at org.eclipse.m2e.jdt.internal.launch.MavenRuntimeClasspathProvider.disable(MavenRuntimeClasspathProvider.java:435)
	at org.eclipse.m2e.jdt.internal.launch.MavenLaunchConfigurationListener.mavenProjectChanged(MavenLaunchConfigurationListener.java:135)
	at org.eclipse.m2e.core.internal.project.registry.ProjectRegistryManager.notifyProjectChangeListeners(ProjectRegistryManager.java:892)
	at org.eclipse.m2e.core.internal.project.registry.ProjectRegistryManager.applyMutableProjectRegistry(ProjectRegistryManager.java:1042)
	at org.eclipse.m2e.core.internal.project.registry.ProjectRegistryRefreshJob.lambda$0(ProjectRegistryRefreshJob.java:162)
	at org.eclipse.m2e.core.internal.embedder.MavenExecutionContext.executeBare(MavenExecutionContext.java:458)
	at org.eclipse.m2e.core.internal.embedder.MavenExecutionContext.execute(MavenExecutionContext.java:339)
	at org.eclipse.m2e.core.internal.embedder.MavenExecutionContext.execute(MavenExecutionContext.java:278)
	at org.eclipse.m2e.core.internal.project.registry.ProjectRegistryRefreshJob.run(ProjectRegistryRefreshJob.java:106)
	at org.eclipse.core.internal.jobs.Worker.run(Worker.java:63)
2024-09-11 17:01:35,839 [Worker-45: Launching mavenrun-5529749e-f2cd-4494-8deb-36f53c8aad71] INFO  o.eclipse.m2e.core.internal.Bundles - getClasspathEntries(Bundle=org.eclipse.m2e.maven.runtime_3.9.700.20240602-2313 [644])
2024-09-11 17:01:35,842 [Worker-45: Launching mavenrun-5529749e-f2cd-4494-8deb-36f53c8aad71] INFO  o.eclipse.m2e.core.internal.Bundles - 	Entry: C:\Users\LENOVO\.p2\pool\plugins\org.eclipse.m2e.maven.runtime_3.9.700.20240602-2313
2024-09-11 17:01:35,842 [Worker-45: Launching mavenrun-5529749e-f2cd-4494-8deb-36f53c8aad71] INFO  o.eclipse.m2e.core.internal.Bundles - 	Entry: C:\Users\LENOVO\.p2\pool\plugins\org.eclipse.m2e.maven.runtime_3.9.700.20240602-2313\jars\aopalliance-1.0.jar
2024-09-11 17:01:35,842 [Worker-45: Launching mavenrun-5529749e-f2cd-4494-8deb-36f53c8aad71] INFO  o.eclipse.m2e.core.internal.Bundles - 	Entry: C:\Users\LENOVO\.p2\pool\plugins\org.eclipse.m2e.maven.runtime_3.9.700.20240602-2313\jars\guice-5.1.0.jar
2024-09-11 17:01:35,843 [Worker-45: Launching mavenrun-5529749e-f2cd-4494-8deb-36f53c8aad71] INFO  o.eclipse.m2e.core.internal.Bundles - 	Entry: C:\Users\LENOVO\.p2\pool\plugins\org.eclipse.m2e.maven.runtime_3.9.700.20240602-2313\jars\httpclient-4.5.14.jar
2024-09-11 17:01:35,843 [Worker-45: Launching mavenrun-5529749e-f2cd-4494-8deb-36f53c8aad71] INFO  o.eclipse.m2e.core.internal.Bundles - 	Entry: C:\Users\LENOVO\.p2\pool\plugins\org.eclipse.m2e.maven.runtime_3.9.700.20240602-2313\jars\httpcore-4.4.16.jar
2024-09-11 17:01:35,843 [Worker-45: Launching mavenrun-5529749e-f2cd-4494-8deb-36f53c8aad71] INFO  o.eclipse.m2e.core.internal.Bundles - 	Entry: C:\Users\LENOVO\.p2\pool\plugins\org.eclipse.m2e.maven.runtime_3.9.700.20240602-2313\jars\jansi-2.4.1.jar
2024-09-11 17:01:35,843 [Worker-45: Launching mavenrun-5529749e-f2cd-4494-8deb-36f53c8aad71] INFO  o.eclipse.m2e.core.internal.Bundles - 	Entry: C:\Users\LENOVO\.p2\pool\plugins\org.eclipse.m2e.maven.runtime_3.9.700.20240602-2313\jars\jcl-over-slf4j-1.7.36.jar
2024-09-11 17:01:35,843 [Worker-45: Launching mavenrun-5529749e-f2cd-4494-8deb-36f53c8aad71] INFO  o.eclipse.m2e.core.internal.Bundles - 	Entry: C:\Users\LENOVO\.p2\pool\plugins\org.eclipse.m2e.maven.runtime_3.9.700.20240602-2313\jars\maven-artifact-3.9.7.jar
2024-09-11 17:01:35,843 [Worker-45: Launching mavenrun-5529749e-f2cd-4494-8deb-36f53c8aad71] INFO  o.eclipse.m2e.core.internal.Bundles - 	Entry: C:\Users\LENOVO\.p2\pool\plugins\org.eclipse.m2e.maven.runtime_3.9.700.20240602-2313\jars\maven-builder-support-3.9.7.jar
2024-09-11 17:01:35,845 [Worker-45: Launching mavenrun-5529749e-f2cd-4494-8deb-36f53c8aad71] INFO  o.eclipse.m2e.core.internal.Bundles - 	Entry: C:\Users\LENOVO\.p2\pool\plugins\org.eclipse.m2e.maven.runtime_3.9.700.20240602-2313\jars\maven-compat-3.9.7.jar
2024-09-11 17:01:35,845 [Worker-45: Launching mavenrun-5529749e-f2cd-4494-8deb-36f53c8aad71] INFO  o.eclipse.m2e.core.internal.Bundles - 	Entry: C:\Users\LENOVO\.p2\pool\plugins\org.eclipse.m2e.maven.runtime_3.9.700.20240602-2313\jars\maven-core-3.9.7.jar
2024-09-11 17:01:35,845 [Worker-45: Launching mavenrun-5529749e-f2cd-4494-8deb-36f53c8aad71] INFO  o.eclipse.m2e.core.internal.Bundles - 	Entry: C:\Users\LENOVO\.p2\pool\plugins\org.eclipse.m2e.maven.runtime_3.9.700.20240602-2313\jars\maven-embedder-3.9.7.jar
2024-09-11 17:01:35,845 [Worker-45: Launching mavenrun-5529749e-f2cd-4494-8deb-36f53c8aad71] INFO  o.eclipse.m2e.core.internal.Bundles - 	Entry: C:\Users\LENOVO\.p2\pool\plugins\org.eclipse.m2e.maven.runtime_3.9.700.20240602-2313\jars\maven-model-3.9.7.jar
2024-09-11 17:01:35,845 [Worker-45: Launching mavenrun-5529749e-f2cd-4494-8deb-36f53c8aad71] INFO  o.eclipse.m2e.core.internal.Bundles - 	Entry: C:\Users\LENOVO\.p2\pool\plugins\org.eclipse.m2e.maven.runtime_3.9.700.20240602-2313\jars\maven-model-builder-3.9.7.jar
2024-09-11 17:01:35,846 [Worker-45: Launching mavenrun-5529749e-f2cd-4494-8deb-36f53c8aad71] INFO  o.eclipse.m2e.core.internal.Bundles - 	Entry: C:\Users\LENOVO\.p2\pool\plugins\org.eclipse.m2e.maven.runtime_3.9.700.20240602-2313\jars\maven-plugin-api-3.9.7.jar
2024-09-11 17:01:35,846 [Worker-45: Launching mavenrun-5529749e-f2cd-4494-8deb-36f53c8aad71] INFO  o.eclipse.m2e.core.internal.Bundles - 	Entry: C:\Users\LENOVO\.p2\pool\plugins\org.eclipse.m2e.maven.runtime_3.9.700.20240602-2313\jars\maven-repository-metadata-3.9.7.jar
2024-09-11 17:01:35,847 [Worker-45: Launching mavenrun-5529749e-f2cd-4494-8deb-36f53c8aad71] INFO  o.eclipse.m2e.core.internal.Bundles - 	Entry: C:\Users\LENOVO\.p2\pool\plugins\org.eclipse.m2e.maven.runtime_3.9.700.20240602-2313\jars\maven-resolver-api-1.9.20.jar
2024-09-11 17:01:35,847 [Worker-45: Launching mavenrun-5529749e-f2cd-4494-8deb-36f53c8aad71] INFO  o.eclipse.m2e.core.internal.Bundles - 	Entry: C:\Users\LENOVO\.p2\pool\plugins\org.eclipse.m2e.maven.runtime_3.9.700.20240602-2313\jars\maven-resolver-connector-basic-1.9.20.jar
2024-09-11 17:01:35,847 [Worker-45: Launching mavenrun-5529749e-f2cd-4494-8deb-36f53c8aad71] INFO  o.eclipse.m2e.core.internal.Bundles - 	Entry: C:\Users\LENOVO\.p2\pool\plugins\org.eclipse.m2e.maven.runtime_3.9.700.20240602-2313\jars\maven-resolver-impl-1.9.20.jar
2024-09-11 17:01:35,847 [Worker-45: Launching mavenrun-5529749e-f2cd-4494-8deb-36f53c8aad71] INFO  o.eclipse.m2e.core.internal.Bundles - 	Entry: C:\Users\LENOVO\.p2\pool\plugins\org.eclipse.m2e.maven.runtime_3.9.700.20240602-2313\jars\maven-resolver-named-locks-1.9.20.jar
2024-09-11 17:01:35,848 [Worker-45: Launching mavenrun-5529749e-f2cd-4494-8deb-36f53c8aad71] INFO  o.eclipse.m2e.core.internal.Bundles - 	Entry: C:\Users\LENOVO\.p2\pool\plugins\org.eclipse.m2e.maven.runtime_3.9.700.20240602-2313\jars\maven-resolver-provider-3.9.7.jar
2024-09-11 17:01:35,848 [Worker-45: Launching mavenrun-5529749e-f2cd-4494-8deb-36f53c8aad71] INFO  o.eclipse.m2e.core.internal.Bundles - 	Entry: C:\Users\LENOVO\.p2\pool\plugins\org.eclipse.m2e.maven.runtime_3.9.700.20240602-2313\jars\maven-resolver-spi-1.9.20.jar
2024-09-11 17:01:35,849 [Worker-45: Launching mavenrun-5529749e-f2cd-4494-8deb-36f53c8aad71] INFO  o.eclipse.m2e.core.internal.Bundles - 	Entry: C:\Users\LENOVO\.p2\pool\plugins\org.eclipse.m2e.maven.runtime_3.9.700.20240602-2313\jars\maven-resolver-transport-file-1.9.20.jar
2024-09-11 17:01:35,849 [Worker-45: Launching mavenrun-5529749e-f2cd-4494-8deb-36f53c8aad71] INFO  o.eclipse.m2e.core.internal.Bundles - 	Entry: C:\Users\LENOVO\.p2\pool\plugins\org.eclipse.m2e.maven.runtime_3.9.700.20240602-2313\jars\maven-resolver-transport-http-1.9.20.jar
2024-09-11 17:01:35,849 [Worker-45: Launching mavenrun-5529749e-f2cd-4494-8deb-36f53c8aad71] INFO  o.eclipse.m2e.core.internal.Bundles - 	Entry: C:\Users\LENOVO\.p2\pool\plugins\org.eclipse.m2e.maven.runtime_3.9.700.20240602-2313\jars\maven-resolver-transport-wagon-1.9.20.jar
2024-09-11 17:01:35,850 [Worker-45: Launching mavenrun-5529749e-f2cd-4494-8deb-36f53c8aad71] INFO  o.eclipse.m2e.core.internal.Bundles - 	Entry: C:\Users\LENOVO\.p2\pool\plugins\org.eclipse.m2e.maven.runtime_3.9.700.20240602-2313\jars\maven-resolver-util-1.9.20.jar
2024-09-11 17:01:35,850 [Worker-45: Launching mavenrun-5529749e-f2cd-4494-8deb-36f53c8aad71] INFO  o.eclipse.m2e.core.internal.Bundles - 	Entry: C:\Users\LENOVO\.p2\pool\plugins\org.eclipse.m2e.maven.runtime_3.9.700.20240602-2313\jars\maven-settings-3.9.7.jar
2024-09-11 17:01:35,850 [Worker-45: Launching mavenrun-5529749e-f2cd-4494-8deb-36f53c8aad71] INFO  o.eclipse.m2e.core.internal.Bundles - 	Entry: C:\Users\LENOVO\.p2\pool\plugins\org.eclipse.m2e.maven.runtime_3.9.700.20240602-2313\jars\maven-settings-builder-3.9.7.jar
2024-09-11 17:01:35,850 [Worker-45: Launching mavenrun-5529749e-f2cd-4494-8deb-36f53c8aad71] INFO  o.eclipse.m2e.core.internal.Bundles - 	Entry: C:\Users\LENOVO\.p2\pool\plugins\org.eclipse.m2e.maven.runtime_3.9.700.20240602-2313\jars\maven-shared-utils-3.4.2.jar
2024-09-11 17:01:35,850 [Worker-45: Launching mavenrun-5529749e-f2cd-4494-8deb-36f53c8aad71] INFO  o.eclipse.m2e.core.internal.Bundles - 	Entry: C:\Users\LENOVO\.p2\pool\plugins\org.eclipse.m2e.maven.runtime_3.9.700.20240602-2313\jars\org.eclipse.sisu.inject-0.9.0.M2.jar
2024-09-11 17:01:35,850 [Worker-45: Launching mavenrun-5529749e-f2cd-4494-8deb-36f53c8aad71] INFO  o.eclipse.m2e.core.internal.Bundles - 	Entry: C:\Users\LENOVO\.p2\pool\plugins\org.eclipse.m2e.maven.runtime_3.9.700.20240602-2313\jars\org.eclipse.sisu.plexus-0.9.0.M2.jar
2024-09-11 17:01:35,851 [Worker-45: Launching mavenrun-5529749e-f2cd-4494-8deb-36f53c8aad71] INFO  o.eclipse.m2e.core.internal.Bundles - 	Entry: C:\Users\LENOVO\.p2\pool\plugins\org.eclipse.m2e.maven.runtime_3.9.700.20240602-2313\jars\plexus-build-api-0.0.7.jar
2024-09-11 17:01:35,851 [Worker-45: Launching mavenrun-5529749e-f2cd-4494-8deb-36f53c8aad71] INFO  o.eclipse.m2e.core.internal.Bundles - 	Entry: C:\Users\LENOVO\.p2\pool\plugins\org.eclipse.m2e.maven.runtime_3.9.700.20240602-2313\jars\plexus-build-api-1.2.0.jar
2024-09-11 17:01:35,851 [Worker-45: Launching mavenrun-5529749e-f2cd-4494-8deb-36f53c8aad71] INFO  o.eclipse.m2e.core.internal.Bundles - 	Entry: C:\Users\LENOVO\.p2\pool\plugins\org.eclipse.m2e.maven.runtime_3.9.700.20240602-2313\jars\plexus-cipher-2.0.jar
2024-09-11 17:01:35,851 [Worker-45: Launching mavenrun-5529749e-f2cd-4494-8deb-36f53c8aad71] INFO  o.eclipse.m2e.core.internal.Bundles - 	Entry: C:\Users\LENOVO\.p2\pool\plugins\org.eclipse.m2e.maven.runtime_3.9.700.20240602-2313\jars\plexus-classworlds-2.8.0.jar
2024-09-11 17:01:35,851 [Worker-45: Launching mavenrun-5529749e-f2cd-4494-8deb-36f53c8aad71] INFO  o.eclipse.m2e.core.internal.Bundles - 	Entry: C:\Users\LENOVO\.p2\pool\plugins\org.eclipse.m2e.maven.runtime_3.9.700.20240602-2313\jars\plexus-component-annotations-2.1.0.jar
2024-09-11 17:01:35,852 [Worker-45: Launching mavenrun-5529749e-f2cd-4494-8deb-36f53c8aad71] INFO  o.eclipse.m2e.core.internal.Bundles - 	Entry: C:\Users\LENOVO\.p2\pool\plugins\org.eclipse.m2e.maven.runtime_3.9.700.20240602-2313\jars\plexus-interpolation-1.27.jar
2024-09-11 17:01:35,852 [Worker-45: Launching mavenrun-5529749e-f2cd-4494-8deb-36f53c8aad71] INFO  o.eclipse.m2e.core.internal.Bundles - 	Entry: C:\Users\LENOVO\.p2\pool\plugins\org.eclipse.m2e.maven.runtime_3.9.700.20240602-2313\jars\plexus-sec-dispatcher-2.0.jar
2024-09-11 17:01:35,852 [Worker-45: Launching mavenrun-5529749e-f2cd-4494-8deb-36f53c8aad71] INFO  o.eclipse.m2e.core.internal.Bundles - 	Entry: C:\Users\LENOVO\.p2\pool\plugins\org.eclipse.m2e.maven.runtime_3.9.700.20240602-2313\jars\plexus-utils-3.5.1.jar
2024-09-11 17:01:35,852 [Worker-45: Launching mavenrun-5529749e-f2cd-4494-8deb-36f53c8aad71] INFO  o.eclipse.m2e.core.internal.Bundles - 	Entry: C:\Users\LENOVO\.p2\pool\plugins\org.eclipse.m2e.maven.runtime_3.9.700.20240602-2313\jars\wagon-file-3.5.3.jar
2024-09-11 17:01:35,852 [Worker-45: Launching mavenrun-5529749e-f2cd-4494-8deb-36f53c8aad71] INFO  o.eclipse.m2e.core.internal.Bundles - 	Entry: C:\Users\LENOVO\.p2\pool\plugins\org.eclipse.m2e.maven.runtime_3.9.700.20240602-2313\jars\wagon-http-3.5.3.jar
2024-09-11 17:01:35,852 [Worker-45: Launching mavenrun-5529749e-f2cd-4494-8deb-36f53c8aad71] INFO  o.eclipse.m2e.core.internal.Bundles - 	Entry: C:\Users\LENOVO\.p2\pool\plugins\org.eclipse.m2e.maven.runtime_3.9.700.20240602-2313\jars\wagon-http-shared-3.5.3.jar
2024-09-11 17:01:35,853 [Worker-45: Launching mavenrun-5529749e-f2cd-4494-8deb-36f53c8aad71] INFO  o.eclipse.m2e.core.internal.Bundles - 	Entry: C:\Users\LENOVO\.p2\pool\plugins\org.eclipse.m2e.maven.runtime_3.9.700.20240602-2313\jars\wagon-provider-api-3.5.3.jar
2024-09-11 17:01:35,854 [Worker-45: Launching mavenrun-5529749e-f2cd-4494-8deb-36f53c8aad71] INFO  o.eclipse.m2e.core.internal.Bundles - getClasspathEntries(Bundle=com.google.guava_33.2.0.jre [16])
2024-09-11 17:01:35,854 [Worker-45: Launching mavenrun-5529749e-f2cd-4494-8deb-36f53c8aad71] INFO  o.eclipse.m2e.core.internal.Bundles - 	Entry: C:\Users\LENOVO\.p2\pool\plugins\com.google.guava_33.2.0.jre.jar
2024-09-11 17:01:35,854 [Worker-45: Launching mavenrun-5529749e-f2cd-4494-8deb-36f53c8aad71] INFO  o.eclipse.m2e.core.internal.Bundles - getClasspathEntries(Bundle=slf4j.api_2.0.16 [1009])
2024-09-11 17:01:35,855 [Worker-45: Launching mavenrun-5529749e-f2cd-4494-8deb-36f53c8aad71] INFO  o.eclipse.m2e.core.internal.Bundles - 	Entry: C:\Users\LENOVO\.p2\pool\plugins\slf4j.api_2.0.16.jar
2024-09-11 17:01:35,855 [Worker-45: Launching mavenrun-5529749e-f2cd-4494-8deb-36f53c8aad71] INFO  o.eclipse.m2e.core.internal.Bundles - getClasspathEntries(Bundle=jakarta.inject.jakarta.inject-api_1.0.5 [33])
2024-09-11 17:01:35,856 [Worker-45: Launching mavenrun-5529749e-f2cd-4494-8deb-36f53c8aad71] INFO  o.eclipse.m2e.core.internal.Bundles - 	Entry: C:\Users\LENOVO\.p2\pool\plugins\jakarta.inject.jakarta.inject-api_1.0.5.jar
2024-09-11 17:01:35,856 [Worker-45: Launching mavenrun-5529749e-f2cd-4494-8deb-36f53c8aad71] INFO  o.eclipse.m2e.core.internal.Bundles - getClasspathEntries(Bundle=javax.annotation_1.3.5.v20200909-1856 [44])
2024-09-11 17:01:35,856 [Worker-45: Launching mavenrun-5529749e-f2cd-4494-8deb-36f53c8aad71] INFO  o.eclipse.m2e.core.internal.Bundles - 	Entry: C:\Users\LENOVO\.p2\pool\plugins\javax.annotation_1.3.5.v20200909-1856.jar
2024-09-11 17:01:35,857 [Worker-45: Launching mavenrun-5529749e-f2cd-4494-8deb-36f53c8aad71] INFO  o.eclipse.m2e.core.internal.Bundles - getClasspathEntries(Bundle=org.apache.commons.cli_1.8.0 [78])
2024-09-11 17:01:35,857 [Worker-45: Launching mavenrun-5529749e-f2cd-4494-8deb-36f53c8aad71] INFO  o.eclipse.m2e.core.internal.Bundles - 	Entry: C:\Users\LENOVO\.p2\pool\plugins\org.apache.commons.cli_1.8.0.jar
2024-09-11 17:01:35,857 [Worker-45: Launching mavenrun-5529749e-f2cd-4494-8deb-36f53c8aad71] INFO  o.eclipse.m2e.core.internal.Bundles - getClasspathEntries(Bundle=org.apache.commons.commons-codec_1.16.0 [81])
2024-09-11 17:01:35,858 [Worker-45: Launching mavenrun-5529749e-f2cd-4494-8deb-36f53c8aad71] INFO  o.eclipse.m2e.core.internal.Bundles - 	Entry: C:\Users\LENOVO\.p2\pool\plugins\org.apache.commons.commons-codec_1.16.0.jar
2024-09-11 17:01:35,858 [Worker-45: Launching mavenrun-5529749e-f2cd-4494-8deb-36f53c8aad71] INFO  o.eclipse.m2e.core.internal.Bundles - getClasspathEntries(Bundle=org.apache.commons.lang3_3.14.0 [89])
2024-09-11 17:01:35,858 [Worker-45: Launching mavenrun-5529749e-f2cd-4494-8deb-36f53c8aad71] INFO  o.eclipse.m2e.core.internal.Bundles - 	Entry: C:\Users\LENOVO\.p2\pool\plugins\org.apache.commons.lang3_3.14.0.jar
2024-09-11 17:01:35,858 [Worker-45: Launching mavenrun-5529749e-f2cd-4494-8deb-36f53c8aad71] INFO  o.eclipse.m2e.core.internal.Bundles - getClasspathEntries(Bundle=com.google.guava.failureaccess_1.0.2 [17])
2024-09-11 17:01:35,859 [Worker-45: Launching mavenrun-5529749e-f2cd-4494-8deb-36f53c8aad71] INFO  o.eclipse.m2e.core.internal.Bundles - 	Entry: C:\Users\LENOVO\.p2\pool\plugins\com.google.guava.failureaccess_1.0.2.jar
2024-09-11 17:01:35,862 [Worker-45: Launching mavenrun-5529749e-f2cd-4494-8deb-36f53c8aad71] INFO  o.e.m.i.launch.MavenLaunchDelegate - Run build in "C:\Users\LENOVO\AppData\Local\Temp\m2e-archetypeGenerator13672085063109948336":
2024-09-11 17:01:35,863 [Worker-45: Launching mavenrun-5529749e-f2cd-4494-8deb-36f53c8aad71] INFO  o.e.m.i.launch.MavenLaunchDelegate -  mvn  -DarchetypeGroupId=org.apache.maven.archetypes -DarchetypeArtifactId=maven-archetype-quickstart -DarchetypeVersion=1.4 -DgroupId=jdbc3_2 -DartifactId=jdbc3_2 -Dversion=0.0.1-SNAPSHOT -Dpackage=com.demo -DoutputDirectory=D:\java\eclipse\Jdbc -B -Dstyle.color=always -U archetype:generate
2024-09-11 17:01:49,170 [Worker-43: Creating maven-archetype-quickstart] INFO  o.e.m.c.i.p.ProjectConfigurationManager - Collecting project info '/pom.xml' D:\java\eclipse\Jdbc\jdbc3_2\pom.xml
2024-09-11 17:01:49,635 [Worker-43: Creating maven-archetype-quickstart] INFO  o.e.m.c.i.l.LifecycleMappingFactory - Using org.eclipse.m2e.jdt.JarLifecycleMapping lifecycle mapping for MavenProject: jdbc3_2:jdbc3_2:0.0.1-SNAPSHOT @ D:\java\eclipse\Jdbc\jdbc3_2\pom.xml.
2024-09-11 17:01:50,066 [Worker-43: Creating maven-archetype-quickstart] INFO  o.e.m.j.i.AbstractJavaProjectConfigurator - Adding source folder /jdbc3_2/src/main/java
2024-09-11 17:01:50,068 [Worker-43: Creating maven-archetype-quickstart] INFO  o.e.m.j.i.AbstractJavaProjectConfigurator - Adding resource folder /jdbc3_2/src/main/resources
2024-09-11 17:01:50,082 [Worker-43: Creating maven-archetype-quickstart] INFO  o.e.m.j.i.AbstractJavaProjectConfigurator - Adding source folder /jdbc3_2/src/test/java
2024-09-11 17:01:50,084 [Worker-43: Creating maven-archetype-quickstart] INFO  o.e.m.j.i.AbstractJavaProjectConfigurator - Adding resource folder /jdbc3_2/src/test/resources
2024-09-11 17:01:50,181 [Worker-43: Creating maven-archetype-quickstart] INFO  o.e.m.c.i.p.ProjectConfigurationManager - Imported and configured 1 project(s) in 1 sec
2024-09-11 17:01:50,381 [Worker-49: Building] INFO  o.e.m.c.i.embedder.EclipseLogger - Using 'UTF-8' encoding to copy filtered resources.
2024-09-11 17:01:50,382 [Worker-49: Building] INFO  o.e.m.c.i.embedder.EclipseLogger - skip non existing resourceDirectory D:\java\eclipse\Jdbc\jdbc3_2\src\main\resources
2024-09-11 17:01:50,384 [Worker-49: Building] INFO  o.e.m.c.i.embedder.EclipseLogger - Using 'UTF-8' encoding to copy filtered resources.
2024-09-11 17:01:50,384 [Worker-49: Building] INFO  o.e.m.c.i.embedder.EclipseLogger - skip non existing resourceDirectory D:\java\eclipse\Jdbc\jdbc3_2\src\test\resources
2024-09-11 17:04:40,191 [Worker-45: Updating Maven Dependencies] INFO  o.e.m.c.i.l.LifecycleMappingFactory - Using org.eclipse.m2e.jdt.JarLifecycleMapping lifecycle mapping for MavenProject: jdbc3:jdbc3:0.0.1-SNAPSHOT @ D:\java\eclipse\Jdbc\jdbc3\pom.xml.
2024-09-11 17:05:12,533 [Worker-43: Updating Maven Dependencies] ERROR o.e.m.j.i.l.MavenLaunchConfigurationListener - Launch configuration App (2) references closed project jdbc3
org.eclipse.core.runtime.CoreException: Launch configuration App (2) references closed project jdbc3
	at org.eclipse.jdt.launching.JavaRuntime.abort(JavaRuntime.java:1867)
	at org.eclipse.jdt.launching.JavaRuntime.getJavaProject(JavaRuntime.java:1741)
	at org.eclipse.m2e.jdt.internal.launch.MavenLaunchConfigurationListener.updateLaunchConfiguration(MavenLaunchConfigurationListener.java:64)
	at org.eclipse.m2e.jdt.internal.launch.MavenLaunchConfigurationListener.launchConfigurationChanged(MavenLaunchConfigurationListener.java:50)
	at org.eclipse.debug.internal.core.LaunchManager$ConfigurationNotifier.run(LaunchManager.java:220)
	at org.eclipse.core.runtime.SafeRunner.run(SafeRunner.java:47)
	at org.eclipse.debug.internal.core.LaunchManager$ConfigurationNotifier.notify(LaunchManager.java:204)
	at org.eclipse.debug.internal.core.LaunchConfigurationWorkingCopy.setDirty(LaunchConfigurationWorkingCopy.java:527)
	at org.eclipse.debug.internal.core.LaunchConfigurationWorkingCopy.setAttribute(LaunchConfigurationWorkingCopy.java:415)
	at org.eclipse.m2e.jdt.internal.launch.MavenRuntimeClasspathProvider.disable(MavenRuntimeClasspathProvider.java:409)
	at org.eclipse.m2e.jdt.internal.launch.MavenRuntimeClasspathProvider.disable(MavenRuntimeClasspathProvider.java:435)
	at org.eclipse.m2e.jdt.internal.launch.MavenLaunchConfigurationListener.mavenProjectChanged(MavenLaunchConfigurationListener.java:135)
	at org.eclipse.m2e.core.internal.project.registry.ProjectRegistryManager.notifyProjectChangeListeners(ProjectRegistryManager.java:892)
	at org.eclipse.m2e.core.internal.project.registry.ProjectRegistryManager.applyMutableProjectRegistry(ProjectRegistryManager.java:1042)
	at org.eclipse.m2e.core.internal.project.registry.ProjectRegistryRefreshJob.lambda$0(ProjectRegistryRefreshJob.java:162)
	at org.eclipse.m2e.core.internal.embedder.MavenExecutionContext.executeBare(MavenExecutionContext.java:458)
	at org.eclipse.m2e.core.internal.embedder.MavenExecutionContext.execute(MavenExecutionContext.java:339)
	at org.eclipse.m2e.core.internal.embedder.MavenExecutionContext.execute(MavenExecutionContext.java:278)
	at org.eclipse.m2e.core.internal.project.registry.ProjectRegistryRefreshJob.run(ProjectRegistryRefreshJob.java:106)
	at org.eclipse.core.internal.jobs.Worker.run(Worker.java:63)
2024-09-11 17:05:12,535 [Worker-43: Updating Maven Dependencies] ERROR o.e.m.j.i.l.MavenLaunchConfigurationListener - Launch configuration App (2) references closed project jdbc3
org.eclipse.core.runtime.CoreException: Launch configuration App (2) references closed project jdbc3
	at org.eclipse.jdt.launching.JavaRuntime.abort(JavaRuntime.java:1867)
	at org.eclipse.jdt.launching.JavaRuntime.getJavaProject(JavaRuntime.java:1741)
	at org.eclipse.m2e.jdt.internal.launch.MavenLaunchConfigurationListener.updateLaunchConfiguration(MavenLaunchConfigurationListener.java:64)
	at org.eclipse.m2e.jdt.internal.launch.MavenLaunchConfigurationListener.launchConfigurationChanged(MavenLaunchConfigurationListener.java:50)
	at org.eclipse.debug.internal.core.LaunchManager$ConfigurationNotifier.run(LaunchManager.java:220)
	at org.eclipse.core.runtime.SafeRunner.run(SafeRunner.java:47)
	at org.eclipse.debug.internal.core.LaunchManager$ConfigurationNotifier.notify(LaunchManager.java:204)
	at org.eclipse.debug.internal.core.LaunchConfigurationWorkingCopy.setDirty(LaunchConfigurationWorkingCopy.java:527)
	at org.eclipse.debug.internal.core.LaunchConfigurationWorkingCopy.setAttribute(LaunchConfigurationWorkingCopy.java:415)
	at org.eclipse.m2e.jdt.internal.launch.MavenRuntimeClasspathProvider.disable(MavenRuntimeClasspathProvider.java:410)
	at org.eclipse.m2e.jdt.internal.launch.MavenRuntimeClasspathProvider.disable(MavenRuntimeClasspathProvider.java:435)
	at org.eclipse.m2e.jdt.internal.launch.MavenLaunchConfigurationListener.mavenProjectChanged(MavenLaunchConfigurationListener.java:135)
	at org.eclipse.m2e.core.internal.project.registry.ProjectRegistryManager.notifyProjectChangeListeners(ProjectRegistryManager.java:892)
	at org.eclipse.m2e.core.internal.project.registry.ProjectRegistryManager.applyMutableProjectRegistry(ProjectRegistryManager.java:1042)
	at org.eclipse.m2e.core.internal.project.registry.ProjectRegistryRefreshJob.lambda$0(ProjectRegistryRefreshJob.java:162)
	at org.eclipse.m2e.core.internal.embedder.MavenExecutionContext.executeBare(MavenExecutionContext.java:458)
	at org.eclipse.m2e.core.internal.embedder.MavenExecutionContext.execute(MavenExecutionContext.java:339)
	at org.eclipse.m2e.core.internal.embedder.MavenExecutionContext.execute(MavenExecutionContext.java:278)
	at org.eclipse.m2e.core.internal.project.registry.ProjectRegistryRefreshJob.run(ProjectRegistryRefreshJob.java:106)
	at org.eclipse.core.internal.jobs.Worker.run(Worker.java:63)
2024-09-11 17:05:12,552 [Worker-43: Updating Maven Dependencies] ERROR o.e.m.j.i.l.MavenLaunchConfigurationListener - Launch configuration App (2) references closed project jdbc3
org.eclipse.core.runtime.CoreException: Launch configuration App (2) references closed project jdbc3
	at org.eclipse.jdt.launching.JavaRuntime.abort(JavaRuntime.java:1867)
	at org.eclipse.jdt.launching.JavaRuntime.getJavaProject(JavaRuntime.java:1741)
	at org.eclipse.m2e.jdt.internal.launch.MavenLaunchConfigurationListener.updateLaunchConfiguration(MavenLaunchConfigurationListener.java:64)
	at org.eclipse.m2e.jdt.internal.launch.MavenLaunchConfigurationListener.launchConfigurationChanged(MavenLaunchConfigurationListener.java:50)
	at org.eclipse.debug.internal.core.LaunchManager$ConfigurationNotifier.run(LaunchManager.java:220)
	at org.eclipse.core.runtime.SafeRunner.run(SafeRunner.java:47)
	at org.eclipse.debug.internal.core.LaunchManager$ConfigurationNotifier.notify(LaunchManager.java:204)
	at org.eclipse.debug.internal.core.LaunchManager.launchConfigurationChanged(LaunchManager.java:2010)
	at org.eclipse.debug.internal.core.LaunchConfigurationWorkingCopy.writeNewFile(LaunchConfigurationWorkingCopy.java:380)
	at org.eclipse.debug.internal.core.LaunchConfigurationWorkingCopy.doSave0(LaunchConfigurationWorkingCopy.java:259)
	at org.eclipse.debug.internal.core.LaunchConfigurationWorkingCopy.doSave(LaunchConfigurationWorkingCopy.java:229)
	at org.eclipse.debug.internal.core.LaunchConfigurationWorkingCopy.doSave(LaunchConfigurationWorkingCopy.java:187)
	at org.eclipse.m2e.jdt.internal.launch.MavenRuntimeClasspathProvider.disable(MavenRuntimeClasspathProvider.java:411)
	at org.eclipse.m2e.jdt.internal.launch.MavenRuntimeClasspathProvider.disable(MavenRuntimeClasspathProvider.java:435)
	at org.eclipse.m2e.jdt.internal.launch.MavenLaunchConfigurationListener.mavenProjectChanged(MavenLaunchConfigurationListener.java:135)
	at org.eclipse.m2e.core.internal.project.registry.ProjectRegistryManager.notifyProjectChangeListeners(ProjectRegistryManager.java:892)
	at org.eclipse.m2e.core.internal.project.registry.ProjectRegistryManager.applyMutableProjectRegistry(ProjectRegistryManager.java:1042)
	at org.eclipse.m2e.core.internal.project.registry.ProjectRegistryRefreshJob.lambda$0(ProjectRegistryRefreshJob.java:162)
	at org.eclipse.m2e.core.internal.embedder.MavenExecutionContext.executeBare(MavenExecutionContext.java:458)
	at org.eclipse.m2e.core.internal.embedder.MavenExecutionContext.execute(MavenExecutionContext.java:339)
	at org.eclipse.m2e.core.internal.embedder.MavenExecutionContext.execute(MavenExecutionContext.java:278)
	at org.eclipse.m2e.core.internal.project.registry.ProjectRegistryRefreshJob.run(ProjectRegistryRefreshJob.java:106)
	at org.eclipse.core.internal.jobs.Worker.run(Worker.java:63)
2024-09-11 17:06:03,654 [Worker-43: Building] INFO  o.e.m.c.i.embedder.EclipseLogger - Using 'UTF-8' encoding to copy filtered resources.
2024-09-11 17:06:03,654 [Worker-43: Building] INFO  o.e.m.c.i.embedder.EclipseLogger - skip non existing resourceDirectory D:\java\eclipse\Jdbc\jdbc3_2\src\main\resources
2024-09-11 17:06:03,657 [Worker-43: Building] INFO  o.e.m.c.i.embedder.EclipseLogger - Using 'UTF-8' encoding to copy filtered resources.
2024-09-11 17:06:03,657 [Worker-43: Building] INFO  o.e.m.c.i.embedder.EclipseLogger - skip non existing resourceDirectory D:\java\eclipse\Jdbc\jdbc3_2\src\test\resources
2024-09-11 17:06:14,236 [Worker-45: Building] INFO  o.e.m.c.i.embedder.EclipseLogger - Using 'UTF-8' encoding to copy filtered resources.
2024-09-11 17:06:14,236 [Worker-45: Building] INFO  o.e.m.c.i.embedder.EclipseLogger - skip non existing resourceDirectory D:\java\eclipse\Jdbc\jdbc3_2\src\main\resources
2024-09-11 17:06:14,237 [Worker-45: Building] INFO  o.e.m.c.i.embedder.EclipseLogger - Using 'UTF-8' encoding to copy filtered resources.
2024-09-11 17:06:14,238 [Worker-45: Building] INFO  o.e.m.c.i.embedder.EclipseLogger - skip non existing resourceDirectory D:\java\eclipse\Jdbc\jdbc3_2\src\test\resources
2024-09-11 17:06:40,133 [Worker-51: Building] INFO  o.e.m.c.i.embedder.EclipseLogger - Using 'UTF-8' encoding to copy filtered resources.
2024-09-11 17:06:40,133 [Worker-51: Building] INFO  o.e.m.c.i.embedder.EclipseLogger - skip non existing resourceDirectory D:\java\eclipse\Jdbc\jdbc3_2\src\main\resources
2024-09-11 17:06:40,136 [Worker-51: Building] INFO  o.e.m.c.i.embedder.EclipseLogger - Using 'UTF-8' encoding to copy filtered resources.
2024-09-11 17:06:40,136 [Worker-51: Building] INFO  o.e.m.c.i.embedder.EclipseLogger - skip non existing resourceDirectory D:\java\eclipse\Jdbc\jdbc3_2\src\test\resources
2024-09-11 17:08:12,008 [Worker-53: Updating Maven Dependencies] INFO  o.e.m.c.i.l.LifecycleMappingFactory - Using org.eclipse.m2e.jdt.JarLifecycleMapping lifecycle mapping for MavenProject: jdbc3:jdbc3:0.0.1-SNAPSHOT @ D:\java\eclipse\Jdbc\jdbc3\pom.xml.
2024-09-11 17:08:38,923 [Worker-51: Updating Maven Dependencies] ERROR o.e.m.j.i.l.MavenLaunchConfigurationListener - Launch configuration App (2) references closed project jdbc3
org.eclipse.core.runtime.CoreException: Launch configuration App (2) references closed project jdbc3
	at org.eclipse.jdt.launching.JavaRuntime.abort(JavaRuntime.java:1867)
	at org.eclipse.jdt.launching.JavaRuntime.getJavaProject(JavaRuntime.java:1741)
	at org.eclipse.m2e.jdt.internal.launch.MavenLaunchConfigurationListener.updateLaunchConfiguration(MavenLaunchConfigurationListener.java:64)
	at org.eclipse.m2e.jdt.internal.launch.MavenLaunchConfigurationListener.launchConfigurationChanged(MavenLaunchConfigurationListener.java:50)
	at org.eclipse.debug.internal.core.LaunchManager$ConfigurationNotifier.run(LaunchManager.java:220)
	at org.eclipse.core.runtime.SafeRunner.run(SafeRunner.java:47)
	at org.eclipse.debug.internal.core.LaunchManager$ConfigurationNotifier.notify(LaunchManager.java:204)
	at org.eclipse.debug.internal.core.LaunchConfigurationWorkingCopy.setDirty(LaunchConfigurationWorkingCopy.java:527)
	at org.eclipse.debug.internal.core.LaunchConfigurationWorkingCopy.setAttribute(LaunchConfigurationWorkingCopy.java:415)
	at org.eclipse.m2e.jdt.internal.launch.MavenRuntimeClasspathProvider.disable(MavenRuntimeClasspathProvider.java:409)
	at org.eclipse.m2e.jdt.internal.launch.MavenRuntimeClasspathProvider.disable(MavenRuntimeClasspathProvider.java:435)
	at org.eclipse.m2e.jdt.internal.launch.MavenLaunchConfigurationListener.mavenProjectChanged(MavenLaunchConfigurationListener.java:135)
	at org.eclipse.m2e.core.internal.project.registry.ProjectRegistryManager.notifyProjectChangeListeners(ProjectRegistryManager.java:892)
	at org.eclipse.m2e.core.internal.project.registry.ProjectRegistryManager.applyMutableProjectRegistry(ProjectRegistryManager.java:1042)
	at org.eclipse.m2e.core.internal.project.registry.ProjectRegistryRefreshJob.lambda$0(ProjectRegistryRefreshJob.java:162)
	at org.eclipse.m2e.core.internal.embedder.MavenExecutionContext.executeBare(MavenExecutionContext.java:458)
	at org.eclipse.m2e.core.internal.embedder.MavenExecutionContext.execute(MavenExecutionContext.java:339)
	at org.eclipse.m2e.core.internal.embedder.MavenExecutionContext.execute(MavenExecutionContext.java:278)
	at org.eclipse.m2e.core.internal.project.registry.ProjectRegistryRefreshJob.run(ProjectRegistryRefreshJob.java:106)
	at org.eclipse.core.internal.jobs.Worker.run(Worker.java:63)
2024-09-11 17:08:38,925 [Worker-51: Updating Maven Dependencies] ERROR o.e.m.j.i.l.MavenLaunchConfigurationListener - Launch configuration App (2) references closed project jdbc3
org.eclipse.core.runtime.CoreException: Launch configuration App (2) references closed project jdbc3
	at org.eclipse.jdt.launching.JavaRuntime.abort(JavaRuntime.java:1867)
	at org.eclipse.jdt.launching.JavaRuntime.getJavaProject(JavaRuntime.java:1741)
	at org.eclipse.m2e.jdt.internal.launch.MavenLaunchConfigurationListener.updateLaunchConfiguration(MavenLaunchConfigurationListener.java:64)
	at org.eclipse.m2e.jdt.internal.launch.MavenLaunchConfigurationListener.launchConfigurationChanged(MavenLaunchConfigurationListener.java:50)
	at org.eclipse.debug.internal.core.LaunchManager$ConfigurationNotifier.run(LaunchManager.java:220)
	at org.eclipse.core.runtime.SafeRunner.run(SafeRunner.java:47)
	at org.eclipse.debug.internal.core.LaunchManager$ConfigurationNotifier.notify(LaunchManager.java:204)
	at org.eclipse.debug.internal.core.LaunchConfigurationWorkingCopy.setDirty(LaunchConfigurationWorkingCopy.java:527)
	at org.eclipse.debug.internal.core.LaunchConfigurationWorkingCopy.setAttribute(LaunchConfigurationWorkingCopy.java:415)
	at org.eclipse.m2e.jdt.internal.launch.MavenRuntimeClasspathProvider.disable(MavenRuntimeClasspathProvider.java:410)
	at org.eclipse.m2e.jdt.internal.launch.MavenRuntimeClasspathProvider.disable(MavenRuntimeClasspathProvider.java:435)
	at org.eclipse.m2e.jdt.internal.launch.MavenLaunchConfigurationListener.mavenProjectChanged(MavenLaunchConfigurationListener.java:135)
	at org.eclipse.m2e.core.internal.project.registry.ProjectRegistryManager.notifyProjectChangeListeners(ProjectRegistryManager.java:892)
	at org.eclipse.m2e.core.internal.project.registry.ProjectRegistryManager.applyMutableProjectRegistry(ProjectRegistryManager.java:1042)
	at org.eclipse.m2e.core.internal.project.registry.ProjectRegistryRefreshJob.lambda$0(ProjectRegistryRefreshJob.java:162)
	at org.eclipse.m2e.core.internal.embedder.MavenExecutionContext.executeBare(MavenExecutionContext.java:458)
	at org.eclipse.m2e.core.internal.embedder.MavenExecutionContext.execute(MavenExecutionContext.java:339)
	at org.eclipse.m2e.core.internal.embedder.MavenExecutionContext.execute(MavenExecutionContext.java:278)
	at org.eclipse.m2e.core.internal.project.registry.ProjectRegistryRefreshJob.run(ProjectRegistryRefreshJob.java:106)
	at org.eclipse.core.internal.jobs.Worker.run(Worker.java:63)
2024-09-11 17:08:38,933 [Worker-51: Updating Maven Dependencies] ERROR o.e.m.j.i.l.MavenLaunchConfigurationListener - Launch configuration App (2) references closed project jdbc3
org.eclipse.core.runtime.CoreException: Launch configuration App (2) references closed project jdbc3
	at org.eclipse.jdt.launching.JavaRuntime.abort(JavaRuntime.java:1867)
	at org.eclipse.jdt.launching.JavaRuntime.getJavaProject(JavaRuntime.java:1741)
	at org.eclipse.m2e.jdt.internal.launch.MavenLaunchConfigurationListener.updateLaunchConfiguration(MavenLaunchConfigurationListener.java:64)
	at org.eclipse.m2e.jdt.internal.launch.MavenLaunchConfigurationListener.launchConfigurationChanged(MavenLaunchConfigurationListener.java:50)
	at org.eclipse.debug.internal.core.LaunchManager$ConfigurationNotifier.run(LaunchManager.java:220)
	at org.eclipse.core.runtime.SafeRunner.run(SafeRunner.java:47)
	at org.eclipse.debug.internal.core.LaunchManager$ConfigurationNotifier.notify(LaunchManager.java:204)
	at org.eclipse.debug.internal.core.LaunchManager.launchConfigurationChanged(LaunchManager.java:2010)
	at org.eclipse.debug.internal.core.LaunchConfigurationWorkingCopy.writeNewFile(LaunchConfigurationWorkingCopy.java:380)
	at org.eclipse.debug.internal.core.LaunchConfigurationWorkingCopy.doSave0(LaunchConfigurationWorkingCopy.java:259)
	at org.eclipse.debug.internal.core.LaunchConfigurationWorkingCopy.doSave(LaunchConfigurationWorkingCopy.java:229)
	at org.eclipse.debug.internal.core.LaunchConfigurationWorkingCopy.doSave(LaunchConfigurationWorkingCopy.java:187)
	at org.eclipse.m2e.jdt.internal.launch.MavenRuntimeClasspathProvider.disable(MavenRuntimeClasspathProvider.java:411)
	at org.eclipse.m2e.jdt.internal.launch.MavenRuntimeClasspathProvider.disable(MavenRuntimeClasspathProvider.java:435)
	at org.eclipse.m2e.jdt.internal.launch.MavenLaunchConfigurationListener.mavenProjectChanged(MavenLaunchConfigurationListener.java:135)
	at org.eclipse.m2e.core.internal.project.registry.ProjectRegistryManager.notifyProjectChangeListeners(ProjectRegistryManager.java:892)
	at org.eclipse.m2e.core.internal.project.registry.ProjectRegistryManager.applyMutableProjectRegistry(ProjectRegistryManager.java:1042)
	at org.eclipse.m2e.core.internal.project.registry.ProjectRegistryRefreshJob.lambda$0(ProjectRegistryRefreshJob.java:162)
	at org.eclipse.m2e.core.internal.embedder.MavenExecutionContext.executeBare(MavenExecutionContext.java:458)
	at org.eclipse.m2e.core.internal.embedder.MavenExecutionContext.execute(MavenExecutionContext.java:339)
	at org.eclipse.m2e.core.internal.embedder.MavenExecutionContext.execute(MavenExecutionContext.java:278)
	at org.eclipse.m2e.core.internal.project.registry.ProjectRegistryRefreshJob.run(ProjectRegistryRefreshJob.java:106)
	at org.eclipse.core.internal.jobs.Worker.run(Worker.java:63)
2024-09-11 17:09:08,562 [Worker-45: Building] INFO  o.e.m.c.i.embedder.EclipseLogger - Using 'UTF-8' encoding to copy filtered resources.
2024-09-11 17:09:08,562 [Worker-45: Building] INFO  o.e.m.c.i.embedder.EclipseLogger - skip non existing resourceDirectory D:\java\eclipse\Jdbc\jdbc3_2\src\main\resources
2024-09-11 17:09:08,565 [Worker-45: Building] INFO  o.e.m.c.i.embedder.EclipseLogger - Using 'UTF-8' encoding to copy filtered resources.
2024-09-11 17:09:08,565 [Worker-45: Building] INFO  o.e.m.c.i.embedder.EclipseLogger - skip non existing resourceDirectory D:\java\eclipse\Jdbc\jdbc3_2\src\test\resources
2024-09-11 17:09:24,399 [Worker-51: Building] INFO  o.e.m.c.i.embedder.EclipseLogger - Using 'UTF-8' encoding to copy filtered resources.
2024-09-11 17:09:24,399 [Worker-51: Building] INFO  o.e.m.c.i.embedder.EclipseLogger - skip non existing resourceDirectory D:\java\eclipse\Jdbc\jdbc3_2\src\main\resources
2024-09-11 17:09:24,402 [Worker-51: Building] INFO  o.e.m.c.i.embedder.EclipseLogger - Using 'UTF-8' encoding to copy filtered resources.
2024-09-11 17:09:24,402 [Worker-51: Building] INFO  o.e.m.c.i.embedder.EclipseLogger - skip non existing resourceDirectory D:\java\eclipse\Jdbc\jdbc3_2\src\test\resources
2024-09-11 17:20:43,528 [Worker-43: Building] INFO  o.e.m.c.i.embedder.EclipseLogger - Using 'UTF-8' encoding to copy filtered resources.
2024-09-11 17:20:43,529 [Worker-43: Building] INFO  o.e.m.c.i.embedder.EclipseLogger - skip non existing resourceDirectory D:\java\eclipse\Jdbc\jdbc3_2\src\main\resources
2024-09-11 17:20:43,531 [Worker-43: Building] INFO  o.e.m.c.i.embedder.EclipseLogger - Using 'UTF-8' encoding to copy filtered resources.
2024-09-11 17:20:43,531 [Worker-43: Building] INFO  o.e.m.c.i.embedder.EclipseLogger - skip non existing resourceDirectory D:\java\eclipse\Jdbc\jdbc3_2\src\test\resources
2024-09-11 17:31:47,481 [Worker-56: Building] INFO  o.e.m.c.i.embedder.EclipseLogger - Using 'UTF-8' encoding to copy filtered resources.
2024-09-11 17:31:47,481 [Worker-56: Building] INFO  o.e.m.c.i.embedder.EclipseLogger - skip non existing resourceDirectory D:\java\eclipse\Jdbc\jdbc3_2\src\main\resources
2024-09-11 17:31:47,484 [Worker-56: Building] INFO  o.e.m.c.i.embedder.EclipseLogger - Using 'UTF-8' encoding to copy filtered resources.
2024-09-11 17:31:47,484 [Worker-56: Building] INFO  o.e.m.c.i.embedder.EclipseLogger - skip non existing resourceDirectory D:\java\eclipse\Jdbc\jdbc3_2\src\test\resources
2024-09-11 17:34:54,088 [Worker-56: Building] INFO  o.e.m.c.i.embedder.EclipseLogger - Using 'UTF-8' encoding to copy filtered resources.
2024-09-11 17:34:54,088 [Worker-56: Building] INFO  o.e.m.c.i.embedder.EclipseLogger - skip non existing resourceDirectory D:\java\eclipse\Jdbc\jdbc3_2\src\main\resources
2024-09-11 17:34:54,091 [Worker-56: Building] INFO  o.e.m.c.i.embedder.EclipseLogger - Using 'UTF-8' encoding to copy filtered resources.
2024-09-11 17:34:54,091 [Worker-56: Building] INFO  o.e.m.c.i.embedder.EclipseLogger - skip non existing resourceDirectory D:\java\eclipse\Jdbc\jdbc3_2\src\test\resources
2024-09-11 17:35:14,008 [Worker-58: Building] INFO  o.e.m.c.i.embedder.EclipseLogger - Using 'UTF-8' encoding to copy filtered resources.
2024-09-11 17:35:14,008 [Worker-58: Building] INFO  o.e.m.c.i.embedder.EclipseLogger - skip non existing resourceDirectory D:\java\eclipse\Jdbc\jdbc3_2\src\main\resources
2024-09-11 17:35:14,012 [Worker-58: Building] INFO  o.e.m.c.i.embedder.EclipseLogger - Using 'UTF-8' encoding to copy filtered resources.
2024-09-11 17:35:14,013 [Worker-58: Building] INFO  o.e.m.c.i.embedder.EclipseLogger - skip non existing resourceDirectory D:\java\eclipse\Jdbc\jdbc3_2\src\test\resources
2024-09-11 17:44:26,808 [Worker-66: Updating Maven Dependencies] INFO  o.e.m.c.i.l.LifecycleMappingFactory - Using org.eclipse.m2e.jdt.JarLifecycleMapping lifecycle mapping for MavenProject: jdbc3:jdbc3:0.0.1-SNAPSHOT @ D:\java\eclipse\Jdbc\jdbc3\pom.xml.
2024-09-11 17:45:29,897 [Worker-65: Updating Maven Dependencies] ERROR o.e.m.j.i.l.MavenLaunchConfigurationListener - Launch configuration App (2) references closed project jdbc3
org.eclipse.core.runtime.CoreException: Launch configuration App (2) references closed project jdbc3
	at org.eclipse.jdt.launching.JavaRuntime.abort(JavaRuntime.java:1867)
	at org.eclipse.jdt.launching.JavaRuntime.getJavaProject(JavaRuntime.java:1741)
	at org.eclipse.m2e.jdt.internal.launch.MavenLaunchConfigurationListener.updateLaunchConfiguration(MavenLaunchConfigurationListener.java:64)
	at org.eclipse.m2e.jdt.internal.launch.MavenLaunchConfigurationListener.launchConfigurationChanged(MavenLaunchConfigurationListener.java:50)
	at org.eclipse.debug.internal.core.LaunchManager$ConfigurationNotifier.run(LaunchManager.java:220)
	at org.eclipse.core.runtime.SafeRunner.run(SafeRunner.java:47)
	at org.eclipse.debug.internal.core.LaunchManager$ConfigurationNotifier.notify(LaunchManager.java:204)
	at org.eclipse.debug.internal.core.LaunchConfigurationWorkingCopy.setDirty(LaunchConfigurationWorkingCopy.java:527)
	at org.eclipse.debug.internal.core.LaunchConfigurationWorkingCopy.setAttribute(LaunchConfigurationWorkingCopy.java:415)
	at org.eclipse.m2e.jdt.internal.launch.MavenRuntimeClasspathProvider.disable(MavenRuntimeClasspathProvider.java:409)
	at org.eclipse.m2e.jdt.internal.launch.MavenRuntimeClasspathProvider.disable(MavenRuntimeClasspathProvider.java:435)
	at org.eclipse.m2e.jdt.internal.launch.MavenLaunchConfigurationListener.mavenProjectChanged(MavenLaunchConfigurationListener.java:135)
	at org.eclipse.m2e.core.internal.project.registry.ProjectRegistryManager.notifyProjectChangeListeners(ProjectRegistryManager.java:892)
	at org.eclipse.m2e.core.internal.project.registry.ProjectRegistryManager.applyMutableProjectRegistry(ProjectRegistryManager.java:1042)
	at org.eclipse.m2e.core.internal.project.registry.ProjectRegistryRefreshJob.lambda$0(ProjectRegistryRefreshJob.java:162)
	at org.eclipse.m2e.core.internal.embedder.MavenExecutionContext.executeBare(MavenExecutionContext.java:458)
	at org.eclipse.m2e.core.internal.embedder.MavenExecutionContext.execute(MavenExecutionContext.java:339)
	at org.eclipse.m2e.core.internal.embedder.MavenExecutionContext.execute(MavenExecutionContext.java:278)
	at org.eclipse.m2e.core.internal.project.registry.ProjectRegistryRefreshJob.run(ProjectRegistryRefreshJob.java:106)
	at org.eclipse.core.internal.jobs.Worker.run(Worker.java:63)
2024-09-11 17:45:29,902 [Worker-65: Updating Maven Dependencies] ERROR o.e.m.j.i.l.MavenLaunchConfigurationListener - Launch configuration App (2) references closed project jdbc3
org.eclipse.core.runtime.CoreException: Launch configuration App (2) references closed project jdbc3
	at org.eclipse.jdt.launching.JavaRuntime.abort(JavaRuntime.java:1867)
	at org.eclipse.jdt.launching.JavaRuntime.getJavaProject(JavaRuntime.java:1741)
	at org.eclipse.m2e.jdt.internal.launch.MavenLaunchConfigurationListener.updateLaunchConfiguration(MavenLaunchConfigurationListener.java:64)
	at org.eclipse.m2e.jdt.internal.launch.MavenLaunchConfigurationListener.launchConfigurationChanged(MavenLaunchConfigurationListener.java:50)
	at org.eclipse.debug.internal.core.LaunchManager$ConfigurationNotifier.run(LaunchManager.java:220)
	at org.eclipse.core.runtime.SafeRunner.run(SafeRunner.java:47)
	at org.eclipse.debug.internal.core.LaunchManager$ConfigurationNotifier.notify(LaunchManager.java:204)
	at org.eclipse.debug.internal.core.LaunchConfigurationWorkingCopy.setDirty(LaunchConfigurationWorkingCopy.java:527)
	at org.eclipse.debug.internal.core.LaunchConfigurationWorkingCopy.setAttribute(LaunchConfigurationWorkingCopy.java:415)
	at org.eclipse.m2e.jdt.internal.launch.MavenRuntimeClasspathProvider.disable(MavenRuntimeClasspathProvider.java:410)
	at org.eclipse.m2e.jdt.internal.launch.MavenRuntimeClasspathProvider.disable(MavenRuntimeClasspathProvider.java:435)
	at org.eclipse.m2e.jdt.internal.launch.MavenLaunchConfigurationListener.mavenProjectChanged(MavenLaunchConfigurationListener.java:135)
	at org.eclipse.m2e.core.internal.project.registry.ProjectRegistryManager.notifyProjectChangeListeners(ProjectRegistryManager.java:892)
	at org.eclipse.m2e.core.internal.project.registry.ProjectRegistryManager.applyMutableProjectRegistry(ProjectRegistryManager.java:1042)
	at org.eclipse.m2e.core.internal.project.registry.ProjectRegistryRefreshJob.lambda$0(ProjectRegistryRefreshJob.java:162)
	at org.eclipse.m2e.core.internal.embedder.MavenExecutionContext.executeBare(MavenExecutionContext.java:458)
	at org.eclipse.m2e.core.internal.embedder.MavenExecutionContext.execute(MavenExecutionContext.java:339)
	at org.eclipse.m2e.core.internal.embedder.MavenExecutionContext.execute(MavenExecutionContext.java:278)
	at org.eclipse.m2e.core.internal.project.registry.ProjectRegistryRefreshJob.run(ProjectRegistryRefreshJob.java:106)
	at org.eclipse.core.internal.jobs.Worker.run(Worker.java:63)
2024-09-11 17:45:29,917 [Worker-65: Updating Maven Dependencies] ERROR o.e.m.j.i.l.MavenLaunchConfigurationListener - Launch configuration App (2) references closed project jdbc3
org.eclipse.core.runtime.CoreException: Launch configuration App (2) references closed project jdbc3
	at org.eclipse.jdt.launching.JavaRuntime.abort(JavaRuntime.java:1867)
	at org.eclipse.jdt.launching.JavaRuntime.getJavaProject(JavaRuntime.java:1741)
	at org.eclipse.m2e.jdt.internal.launch.MavenLaunchConfigurationListener.updateLaunchConfiguration(MavenLaunchConfigurationListener.java:64)
	at org.eclipse.m2e.jdt.internal.launch.MavenLaunchConfigurationListener.launchConfigurationChanged(MavenLaunchConfigurationListener.java:50)
	at org.eclipse.debug.internal.core.LaunchManager$ConfigurationNotifier.run(LaunchManager.java:220)
	at org.eclipse.core.runtime.SafeRunner.run(SafeRunner.java:47)
	at org.eclipse.debug.internal.core.LaunchManager$ConfigurationNotifier.notify(LaunchManager.java:204)
	at org.eclipse.debug.internal.core.LaunchManager.launchConfigurationChanged(LaunchManager.java:2010)
	at org.eclipse.debug.internal.core.LaunchConfigurationWorkingCopy.writeNewFile(LaunchConfigurationWorkingCopy.java:380)
	at org.eclipse.debug.internal.core.LaunchConfigurationWorkingCopy.doSave0(LaunchConfigurationWorkingCopy.java:259)
	at org.eclipse.debug.internal.core.LaunchConfigurationWorkingCopy.doSave(LaunchConfigurationWorkingCopy.java:229)
	at org.eclipse.debug.internal.core.LaunchConfigurationWorkingCopy.doSave(LaunchConfigurationWorkingCopy.java:187)
	at org.eclipse.m2e.jdt.internal.launch.MavenRuntimeClasspathProvider.disable(MavenRuntimeClasspathProvider.java:411)
	at org.eclipse.m2e.jdt.internal.launch.MavenRuntimeClasspathProvider.disable(MavenRuntimeClasspathProvider.java:435)
	at org.eclipse.m2e.jdt.internal.launch.MavenLaunchConfigurationListener.mavenProjectChanged(MavenLaunchConfigurationListener.java:135)
	at org.eclipse.m2e.core.internal.project.registry.ProjectRegistryManager.notifyProjectChangeListeners(ProjectRegistryManager.java:892)
	at org.eclipse.m2e.core.internal.project.registry.ProjectRegistryManager.applyMutableProjectRegistry(ProjectRegistryManager.java:1042)
	at org.eclipse.m2e.core.internal.project.registry.ProjectRegistryRefreshJob.lambda$0(ProjectRegistryRefreshJob.java:162)
	at org.eclipse.m2e.core.internal.embedder.MavenExecutionContext.executeBare(MavenExecutionContext.java:458)
	at org.eclipse.m2e.core.internal.embedder.MavenExecutionContext.execute(MavenExecutionContext.java:339)
	at org.eclipse.m2e.core.internal.embedder.MavenExecutionContext.execute(MavenExecutionContext.java:278)
	at org.eclipse.m2e.core.internal.project.registry.ProjectRegistryRefreshJob.run(ProjectRegistryRefreshJob.java:106)
	at org.eclipse.core.internal.jobs.Worker.run(Worker.java:63)
2024-09-11 17:45:46,264 [Worker-65: Building] INFO  o.e.m.c.i.l.LifecycleMappingFactory - Using org.eclipse.m2e.jdt.JarLifecycleMapping lifecycle mapping for MavenProject: jdbc3_2:jdbc3_2:0.0.1-SNAPSHOT @ D:\java\eclipse\Jdbc\jdbc3_2\pom.xml.
2024-09-11 17:45:47,613 [Worker-65: Building] INFO  o.e.m.c.i.embedder.EclipseLogger - Using 'UTF-8' encoding to copy filtered resources.
2024-09-11 17:45:47,613 [Worker-65: Building] INFO  o.e.m.c.i.embedder.EclipseLogger - skip non existing resourceDirectory D:\java\eclipse\Jdbc\jdbc3_2\src\main\resources
2024-09-11 17:45:47,617 [Worker-65: Building] INFO  o.e.m.c.i.embedder.EclipseLogger - Using 'UTF-8' encoding to copy filtered resources.
2024-09-11 17:45:47,617 [Worker-65: Building] INFO  o.e.m.c.i.embedder.EclipseLogger - skip non existing resourceDirectory D:\java\eclipse\Jdbc\jdbc3_2\src\test\resources
2024-09-11 17:45:49,985 [Worker-66: Building] INFO  o.e.m.c.i.embedder.EclipseLogger - Using 'UTF-8' encoding to copy filtered resources.
2024-09-11 17:45:49,985 [Worker-66: Building] INFO  o.e.m.c.i.embedder.EclipseLogger - skip non existing resourceDirectory D:\java\eclipse\Jdbc\jdbc3_2\src\main\resources
2024-09-11 17:45:49,987 [Worker-66: Building] INFO  o.e.m.c.i.embedder.EclipseLogger - Using 'UTF-8' encoding to copy filtered resources.
2024-09-11 17:45:49,987 [Worker-66: Building] INFO  o.e.m.c.i.embedder.EclipseLogger - skip non existing resourceDirectory D:\java\eclipse\Jdbc\jdbc3_2\src\test\resources
2024-09-11 17:50:19,821 [Worker-68: Building] INFO  o.e.m.c.i.embedder.EclipseLogger - Using 'UTF-8' encoding to copy filtered resources.
2024-09-11 17:50:19,822 [Worker-68: Building] INFO  o.e.m.c.i.embedder.EclipseLogger - skip non existing resourceDirectory D:\java\eclipse\Jdbc\jdbc3_2\src\main\resources
2024-09-11 17:50:19,824 [Worker-68: Building] INFO  o.e.m.c.i.embedder.EclipseLogger - Using 'UTF-8' encoding to copy filtered resources.
2024-09-11 17:50:19,824 [Worker-68: Building] INFO  o.e.m.c.i.embedder.EclipseLogger - skip non existing resourceDirectory D:\java\eclipse\Jdbc\jdbc3_2\src\test\resources
2024-09-11 17:51:25,264 [Worker-64: Building] INFO  o.e.m.c.i.embedder.EclipseLogger - Using 'UTF-8' encoding to copy filtered resources.
2024-09-11 17:51:25,264 [Worker-64: Building] INFO  o.e.m.c.i.embedder.EclipseLogger - skip non existing resourceDirectory D:\java\eclipse\Jdbc\jdbc3_2\src\main\resources
2024-09-11 17:51:25,268 [Worker-64: Building] INFO  o.e.m.c.i.embedder.EclipseLogger - Using 'UTF-8' encoding to copy filtered resources.
2024-09-11 17:51:25,268 [Worker-64: Building] INFO  o.e.m.c.i.embedder.EclipseLogger - skip non existing resourceDirectory D:\java\eclipse\Jdbc\jdbc3_2\src\test\resources
2024-09-11 17:52:33,416 [Worker-68: Building] INFO  o.e.m.c.i.embedder.EclipseLogger - Using 'UTF-8' encoding to copy filtered resources.
2024-09-11 17:52:33,416 [Worker-68: Building] INFO  o.e.m.c.i.embedder.EclipseLogger - skip non existing resourceDirectory D:\java\eclipse\Jdbc\jdbc3_2\src\main\resources
2024-09-11 17:52:33,420 [Worker-68: Building] INFO  o.e.m.c.i.embedder.EclipseLogger - Using 'UTF-8' encoding to copy filtered resources.
2024-09-11 17:52:33,421 [Worker-68: Building] INFO  o.e.m.c.i.embedder.EclipseLogger - skip non existing resourceDirectory D:\java\eclipse\Jdbc\jdbc3_2\src\test\resources
2024-09-11 17:54:57,061 [Worker-66: Building] INFO  o.e.m.c.i.embedder.EclipseLogger - Using 'UTF-8' encoding to copy filtered resources.
2024-09-11 17:54:57,062 [Worker-66: Building] INFO  o.e.m.c.i.embedder.EclipseLogger - skip non existing resourceDirectory D:\java\eclipse\Jdbc\jdbc3_2\src\main\resources
2024-09-11 17:54:57,065 [Worker-66: Building] INFO  o.e.m.c.i.embedder.EclipseLogger - Using 'UTF-8' encoding to copy filtered resources.
2024-09-11 17:54:57,065 [Worker-66: Building] INFO  o.e.m.c.i.embedder.EclipseLogger - skip non existing resourceDirectory D:\java\eclipse\Jdbc\jdbc3_2\src\test\resources
2024-09-11 17:55:44,602 [Worker-64: Building] INFO  o.e.m.c.i.embedder.EclipseLogger - Using 'UTF-8' encoding to copy filtered resources.
2024-09-11 17:55:44,602 [Worker-64: Building] INFO  o.e.m.c.i.embedder.EclipseLogger - skip non existing resourceDirectory D:\java\eclipse\Jdbc\jdbc3_2\src\main\resources
2024-09-11 17:55:44,607 [Worker-64: Building] INFO  o.e.m.c.i.embedder.EclipseLogger - Using 'UTF-8' encoding to copy filtered resources.
2024-09-11 17:55:44,607 [Worker-64: Building] INFO  o.e.m.c.i.embedder.EclipseLogger - skip non existing resourceDirectory D:\java\eclipse\Jdbc\jdbc3_2\src\test\resources
2024-09-11 17:59:45,519 [Worker-68: Building] INFO  o.e.m.c.i.embedder.EclipseLogger - Using 'UTF-8' encoding to copy filtered resources.
2024-09-11 17:59:45,520 [Worker-68: Building] INFO  o.e.m.c.i.embedder.EclipseLogger - skip non existing resourceDirectory D:\java\eclipse\Jdbc\jdbc3_2\src\main\resources
2024-09-11 17:59:45,522 [Worker-68: Building] INFO  o.e.m.c.i.embedder.EclipseLogger - Using 'UTF-8' encoding to copy filtered resources.
2024-09-11 17:59:45,522 [Worker-68: Building] INFO  o.e.m.c.i.embedder.EclipseLogger - skip non existing resourceDirectory D:\java\eclipse\Jdbc\jdbc3_2\src\test\resources
2024-09-11 18:04:59,461 [Worker-69: Building] INFO  o.e.m.c.i.embedder.EclipseLogger - Using 'UTF-8' encoding to copy filtered resources.
2024-09-11 18:04:59,462 [Worker-69: Building] INFO  o.e.m.c.i.embedder.EclipseLogger - skip non existing resourceDirectory D:\java\eclipse\Jdbc\jdbc3_2\src\main\resources
2024-09-11 18:04:59,465 [Worker-69: Building] INFO  o.e.m.c.i.embedder.EclipseLogger - Using 'UTF-8' encoding to copy filtered resources.
2024-09-11 18:04:59,466 [Worker-69: Building] INFO  o.e.m.c.i.embedder.EclipseLogger - skip non existing resourceDirectory D:\java\eclipse\Jdbc\jdbc3_2\src\test\resources
2024-09-11 18:11:00,233 [Worker-66: Building] INFO  o.e.m.c.i.embedder.EclipseLogger - Using 'UTF-8' encoding to copy filtered resources.
2024-09-11 18:11:00,233 [Worker-66: Building] INFO  o.e.m.c.i.embedder.EclipseLogger - skip non existing resourceDirectory D:\java\eclipse\Jdbc\jdbc3_2\src\main\resources
2024-09-11 18:11:00,236 [Worker-66: Building] INFO  o.e.m.c.i.embedder.EclipseLogger - Using 'UTF-8' encoding to copy filtered resources.
2024-09-11 18:11:00,236 [Worker-66: Building] INFO  o.e.m.c.i.embedder.EclipseLogger - skip non existing resourceDirectory D:\java\eclipse\Jdbc\jdbc3_2\src\test\resources
2024-09-11 18:18:47,854 [Worker-75: Building] INFO  o.e.m.c.i.embedder.EclipseLogger - Using 'UTF-8' encoding to copy filtered resources.
2024-09-11 18:18:47,854 [Worker-75: Building] INFO  o.e.m.c.i.embedder.EclipseLogger - skip non existing resourceDirectory D:\java\eclipse\Jdbc\jdbc3_2\src\main\resources
2024-09-11 18:18:47,856 [Worker-75: Building] INFO  o.e.m.c.i.embedder.EclipseLogger - Using 'UTF-8' encoding to copy filtered resources.
2024-09-11 18:18:47,856 [Worker-75: Building] INFO  o.e.m.c.i.embedder.EclipseLogger - skip non existing resourceDirectory D:\java\eclipse\Jdbc\jdbc3_2\src\test\resources
2024-09-11 18:19:07,867 [Worker-74: Building] INFO  o.e.m.c.i.embedder.EclipseLogger - Using 'UTF-8' encoding to copy filtered resources.
2024-09-11 18:19:07,867 [Worker-74: Building] INFO  o.e.m.c.i.embedder.EclipseLogger - skip non existing resourceDirectory D:\java\eclipse\Jdbc\jdbc3_2\src\main\resources
2024-09-11 18:19:07,869 [Worker-74: Building] INFO  o.e.m.c.i.embedder.EclipseLogger - Using 'UTF-8' encoding to copy filtered resources.
2024-09-11 18:19:07,869 [Worker-74: Building] INFO  o.e.m.c.i.embedder.EclipseLogger - skip non existing resourceDirectory D:\java\eclipse\Jdbc\jdbc3_2\src\test\resources
2024-09-11 18:19:38,904 [Worker-69: Building] INFO  o.e.m.c.i.embedder.EclipseLogger - Using 'UTF-8' encoding to copy filtered resources.
2024-09-11 18:19:38,904 [Worker-69: Building] INFO  o.e.m.c.i.embedder.EclipseLogger - skip non existing resourceDirectory D:\java\eclipse\Jdbc\jdbc3_2\src\main\resources
2024-09-11 18:19:38,906 [Worker-69: Building] INFO  o.e.m.c.i.embedder.EclipseLogger - Using 'UTF-8' encoding to copy filtered resources.
2024-09-11 18:19:38,907 [Worker-69: Building] INFO  o.e.m.c.i.embedder.EclipseLogger - skip non existing resourceDirectory D:\java\eclipse\Jdbc\jdbc3_2\src\test\resources
2024-09-11 18:19:48,520 [Worker-69: Building] INFO  o.e.m.c.i.embedder.EclipseLogger - Using 'UTF-8' encoding to copy filtered resources.
2024-09-11 18:19:48,520 [Worker-69: Building] INFO  o.e.m.c.i.embedder.EclipseLogger - skip non existing resourceDirectory D:\java\eclipse\Jdbc\jdbc3_2\src\main\resources
2024-09-11 18:19:48,522 [Worker-69: Building] INFO  o.e.m.c.i.embedder.EclipseLogger - Using 'UTF-8' encoding to copy filtered resources.
2024-09-11 18:19:48,522 [Worker-69: Building] INFO  o.e.m.c.i.embedder.EclipseLogger - skip non existing resourceDirectory D:\java\eclipse\Jdbc\jdbc3_2\src\test\resources
2024-09-11 18:21:13,330 [Worker-75: Building] INFO  o.e.m.c.i.embedder.EclipseLogger - Using 'UTF-8' encoding to copy filtered resources.
2024-09-11 18:21:13,331 [Worker-75: Building] INFO  o.e.m.c.i.embedder.EclipseLogger - skip non existing resourceDirectory D:\java\eclipse\Jdbc\jdbc3_2\src\main\resources
2024-09-11 18:21:13,335 [Worker-75: Building] INFO  o.e.m.c.i.embedder.EclipseLogger - Using 'UTF-8' encoding to copy filtered resources.
2024-09-11 18:21:13,335 [Worker-75: Building] INFO  o.e.m.c.i.embedder.EclipseLogger - skip non existing resourceDirectory D:\java\eclipse\Jdbc\jdbc3_2\src\test\resources
2024-09-11 18:24:18,503 [Worker-76: Building] INFO  o.e.m.c.i.embedder.EclipseLogger - Using 'UTF-8' encoding to copy filtered resources.
2024-09-11 18:24:18,504 [Worker-76: Building] INFO  o.e.m.c.i.embedder.EclipseLogger - skip non existing resourceDirectory D:\java\eclipse\Jdbc\jdbc3_2\src\main\resources
2024-09-11 18:24:18,506 [Worker-76: Building] INFO  o.e.m.c.i.embedder.EclipseLogger - Using 'UTF-8' encoding to copy filtered resources.
2024-09-11 18:24:18,506 [Worker-76: Building] INFO  o.e.m.c.i.embedder.EclipseLogger - skip non existing resourceDirectory D:\java\eclipse\Jdbc\jdbc3_2\src\test\resources
2024-09-11 18:25:39,186 [Worker-74: Building] INFO  o.e.m.c.i.embedder.EclipseLogger - Using 'UTF-8' encoding to copy filtered resources.
2024-09-11 18:25:39,186 [Worker-74: Building] INFO  o.e.m.c.i.embedder.EclipseLogger - skip non existing resourceDirectory D:\java\eclipse\Jdbc\jdbc3_2\src\main\resources
2024-09-11 18:25:39,210 [Worker-74: Building] INFO  o.e.m.c.i.embedder.EclipseLogger - Using 'UTF-8' encoding to copy filtered resources.
2024-09-11 18:25:39,210 [Worker-74: Building] INFO  o.e.m.c.i.embedder.EclipseLogger - skip non existing resourceDirectory D:\java\eclipse\Jdbc\jdbc3_2\src\test\resources
2024-09-11 18:31:40,140 [Worker-75: Building] INFO  o.e.m.c.i.embedder.EclipseLogger - Using 'UTF-8' encoding to copy filtered resources.
2024-09-11 18:31:40,140 [Worker-75: Building] INFO  o.e.m.c.i.embedder.EclipseLogger - skip non existing resourceDirectory D:\java\eclipse\Jdbc\jdbc3_2\src\main\resources
2024-09-11 18:31:40,142 [Worker-75: Building] INFO  o.e.m.c.i.embedder.EclipseLogger - Using 'UTF-8' encoding to copy filtered resources.
2024-09-11 18:31:40,142 [Worker-75: Building] INFO  o.e.m.c.i.embedder.EclipseLogger - skip non existing resourceDirectory D:\java\eclipse\Jdbc\jdbc3_2\src\test\resources
2024-09-11 18:33:17,195 [Worker-73: Building] INFO  o.e.m.c.i.embedder.EclipseLogger - Using 'UTF-8' encoding to copy filtered resources.
2024-09-11 18:33:17,196 [Worker-73: Building] INFO  o.e.m.c.i.embedder.EclipseLogger - skip non existing resourceDirectory D:\java\eclipse\Jdbc\jdbc3_2\src\main\resources
2024-09-11 18:33:17,200 [Worker-73: Building] INFO  o.e.m.c.i.embedder.EclipseLogger - Using 'UTF-8' encoding to copy filtered resources.
2024-09-11 18:33:17,201 [Worker-73: Building] INFO  o.e.m.c.i.embedder.EclipseLogger - skip non existing resourceDirectory D:\java\eclipse\Jdbc\jdbc3_2\src\test\resources
2024-09-11 19:23:12,896 [Worker-2: Loading available Gradle versions] INFO  o.e.b.c.i.u.g.PublishedGradleVersions - Gradle version information cache is up-to-date. Trying to read.
2024-09-11 20:28:30,360 [Worker-19: Building] INFO  o.e.m.c.i.embedder.EclipseLogger - Using 'UTF-8' encoding to copy filtered resources.
2024-09-11 20:28:30,364 [Worker-19: Building] INFO  o.e.m.c.i.embedder.EclipseLogger - skip non existing resourceDirectory D:\java\eclipse\Jdbc\jdbc3_2\src\main\resources
2024-09-11 20:28:30,372 [Worker-19: Building] INFO  o.e.m.c.i.embedder.EclipseLogger - Using 'UTF-8' encoding to copy filtered resources.
2024-09-11 20:28:30,372 [Worker-19: Building] INFO  o.e.m.c.i.embedder.EclipseLogger - skip non existing resourceDirectory D:\java\eclipse\Jdbc\jdbc3_2\src\test\resources
2024-09-11 20:29:44,232 [Worker-21: Building] INFO  o.e.m.c.i.embedder.EclipseLogger - Using 'UTF-8' encoding to copy filtered resources.
2024-09-11 20:29:44,233 [Worker-21: Building] INFO  o.e.m.c.i.embedder.EclipseLogger - skip non existing resourceDirectory D:\java\eclipse\Jdbc\jdbc3_2\src\main\resources
2024-09-11 20:29:44,238 [Worker-21: Building] INFO  o.e.m.c.i.embedder.EclipseLogger - Using 'UTF-8' encoding to copy filtered resources.
2024-09-11 20:29:44,238 [Worker-21: Building] INFO  o.e.m.c.i.embedder.EclipseLogger - skip non existing resourceDirectory D:\java\eclipse\Jdbc\jdbc3_2\src\test\resources
2024-09-11 20:30:00,323 [Worker-21: Building] INFO  o.e.m.c.i.embedder.EclipseLogger - Using 'UTF-8' encoding to copy filtered resources.
2024-09-11 20:30:00,323 [Worker-21: Building] INFO  o.e.m.c.i.embedder.EclipseLogger - skip non existing resourceDirectory D:\java\eclipse\Jdbc\jdbc3_2\src\main\resources
2024-09-11 20:30:00,328 [Worker-21: Building] INFO  o.e.m.c.i.embedder.EclipseLogger - Using 'UTF-8' encoding to copy filtered resources.
2024-09-11 20:30:00,328 [Worker-21: Building] INFO  o.e.m.c.i.embedder.EclipseLogger - skip non existing resourceDirectory D:\java\eclipse\Jdbc\jdbc3_2\src\test\resources
2024-09-11 20:30:52,094 [Worker-22: Building] INFO  o.e.m.c.i.embedder.EclipseLogger - Using 'UTF-8' encoding to copy filtered resources.
2024-09-11 20:30:52,095 [Worker-22: Building] INFO  o.e.m.c.i.embedder.EclipseLogger - skip non existing resourceDirectory D:\java\eclipse\Jdbc\jdbc3_2\src\main\resources
2024-09-11 20:30:52,099 [Worker-22: Building] INFO  o.e.m.c.i.embedder.EclipseLogger - Using 'UTF-8' encoding to copy filtered resources.
2024-09-11 20:30:52,100 [Worker-22: Building] INFO  o.e.m.c.i.embedder.EclipseLogger - skip non existing resourceDirectory D:\java\eclipse\Jdbc\jdbc3_2\src\test\resources
2024-09-11 20:31:03,840 [Worker-20: Building] INFO  o.e.m.c.i.embedder.EclipseLogger - Using 'UTF-8' encoding to copy filtered resources.
2024-09-11 20:31:03,840 [Worker-20: Building] INFO  o.e.m.c.i.embedder.EclipseLogger - skip non existing resourceDirectory D:\java\eclipse\Jdbc\jdbc3_2\src\main\resources
2024-09-11 20:31:03,844 [Worker-20: Building] INFO  o.e.m.c.i.embedder.EclipseLogger - Using 'UTF-8' encoding to copy filtered resources.
2024-09-11 20:31:03,845 [Worker-20: Building] INFO  o.e.m.c.i.embedder.EclipseLogger - skip non existing resourceDirectory D:\java\eclipse\Jdbc\jdbc3_2\src\test\resources
2024-09-11 20:31:14,099 [Worker-20: Building] INFO  o.e.m.c.i.embedder.EclipseLogger - Using 'UTF-8' encoding to copy filtered resources.
2024-09-11 20:31:14,099 [Worker-20: Building] INFO  o.e.m.c.i.embedder.EclipseLogger - skip non existing resourceDirectory D:\java\eclipse\Jdbc\jdbc3_2\src\main\resources
2024-09-11 20:31:14,105 [Worker-20: Building] INFO  o.e.m.c.i.embedder.EclipseLogger - Using 'UTF-8' encoding to copy filtered resources.
2024-09-11 20:31:14,105 [Worker-20: Building] INFO  o.e.m.c.i.embedder.EclipseLogger - skip non existing resourceDirectory D:\java\eclipse\Jdbc\jdbc3_2\src\test\resources
2024-09-11 21:07:00,465 [Worker-25: Building] INFO  o.e.m.c.i.embedder.EclipseLogger - Using 'UTF-8' encoding to copy filtered resources.
2024-09-11 21:07:00,465 [Worker-25: Building] INFO  o.e.m.c.i.embedder.EclipseLogger - skip non existing resourceDirectory D:\java\eclipse\Jdbc\jdbc3_2\src\main\resources
2024-09-11 21:07:00,469 [Worker-25: Building] INFO  o.e.m.c.i.embedder.EclipseLogger - Using 'UTF-8' encoding to copy filtered resources.
2024-09-11 21:07:00,470 [Worker-25: Building] INFO  o.e.m.c.i.embedder.EclipseLogger - skip non existing resourceDirectory D:\java\eclipse\Jdbc\jdbc3_2\src\test\resources
2024-09-11 21:08:41,074 [Worker-25: Building] INFO  o.e.m.c.i.embedder.EclipseLogger - Using 'UTF-8' encoding to copy filtered resources.
2024-09-11 21:08:41,075 [Worker-25: Building] INFO  o.e.m.c.i.embedder.EclipseLogger - skip non existing resourceDirectory D:\java\eclipse\Jdbc\jdbc3_2\src\main\resources
2024-09-11 21:08:41,079 [Worker-25: Building] INFO  o.e.m.c.i.embedder.EclipseLogger - Using 'UTF-8' encoding to copy filtered resources.
2024-09-11 21:08:41,080 [Worker-25: Building] INFO  o.e.m.c.i.embedder.EclipseLogger - skip non existing resourceDirectory D:\java\eclipse\Jdbc\jdbc3_2\src\test\resources
2024-09-11 21:08:46,210 [Worker-22: Building] INFO  o.e.m.c.i.embedder.EclipseLogger - Using 'UTF-8' encoding to copy filtered resources.
2024-09-11 21:08:46,210 [Worker-22: Building] INFO  o.e.m.c.i.embedder.EclipseLogger - skip non existing resourceDirectory D:\java\eclipse\Jdbc\jdbc3_2\src\main\resources
2024-09-11 21:08:46,216 [Worker-22: Building] INFO  o.e.m.c.i.embedder.EclipseLogger - Using 'UTF-8' encoding to copy filtered resources.
2024-09-11 21:08:46,216 [Worker-22: Building] INFO  o.e.m.c.i.embedder.EclipseLogger - skip non existing resourceDirectory D:\java\eclipse\Jdbc\jdbc3_2\src\test\resources
2024-09-11 21:08:54,598 [Worker-27: Building] INFO  o.e.m.c.i.embedder.EclipseLogger - Using 'UTF-8' encoding to copy filtered resources.
2024-09-11 21:08:54,599 [Worker-27: Building] INFO  o.e.m.c.i.embedder.EclipseLogger - skip non existing resourceDirectory D:\java\eclipse\Jdbc\jdbc3_2\src\main\resources
2024-09-11 21:08:54,603 [Worker-27: Building] INFO  o.e.m.c.i.embedder.EclipseLogger - Using 'UTF-8' encoding to copy filtered resources.
2024-09-11 21:08:54,603 [Worker-27: Building] INFO  o.e.m.c.i.embedder.EclipseLogger - skip non existing resourceDirectory D:\java\eclipse\Jdbc\jdbc3_2\src\test\resources
2024-09-11 21:10:50,447 [Worker-22: Building] INFO  o.e.m.c.i.embedder.EclipseLogger - Using 'UTF-8' encoding to copy filtered resources.
2024-09-11 21:10:50,447 [Worker-22: Building] INFO  o.e.m.c.i.embedder.EclipseLogger - skip non existing resourceDirectory D:\java\eclipse\Jdbc\jdbc3_2\src\main\resources
2024-09-11 21:10:50,451 [Worker-22: Building] INFO  o.e.m.c.i.embedder.EclipseLogger - Using 'UTF-8' encoding to copy filtered resources.
2024-09-11 21:10:50,452 [Worker-22: Building] INFO  o.e.m.c.i.embedder.EclipseLogger - skip non existing resourceDirectory D:\java\eclipse\Jdbc\jdbc3_2\src\test\resources
2024-09-11 21:23:27,200 [Worker-31: Building] INFO  o.e.m.c.i.embedder.EclipseLogger - Using 'UTF-8' encoding to copy filtered resources.
2024-09-11 21:23:27,201 [Worker-31: Building] INFO  o.e.m.c.i.embedder.EclipseLogger - skip non existing resourceDirectory D:\java\eclipse\Jdbc\jdbc3_2\src\main\resources
2024-09-11 21:23:27,204 [Worker-31: Building] INFO  o.e.m.c.i.embedder.EclipseLogger - Using 'UTF-8' encoding to copy filtered resources.
2024-09-11 21:23:27,204 [Worker-31: Building] INFO  o.e.m.c.i.embedder.EclipseLogger - skip non existing resourceDirectory D:\java\eclipse\Jdbc\jdbc3_2\src\test\resources
2024-09-11 21:25:07,829 [Worker-33: Building] INFO  o.e.m.c.i.embedder.EclipseLogger - Using 'UTF-8' encoding to copy filtered resources.
2024-09-11 21:25:07,830 [Worker-33: Building] INFO  o.e.m.c.i.embedder.EclipseLogger - skip non existing resourceDirectory D:\java\eclipse\Jdbc\jdbc3_2\src\main\resources
2024-09-11 21:25:07,833 [Worker-33: Building] INFO  o.e.m.c.i.embedder.EclipseLogger - Using 'UTF-8' encoding to copy filtered resources.
2024-09-11 21:25:07,834 [Worker-33: Building] INFO  o.e.m.c.i.embedder.EclipseLogger - skip non existing resourceDirectory D:\java\eclipse\Jdbc\jdbc3_2\src\test\resources
2024-09-11 21:25:20,498 [Worker-36: Building] INFO  o.e.m.c.i.embedder.EclipseLogger - Using 'UTF-8' encoding to copy filtered resources.
2024-09-11 21:25:20,498 [Worker-36: Building] INFO  o.e.m.c.i.embedder.EclipseLogger - skip non existing resourceDirectory D:\java\eclipse\Jdbc\jdbc3_2\src\main\resources
2024-09-11 21:25:20,500 [Worker-36: Building] INFO  o.e.m.c.i.embedder.EclipseLogger - Using 'UTF-8' encoding to copy filtered resources.
2024-09-11 21:25:20,500 [Worker-36: Building] INFO  o.e.m.c.i.embedder.EclipseLogger - skip non existing resourceDirectory D:\java\eclipse\Jdbc\jdbc3_2\src\test\resources
2024-09-11 21:25:32,846 [Worker-33: Building] INFO  o.e.m.c.i.embedder.EclipseLogger - Using 'UTF-8' encoding to copy filtered resources.
2024-09-11 21:25:32,847 [Worker-33: Building] INFO  o.e.m.c.i.embedder.EclipseLogger - skip non existing resourceDirectory D:\java\eclipse\Jdbc\jdbc3_2\src\main\resources
2024-09-11 21:25:32,850 [Worker-33: Building] INFO  o.e.m.c.i.embedder.EclipseLogger - Using 'UTF-8' encoding to copy filtered resources.
2024-09-11 21:25:32,850 [Worker-33: Building] INFO  o.e.m.c.i.embedder.EclipseLogger - skip non existing resourceDirectory D:\java\eclipse\Jdbc\jdbc3_2\src\test\resources
2024-09-11 21:27:18,080 [Worker-31: Building] INFO  o.e.m.c.i.embedder.EclipseLogger - Using 'UTF-8' encoding to copy filtered resources.
2024-09-11 21:27:18,080 [Worker-31: Building] INFO  o.e.m.c.i.embedder.EclipseLogger - skip non existing resourceDirectory D:\java\eclipse\Jdbc\jdbc3_2\src\main\resources
2024-09-11 21:27:18,083 [Worker-31: Building] INFO  o.e.m.c.i.embedder.EclipseLogger - Using 'UTF-8' encoding to copy filtered resources.
2024-09-11 21:27:18,083 [Worker-31: Building] INFO  o.e.m.c.i.embedder.EclipseLogger - skip non existing resourceDirectory D:\java\eclipse\Jdbc\jdbc3_2\src\test\resources
2024-09-12 12:13:33,473 [Worker-2: Loading available Gradle versions] INFO  o.e.b.c.i.u.g.PublishedGradleVersions - Gradle version information cache is out-of-date. Trying to update.
2024-09-12 12:14:49,212 [Worker-3: Building] INFO  o.e.m.c.i.embedder.EclipseLogger - Using 'UTF-8' encoding to copy filtered resources.
2024-09-12 12:14:49,214 [Worker-3: Building] INFO  o.e.m.c.i.embedder.EclipseLogger - skip non existing resourceDirectory D:\java\eclipse\Jdbc\jdbc3_2\src\main\resources
2024-09-12 12:14:49,222 [Worker-3: Building] INFO  o.e.m.c.i.embedder.EclipseLogger - Using 'UTF-8' encoding to copy filtered resources.
2024-09-12 12:14:49,222 [Worker-3: Building] INFO  o.e.m.c.i.embedder.EclipseLogger - skip non existing resourceDirectory D:\java\eclipse\Jdbc\jdbc3_2\src\test\resources
2024-09-12 12:15:18,018 [Worker-8: Building] INFO  o.e.m.c.i.embedder.EclipseLogger - Using 'UTF-8' encoding to copy filtered resources.
2024-09-12 12:15:18,018 [Worker-8: Building] INFO  o.e.m.c.i.embedder.EclipseLogger - skip non existing resourceDirectory D:\java\eclipse\Jdbc\jdbc3_2\src\main\resources
2024-09-12 12:15:18,022 [Worker-8: Building] INFO  o.e.m.c.i.embedder.EclipseLogger - Using 'UTF-8' encoding to copy filtered resources.
2024-09-12 12:15:18,023 [Worker-8: Building] INFO  o.e.m.c.i.embedder.EclipseLogger - skip non existing resourceDirectory D:\java\eclipse\Jdbc\jdbc3_2\src\test\resources
2024-09-12 12:16:44,562 [Worker-5: Updating Maven Dependencies] ERROR o.e.m.j.i.l.MavenLaunchConfigurationListener - Launch configuration App (3) references closed project jdbc3_2
org.eclipse.core.runtime.CoreException: Launch configuration App (3) references closed project jdbc3_2
	at org.eclipse.jdt.launching.JavaRuntime.abort(JavaRuntime.java:1867)
	at org.eclipse.jdt.launching.JavaRuntime.getJavaProject(JavaRuntime.java:1741)
	at org.eclipse.m2e.jdt.internal.launch.MavenLaunchConfigurationListener.updateLaunchConfiguration(MavenLaunchConfigurationListener.java:64)
	at org.eclipse.m2e.jdt.internal.launch.MavenLaunchConfigurationListener.launchConfigurationChanged(MavenLaunchConfigurationListener.java:50)
	at org.eclipse.debug.internal.core.LaunchManager$ConfigurationNotifier.run(LaunchManager.java:220)
	at org.eclipse.core.runtime.SafeRunner.run(SafeRunner.java:47)
	at org.eclipse.debug.internal.core.LaunchManager$ConfigurationNotifier.notify(LaunchManager.java:204)
	at org.eclipse.debug.internal.core.LaunchConfigurationWorkingCopy.setDirty(LaunchConfigurationWorkingCopy.java:527)
	at org.eclipse.debug.internal.core.LaunchConfigurationWorkingCopy.setAttribute(LaunchConfigurationWorkingCopy.java:415)
	at org.eclipse.m2e.jdt.internal.launch.MavenRuntimeClasspathProvider.disable(MavenRuntimeClasspathProvider.java:409)
	at org.eclipse.m2e.jdt.internal.launch.MavenRuntimeClasspathProvider.disable(MavenRuntimeClasspathProvider.java:435)
	at org.eclipse.m2e.jdt.internal.launch.MavenLaunchConfigurationListener.mavenProjectChanged(MavenLaunchConfigurationListener.java:135)
	at org.eclipse.m2e.core.internal.project.registry.ProjectRegistryManager.notifyProjectChangeListeners(ProjectRegistryManager.java:892)
	at org.eclipse.m2e.core.internal.project.registry.ProjectRegistryManager.applyMutableProjectRegistry(ProjectRegistryManager.java:1042)
	at org.eclipse.m2e.core.internal.project.registry.ProjectRegistryRefreshJob.lambda$0(ProjectRegistryRefreshJob.java:162)
	at org.eclipse.m2e.core.internal.embedder.MavenExecutionContext.executeBare(MavenExecutionContext.java:458)
	at org.eclipse.m2e.core.internal.embedder.MavenExecutionContext.execute(MavenExecutionContext.java:339)
	at org.eclipse.m2e.core.internal.embedder.MavenExecutionContext.execute(MavenExecutionContext.java:278)
	at org.eclipse.m2e.core.internal.project.registry.ProjectRegistryRefreshJob.run(ProjectRegistryRefreshJob.java:106)
	at org.eclipse.core.internal.jobs.Worker.run(Worker.java:63)
2024-09-12 12:16:44,591 [Worker-5: Updating Maven Dependencies] ERROR o.e.m.j.i.l.MavenLaunchConfigurationListener - Launch configuration App (3) references closed project jdbc3_2
org.eclipse.core.runtime.CoreException: Launch configuration App (3) references closed project jdbc3_2
	at org.eclipse.jdt.launching.JavaRuntime.abort(JavaRuntime.java:1867)
	at org.eclipse.jdt.launching.JavaRuntime.getJavaProject(JavaRuntime.java:1741)
	at org.eclipse.m2e.jdt.internal.launch.MavenLaunchConfigurationListener.updateLaunchConfiguration(MavenLaunchConfigurationListener.java:64)
	at org.eclipse.m2e.jdt.internal.launch.MavenLaunchConfigurationListener.launchConfigurationChanged(MavenLaunchConfigurationListener.java:50)
	at org.eclipse.debug.internal.core.LaunchManager$ConfigurationNotifier.run(LaunchManager.java:220)
	at org.eclipse.core.runtime.SafeRunner.run(SafeRunner.java:47)
	at org.eclipse.debug.internal.core.LaunchManager$ConfigurationNotifier.notify(LaunchManager.java:204)
	at org.eclipse.debug.internal.core.LaunchConfigurationWorkingCopy.setDirty(LaunchConfigurationWorkingCopy.java:527)
	at org.eclipse.debug.internal.core.LaunchConfigurationWorkingCopy.setAttribute(LaunchConfigurationWorkingCopy.java:415)
	at org.eclipse.m2e.jdt.internal.launch.MavenRuntimeClasspathProvider.disable(MavenRuntimeClasspathProvider.java:410)
	at org.eclipse.m2e.jdt.internal.launch.MavenRuntimeClasspathProvider.disable(MavenRuntimeClasspathProvider.java:435)
	at org.eclipse.m2e.jdt.internal.launch.MavenLaunchConfigurationListener.mavenProjectChanged(MavenLaunchConfigurationListener.java:135)
	at org.eclipse.m2e.core.internal.project.registry.ProjectRegistryManager.notifyProjectChangeListeners(ProjectRegistryManager.java:892)
	at org.eclipse.m2e.core.internal.project.registry.ProjectRegistryManager.applyMutableProjectRegistry(ProjectRegistryManager.java:1042)
	at org.eclipse.m2e.core.internal.project.registry.ProjectRegistryRefreshJob.lambda$0(ProjectRegistryRefreshJob.java:162)
	at org.eclipse.m2e.core.internal.embedder.MavenExecutionContext.executeBare(MavenExecutionContext.java:458)
	at org.eclipse.m2e.core.internal.embedder.MavenExecutionContext.execute(MavenExecutionContext.java:339)
	at org.eclipse.m2e.core.internal.embedder.MavenExecutionContext.execute(MavenExecutionContext.java:278)
	at org.eclipse.m2e.core.internal.project.registry.ProjectRegistryRefreshJob.run(ProjectRegistryRefreshJob.java:106)
	at org.eclipse.core.internal.jobs.Worker.run(Worker.java:63)
2024-09-12 12:16:44,644 [Worker-5: Updating Maven Dependencies] ERROR o.e.m.j.i.l.MavenLaunchConfigurationListener - Launch configuration App (3) references closed project jdbc3_2
org.eclipse.core.runtime.CoreException: Launch configuration App (3) references closed project jdbc3_2
	at org.eclipse.jdt.launching.JavaRuntime.abort(JavaRuntime.java:1867)
	at org.eclipse.jdt.launching.JavaRuntime.getJavaProject(JavaRuntime.java:1741)
	at org.eclipse.m2e.jdt.internal.launch.MavenLaunchConfigurationListener.updateLaunchConfiguration(MavenLaunchConfigurationListener.java:64)
	at org.eclipse.m2e.jdt.internal.launch.MavenLaunchConfigurationListener.launchConfigurationChanged(MavenLaunchConfigurationListener.java:50)
	at org.eclipse.debug.internal.core.LaunchManager$ConfigurationNotifier.run(LaunchManager.java:220)
	at org.eclipse.core.runtime.SafeRunner.run(SafeRunner.java:47)
	at org.eclipse.debug.internal.core.LaunchManager$ConfigurationNotifier.notify(LaunchManager.java:204)
	at org.eclipse.debug.internal.core.LaunchManager.launchConfigurationChanged(LaunchManager.java:2010)
	at org.eclipse.debug.internal.core.LaunchConfigurationWorkingCopy.writeNewFile(LaunchConfigurationWorkingCopy.java:380)
	at org.eclipse.debug.internal.core.LaunchConfigurationWorkingCopy.doSave0(LaunchConfigurationWorkingCopy.java:259)
	at org.eclipse.debug.internal.core.LaunchConfigurationWorkingCopy.doSave(LaunchConfigurationWorkingCopy.java:229)
	at org.eclipse.debug.internal.core.LaunchConfigurationWorkingCopy.doSave(LaunchConfigurationWorkingCopy.java:187)
	at org.eclipse.m2e.jdt.internal.launch.MavenRuntimeClasspathProvider.disable(MavenRuntimeClasspathProvider.java:411)
	at org.eclipse.m2e.jdt.internal.launch.MavenRuntimeClasspathProvider.disable(MavenRuntimeClasspathProvider.java:435)
	at org.eclipse.m2e.jdt.internal.launch.MavenLaunchConfigurationListener.mavenProjectChanged(MavenLaunchConfigurationListener.java:135)
	at org.eclipse.m2e.core.internal.project.registry.ProjectRegistryManager.notifyProjectChangeListeners(ProjectRegistryManager.java:892)
	at org.eclipse.m2e.core.internal.project.registry.ProjectRegistryManager.applyMutableProjectRegistry(ProjectRegistryManager.java:1042)
	at org.eclipse.m2e.core.internal.project.registry.ProjectRegistryRefreshJob.lambda$0(ProjectRegistryRefreshJob.java:162)
	at org.eclipse.m2e.core.internal.embedder.MavenExecutionContext.executeBare(MavenExecutionContext.java:458)
	at org.eclipse.m2e.core.internal.embedder.MavenExecutionContext.execute(MavenExecutionContext.java:339)
	at org.eclipse.m2e.core.internal.embedder.MavenExecutionContext.execute(MavenExecutionContext.java:278)
	at org.eclipse.m2e.core.internal.project.registry.ProjectRegistryRefreshJob.run(ProjectRegistryRefreshJob.java:106)
	at org.eclipse.core.internal.jobs.Worker.run(Worker.java:63)
2024-09-12 12:18:00,659 [Worker-9: Launching mavenrun-164937c6-efc7-4396-bdce-790200f97dff] INFO  o.eclipse.m2e.core.internal.Bundles - getClasspathEntries(Bundle=org.eclipse.m2e.maven.runtime_3.9.700.20240602-2313 [644])
2024-09-12 12:18:02,175 [Worker-9: Launching mavenrun-164937c6-efc7-4396-bdce-790200f97dff] INFO  o.eclipse.m2e.core.internal.Bundles - 	Entry: C:\Users\LENOVO\.p2\pool\plugins\org.eclipse.m2e.maven.runtime_3.9.700.20240602-2313
2024-09-12 12:18:02,175 [Worker-9: Launching mavenrun-164937c6-efc7-4396-bdce-790200f97dff] INFO  o.eclipse.m2e.core.internal.Bundles - 	Entry: C:\Users\LENOVO\.p2\pool\plugins\org.eclipse.m2e.maven.runtime_3.9.700.20240602-2313\jars\aopalliance-1.0.jar
2024-09-12 12:18:02,175 [Worker-9: Launching mavenrun-164937c6-efc7-4396-bdce-790200f97dff] INFO  o.eclipse.m2e.core.internal.Bundles - 	Entry: C:\Users\LENOVO\.p2\pool\plugins\org.eclipse.m2e.maven.runtime_3.9.700.20240602-2313\jars\guice-5.1.0.jar
2024-09-12 12:18:02,175 [Worker-9: Launching mavenrun-164937c6-efc7-4396-bdce-790200f97dff] INFO  o.eclipse.m2e.core.internal.Bundles - 	Entry: C:\Users\LENOVO\.p2\pool\plugins\org.eclipse.m2e.maven.runtime_3.9.700.20240602-2313\jars\httpclient-4.5.14.jar
2024-09-12 12:18:02,175 [Worker-9: Launching mavenrun-164937c6-efc7-4396-bdce-790200f97dff] INFO  o.eclipse.m2e.core.internal.Bundles - 	Entry: C:\Users\LENOVO\.p2\pool\plugins\org.eclipse.m2e.maven.runtime_3.9.700.20240602-2313\jars\httpcore-4.4.16.jar
2024-09-12 12:18:02,176 [Worker-9: Launching mavenrun-164937c6-efc7-4396-bdce-790200f97dff] INFO  o.eclipse.m2e.core.internal.Bundles - 	Entry: C:\Users\LENOVO\.p2\pool\plugins\org.eclipse.m2e.maven.runtime_3.9.700.20240602-2313\jars\jansi-2.4.1.jar
2024-09-12 12:18:02,176 [Worker-9: Launching mavenrun-164937c6-efc7-4396-bdce-790200f97dff] INFO  o.eclipse.m2e.core.internal.Bundles - 	Entry: C:\Users\LENOVO\.p2\pool\plugins\org.eclipse.m2e.maven.runtime_3.9.700.20240602-2313\jars\jcl-over-slf4j-1.7.36.jar
2024-09-12 12:18:02,176 [Worker-9: Launching mavenrun-164937c6-efc7-4396-bdce-790200f97dff] INFO  o.eclipse.m2e.core.internal.Bundles - 	Entry: C:\Users\LENOVO\.p2\pool\plugins\org.eclipse.m2e.maven.runtime_3.9.700.20240602-2313\jars\maven-artifact-3.9.7.jar
2024-09-12 12:18:02,177 [Worker-9: Launching mavenrun-164937c6-efc7-4396-bdce-790200f97dff] INFO  o.eclipse.m2e.core.internal.Bundles - 	Entry: C:\Users\LENOVO\.p2\pool\plugins\org.eclipse.m2e.maven.runtime_3.9.700.20240602-2313\jars\maven-builder-support-3.9.7.jar
2024-09-12 12:18:02,177 [Worker-9: Launching mavenrun-164937c6-efc7-4396-bdce-790200f97dff] INFO  o.eclipse.m2e.core.internal.Bundles - 	Entry: C:\Users\LENOVO\.p2\pool\plugins\org.eclipse.m2e.maven.runtime_3.9.700.20240602-2313\jars\maven-compat-3.9.7.jar
2024-09-12 12:18:02,177 [Worker-9: Launching mavenrun-164937c6-efc7-4396-bdce-790200f97dff] INFO  o.eclipse.m2e.core.internal.Bundles - 	Entry: C:\Users\LENOVO\.p2\pool\plugins\org.eclipse.m2e.maven.runtime_3.9.700.20240602-2313\jars\maven-core-3.9.7.jar
2024-09-12 12:18:02,177 [Worker-9: Launching mavenrun-164937c6-efc7-4396-bdce-790200f97dff] INFO  o.eclipse.m2e.core.internal.Bundles - 	Entry: C:\Users\LENOVO\.p2\pool\plugins\org.eclipse.m2e.maven.runtime_3.9.700.20240602-2313\jars\maven-embedder-3.9.7.jar
2024-09-12 12:18:02,177 [Worker-9: Launching mavenrun-164937c6-efc7-4396-bdce-790200f97dff] INFO  o.eclipse.m2e.core.internal.Bundles - 	Entry: C:\Users\LENOVO\.p2\pool\plugins\org.eclipse.m2e.maven.runtime_3.9.700.20240602-2313\jars\maven-model-3.9.7.jar
2024-09-12 12:18:02,178 [Worker-9: Launching mavenrun-164937c6-efc7-4396-bdce-790200f97dff] INFO  o.eclipse.m2e.core.internal.Bundles - 	Entry: C:\Users\LENOVO\.p2\pool\plugins\org.eclipse.m2e.maven.runtime_3.9.700.20240602-2313\jars\maven-model-builder-3.9.7.jar
2024-09-12 12:18:02,178 [Worker-9: Launching mavenrun-164937c6-efc7-4396-bdce-790200f97dff] INFO  o.eclipse.m2e.core.internal.Bundles - 	Entry: C:\Users\LENOVO\.p2\pool\plugins\org.eclipse.m2e.maven.runtime_3.9.700.20240602-2313\jars\maven-plugin-api-3.9.7.jar
2024-09-12 12:18:02,178 [Worker-9: Launching mavenrun-164937c6-efc7-4396-bdce-790200f97dff] INFO  o.eclipse.m2e.core.internal.Bundles - 	Entry: C:\Users\LENOVO\.p2\pool\plugins\org.eclipse.m2e.maven.runtime_3.9.700.20240602-2313\jars\maven-repository-metadata-3.9.7.jar
2024-09-12 12:18:02,178 [Worker-9: Launching mavenrun-164937c6-efc7-4396-bdce-790200f97dff] INFO  o.eclipse.m2e.core.internal.Bundles - 	Entry: C:\Users\LENOVO\.p2\pool\plugins\org.eclipse.m2e.maven.runtime_3.9.700.20240602-2313\jars\maven-resolver-api-1.9.20.jar
2024-09-12 12:18:02,179 [Worker-9: Launching mavenrun-164937c6-efc7-4396-bdce-790200f97dff] INFO  o.eclipse.m2e.core.internal.Bundles - 	Entry: C:\Users\LENOVO\.p2\pool\plugins\org.eclipse.m2e.maven.runtime_3.9.700.20240602-2313\jars\maven-resolver-connector-basic-1.9.20.jar
2024-09-12 12:18:02,179 [Worker-9: Launching mavenrun-164937c6-efc7-4396-bdce-790200f97dff] INFO  o.eclipse.m2e.core.internal.Bundles - 	Entry: C:\Users\LENOVO\.p2\pool\plugins\org.eclipse.m2e.maven.runtime_3.9.700.20240602-2313\jars\maven-resolver-impl-1.9.20.jar
2024-09-12 12:18:02,179 [Worker-9: Launching mavenrun-164937c6-efc7-4396-bdce-790200f97dff] INFO  o.eclipse.m2e.core.internal.Bundles - 	Entry: C:\Users\LENOVO\.p2\pool\plugins\org.eclipse.m2e.maven.runtime_3.9.700.20240602-2313\jars\maven-resolver-named-locks-1.9.20.jar
2024-09-12 12:18:02,179 [Worker-9: Launching mavenrun-164937c6-efc7-4396-bdce-790200f97dff] INFO  o.eclipse.m2e.core.internal.Bundles - 	Entry: C:\Users\LENOVO\.p2\pool\plugins\org.eclipse.m2e.maven.runtime_3.9.700.20240602-2313\jars\maven-resolver-provider-3.9.7.jar
2024-09-12 12:18:02,179 [Worker-9: Launching mavenrun-164937c6-efc7-4396-bdce-790200f97dff] INFO  o.eclipse.m2e.core.internal.Bundles - 	Entry: C:\Users\LENOVO\.p2\pool\plugins\org.eclipse.m2e.maven.runtime_3.9.700.20240602-2313\jars\maven-resolver-spi-1.9.20.jar
2024-09-12 12:18:02,181 [Worker-9: Launching mavenrun-164937c6-efc7-4396-bdce-790200f97dff] INFO  o.eclipse.m2e.core.internal.Bundles - 	Entry: C:\Users\LENOVO\.p2\pool\plugins\org.eclipse.m2e.maven.runtime_3.9.700.20240602-2313\jars\maven-resolver-transport-file-1.9.20.jar
2024-09-12 12:18:02,181 [Worker-9: Launching mavenrun-164937c6-efc7-4396-bdce-790200f97dff] INFO  o.eclipse.m2e.core.internal.Bundles - 	Entry: C:\Users\LENOVO\.p2\pool\plugins\org.eclipse.m2e.maven.runtime_3.9.700.20240602-2313\jars\maven-resolver-transport-http-1.9.20.jar
2024-09-12 12:18:02,181 [Worker-9: Launching mavenrun-164937c6-efc7-4396-bdce-790200f97dff] INFO  o.eclipse.m2e.core.internal.Bundles - 	Entry: C:\Users\LENOVO\.p2\pool\plugins\org.eclipse.m2e.maven.runtime_3.9.700.20240602-2313\jars\maven-resolver-transport-wagon-1.9.20.jar
2024-09-12 12:18:02,181 [Worker-9: Launching mavenrun-164937c6-efc7-4396-bdce-790200f97dff] INFO  o.eclipse.m2e.core.internal.Bundles - 	Entry: C:\Users\LENOVO\.p2\pool\plugins\org.eclipse.m2e.maven.runtime_3.9.700.20240602-2313\jars\maven-resolver-util-1.9.20.jar
2024-09-12 12:18:02,181 [Worker-9: Launching mavenrun-164937c6-efc7-4396-bdce-790200f97dff] INFO  o.eclipse.m2e.core.internal.Bundles - 	Entry: C:\Users\LENOVO\.p2\pool\plugins\org.eclipse.m2e.maven.runtime_3.9.700.20240602-2313\jars\maven-settings-3.9.7.jar
2024-09-12 12:18:02,181 [Worker-9: Launching mavenrun-164937c6-efc7-4396-bdce-790200f97dff] INFO  o.eclipse.m2e.core.internal.Bundles - 	Entry: C:\Users\LENOVO\.p2\pool\plugins\org.eclipse.m2e.maven.runtime_3.9.700.20240602-2313\jars\maven-settings-builder-3.9.7.jar
2024-09-12 12:18:02,181 [Worker-9: Launching mavenrun-164937c6-efc7-4396-bdce-790200f97dff] INFO  o.eclipse.m2e.core.internal.Bundles - 	Entry: C:\Users\LENOVO\.p2\pool\plugins\org.eclipse.m2e.maven.runtime_3.9.700.20240602-2313\jars\maven-shared-utils-3.4.2.jar
2024-09-12 12:18:02,182 [Worker-9: Launching mavenrun-164937c6-efc7-4396-bdce-790200f97dff] INFO  o.eclipse.m2e.core.internal.Bundles - 	Entry: C:\Users\LENOVO\.p2\pool\plugins\org.eclipse.m2e.maven.runtime_3.9.700.20240602-2313\jars\org.eclipse.sisu.inject-0.9.0.M2.jar
2024-09-12 12:18:02,182 [Worker-9: Launching mavenrun-164937c6-efc7-4396-bdce-790200f97dff] INFO  o.eclipse.m2e.core.internal.Bundles - 	Entry: C:\Users\LENOVO\.p2\pool\plugins\org.eclipse.m2e.maven.runtime_3.9.700.20240602-2313\jars\org.eclipse.sisu.plexus-0.9.0.M2.jar
2024-09-12 12:18:02,182 [Worker-9: Launching mavenrun-164937c6-efc7-4396-bdce-790200f97dff] INFO  o.eclipse.m2e.core.internal.Bundles - 	Entry: C:\Users\LENOVO\.p2\pool\plugins\org.eclipse.m2e.maven.runtime_3.9.700.20240602-2313\jars\plexus-build-api-0.0.7.jar
2024-09-12 12:18:02,182 [Worker-9: Launching mavenrun-164937c6-efc7-4396-bdce-790200f97dff] INFO  o.eclipse.m2e.core.internal.Bundles - 	Entry: C:\Users\LENOVO\.p2\pool\plugins\org.eclipse.m2e.maven.runtime_3.9.700.20240602-2313\jars\plexus-build-api-1.2.0.jar
2024-09-12 12:18:02,182 [Worker-9: Launching mavenrun-164937c6-efc7-4396-bdce-790200f97dff] INFO  o.eclipse.m2e.core.internal.Bundles - 	Entry: C:\Users\LENOVO\.p2\pool\plugins\org.eclipse.m2e.maven.runtime_3.9.700.20240602-2313\jars\plexus-cipher-2.0.jar
2024-09-12 12:18:02,182 [Worker-9: Launching mavenrun-164937c6-efc7-4396-bdce-790200f97dff] INFO  o.eclipse.m2e.core.internal.Bundles - 	Entry: C:\Users\LENOVO\.p2\pool\plugins\org.eclipse.m2e.maven.runtime_3.9.700.20240602-2313\jars\plexus-classworlds-2.8.0.jar
2024-09-12 12:18:02,183 [Worker-9: Launching mavenrun-164937c6-efc7-4396-bdce-790200f97dff] INFO  o.eclipse.m2e.core.internal.Bundles - 	Entry: C:\Users\LENOVO\.p2\pool\plugins\org.eclipse.m2e.maven.runtime_3.9.700.20240602-2313\jars\plexus-component-annotations-2.1.0.jar
2024-09-12 12:18:02,183 [Worker-9: Launching mavenrun-164937c6-efc7-4396-bdce-790200f97dff] INFO  o.eclipse.m2e.core.internal.Bundles - 	Entry: C:\Users\LENOVO\.p2\pool\plugins\org.eclipse.m2e.maven.runtime_3.9.700.20240602-2313\jars\plexus-interpolation-1.27.jar
2024-09-12 12:18:02,183 [Worker-9: Launching mavenrun-164937c6-efc7-4396-bdce-790200f97dff] INFO  o.eclipse.m2e.core.internal.Bundles - 	Entry: C:\Users\LENOVO\.p2\pool\plugins\org.eclipse.m2e.maven.runtime_3.9.700.20240602-2313\jars\plexus-sec-dispatcher-2.0.jar
2024-09-12 12:18:02,184 [Worker-9: Launching mavenrun-164937c6-efc7-4396-bdce-790200f97dff] INFO  o.eclipse.m2e.core.internal.Bundles - 	Entry: C:\Users\LENOVO\.p2\pool\plugins\org.eclipse.m2e.maven.runtime_3.9.700.20240602-2313\jars\plexus-utils-3.5.1.jar
2024-09-12 12:18:02,184 [Worker-9: Launching mavenrun-164937c6-efc7-4396-bdce-790200f97dff] INFO  o.eclipse.m2e.core.internal.Bundles - 	Entry: C:\Users\LENOVO\.p2\pool\plugins\org.eclipse.m2e.maven.runtime_3.9.700.20240602-2313\jars\wagon-file-3.5.3.jar
2024-09-12 12:18:02,184 [Worker-9: Launching mavenrun-164937c6-efc7-4396-bdce-790200f97dff] INFO  o.eclipse.m2e.core.internal.Bundles - 	Entry: C:\Users\LENOVO\.p2\pool\plugins\org.eclipse.m2e.maven.runtime_3.9.700.20240602-2313\jars\wagon-http-3.5.3.jar
2024-09-12 12:18:02,185 [Worker-9: Launching mavenrun-164937c6-efc7-4396-bdce-790200f97dff] INFO  o.eclipse.m2e.core.internal.Bundles - 	Entry: C:\Users\LENOVO\.p2\pool\plugins\org.eclipse.m2e.maven.runtime_3.9.700.20240602-2313\jars\wagon-http-shared-3.5.3.jar
2024-09-12 12:18:02,185 [Worker-9: Launching mavenrun-164937c6-efc7-4396-bdce-790200f97dff] INFO  o.eclipse.m2e.core.internal.Bundles - 	Entry: C:\Users\LENOVO\.p2\pool\plugins\org.eclipse.m2e.maven.runtime_3.9.700.20240602-2313\jars\wagon-provider-api-3.5.3.jar
2024-09-12 12:18:02,186 [Worker-9: Launching mavenrun-164937c6-efc7-4396-bdce-790200f97dff] INFO  o.eclipse.m2e.core.internal.Bundles - getClasspathEntries(Bundle=com.google.guava_33.2.0.jre [16])
2024-09-12 12:18:02,187 [Worker-9: Launching mavenrun-164937c6-efc7-4396-bdce-790200f97dff] INFO  o.eclipse.m2e.core.internal.Bundles - 	Entry: C:\Users\LENOVO\.p2\pool\plugins\com.google.guava_33.2.0.jre.jar
2024-09-12 12:18:02,187 [Worker-9: Launching mavenrun-164937c6-efc7-4396-bdce-790200f97dff] INFO  o.eclipse.m2e.core.internal.Bundles - getClasspathEntries(Bundle=slf4j.api_2.0.16 [1009])
2024-09-12 12:18:02,188 [Worker-9: Launching mavenrun-164937c6-efc7-4396-bdce-790200f97dff] INFO  o.eclipse.m2e.core.internal.Bundles - 	Entry: C:\Users\LENOVO\.p2\pool\plugins\slf4j.api_2.0.16.jar
2024-09-12 12:18:02,188 [Worker-9: Launching mavenrun-164937c6-efc7-4396-bdce-790200f97dff] INFO  o.eclipse.m2e.core.internal.Bundles - getClasspathEntries(Bundle=jakarta.inject.jakarta.inject-api_1.0.5 [33])
2024-09-12 12:18:02,189 [Worker-9: Launching mavenrun-164937c6-efc7-4396-bdce-790200f97dff] INFO  o.eclipse.m2e.core.internal.Bundles - 	Entry: C:\Users\LENOVO\.p2\pool\plugins\jakarta.inject.jakarta.inject-api_1.0.5.jar
2024-09-12 12:18:02,189 [Worker-9: Launching mavenrun-164937c6-efc7-4396-bdce-790200f97dff] INFO  o.eclipse.m2e.core.internal.Bundles - getClasspathEntries(Bundle=javax.annotation_1.3.5.v20200909-1856 [44])
2024-09-12 12:18:02,189 [Worker-9: Launching mavenrun-164937c6-efc7-4396-bdce-790200f97dff] INFO  o.eclipse.m2e.core.internal.Bundles - 	Entry: C:\Users\LENOVO\.p2\pool\plugins\javax.annotation_1.3.5.v20200909-1856.jar
2024-09-12 12:18:02,189 [Worker-9: Launching mavenrun-164937c6-efc7-4396-bdce-790200f97dff] INFO  o.eclipse.m2e.core.internal.Bundles - getClasspathEntries(Bundle=org.apache.commons.cli_1.8.0 [78])
2024-09-12 12:18:02,190 [Worker-9: Launching mavenrun-164937c6-efc7-4396-bdce-790200f97dff] INFO  o.eclipse.m2e.core.internal.Bundles - 	Entry: C:\Users\LENOVO\.p2\pool\plugins\org.apache.commons.cli_1.8.0.jar
2024-09-12 12:18:02,190 [Worker-9: Launching mavenrun-164937c6-efc7-4396-bdce-790200f97dff] INFO  o.eclipse.m2e.core.internal.Bundles - getClasspathEntries(Bundle=org.apache.commons.commons-codec_1.16.0 [81])
2024-09-12 12:18:02,191 [Worker-9: Launching mavenrun-164937c6-efc7-4396-bdce-790200f97dff] INFO  o.eclipse.m2e.core.internal.Bundles - 	Entry: C:\Users\LENOVO\.p2\pool\plugins\org.apache.commons.commons-codec_1.16.0.jar
2024-09-12 12:18:02,191 [Worker-9: Launching mavenrun-164937c6-efc7-4396-bdce-790200f97dff] INFO  o.eclipse.m2e.core.internal.Bundles - getClasspathEntries(Bundle=org.apache.commons.lang3_3.14.0 [89])
2024-09-12 12:18:02,192 [Worker-9: Launching mavenrun-164937c6-efc7-4396-bdce-790200f97dff] INFO  o.eclipse.m2e.core.internal.Bundles - 	Entry: C:\Users\LENOVO\.p2\pool\plugins\org.apache.commons.lang3_3.14.0.jar
2024-09-12 12:18:02,192 [Worker-9: Launching mavenrun-164937c6-efc7-4396-bdce-790200f97dff] INFO  o.eclipse.m2e.core.internal.Bundles - getClasspathEntries(Bundle=com.google.guava.failureaccess_1.0.2 [17])
2024-09-12 12:18:02,192 [Worker-9: Launching mavenrun-164937c6-efc7-4396-bdce-790200f97dff] INFO  o.eclipse.m2e.core.internal.Bundles - 	Entry: C:\Users\LENOVO\.p2\pool\plugins\com.google.guava.failureaccess_1.0.2.jar
2024-09-12 12:18:02,202 [Worker-9: Launching mavenrun-164937c6-efc7-4396-bdce-790200f97dff] INFO  o.e.m.i.launch.MavenLaunchDelegate - Run build in "C:\Users\LENOVO\AppData\Local\Temp\m2e-archetypeGenerator17481085628724214776":
2024-09-12 12:18:02,205 [Worker-9: Launching mavenrun-164937c6-efc7-4396-bdce-790200f97dff] INFO  o.e.m.i.launch.MavenLaunchDelegate -  mvn  -DarchetypeGroupId=org.apache.maven.archetypes -DarchetypeArtifactId=maven-archetype-quickstart -DarchetypeVersion=1.4 -DgroupId=jdbcBasic -DartifactId=jdbcBasic -Dversion=0.0.1-SNAPSHOT -Dpackage=com.demo -DoutputDirectory=D:\java\eclipse\Jdbc -B -Dstyle.color=always -U archetype:generate
2024-09-12 12:18:15,541 [Worker-8: Creating maven-archetype-quickstart] INFO  o.e.m.c.i.p.ProjectConfigurationManager - Collecting project info '/pom.xml' D:\java\eclipse\Jdbc\jdbcBasic\pom.xml
2024-09-12 12:18:19,030 [Worker-8: Creating maven-archetype-quickstart] INFO  o.e.m.c.i.l.LifecycleMappingFactory - Using org.eclipse.m2e.jdt.JarLifecycleMapping lifecycle mapping for MavenProject: jdbcBasic:jdbcBasic:0.0.1-SNAPSHOT @ D:\java\eclipse\Jdbc\jdbcBasic\pom.xml.
2024-09-12 12:18:19,579 [Worker-8: Creating maven-archetype-quickstart] INFO  o.e.m.j.i.AbstractJavaProjectConfigurator - Adding source folder /jdbcBasic/src/main/java
2024-09-12 12:18:19,582 [Worker-8: Creating maven-archetype-quickstart] INFO  o.e.m.j.i.AbstractJavaProjectConfigurator - Adding resource folder /jdbcBasic/src/main/resources
2024-09-12 12:18:19,597 [Worker-8: Creating maven-archetype-quickstart] INFO  o.e.m.j.i.AbstractJavaProjectConfigurator - Adding source folder /jdbcBasic/src/test/java
2024-09-12 12:18:19,599 [Worker-8: Creating maven-archetype-quickstart] INFO  o.e.m.j.i.AbstractJavaProjectConfigurator - Adding resource folder /jdbcBasic/src/test/resources
2024-09-12 12:18:19,996 [Worker-8: Creating maven-archetype-quickstart] INFO  o.e.m.c.i.p.ProjectConfigurationManager - Imported and configured 1 project(s) in 4 sec
2024-09-12 12:18:20,429 [Worker-3: Building] INFO  o.e.m.c.i.embedder.EclipseLogger - Using 'UTF-8' encoding to copy filtered resources.
2024-09-12 12:18:20,429 [Worker-3: Building] INFO  o.e.m.c.i.embedder.EclipseLogger - skip non existing resourceDirectory D:\java\eclipse\Jdbc\jdbcBasic\src\main\resources
2024-09-12 12:18:20,435 [Worker-3: Building] INFO  o.e.m.c.i.embedder.EclipseLogger - Using 'UTF-8' encoding to copy filtered resources.
2024-09-12 12:18:20,435 [Worker-3: Building] INFO  o.e.m.c.i.embedder.EclipseLogger - skip non existing resourceDirectory D:\java\eclipse\Jdbc\jdbcBasic\src\test\resources
2024-09-12 12:21:40,181 [Worker-0: Building] INFO  o.e.m.c.i.l.LifecycleMappingFactory - Using org.eclipse.m2e.jdt.JarLifecycleMapping lifecycle mapping for MavenProject: jdbcBasic:jdbcBasic:0.0.1-SNAPSHOT @ D:\java\eclipse\Jdbc\jdbcBasic\pom.xml.
2024-09-12 12:21:40,565 [Worker-0: Building] INFO  o.e.m.c.i.embedder.EclipseLogger - Using 'UTF-8' encoding to copy filtered resources.
2024-09-12 12:21:40,565 [Worker-0: Building] INFO  o.e.m.c.i.embedder.EclipseLogger - skip non existing resourceDirectory D:\java\eclipse\Jdbc\jdbcBasic\src\main\resources
2024-09-12 12:21:40,572 [Worker-0: Building] INFO  o.e.m.c.i.embedder.EclipseLogger - Using 'UTF-8' encoding to copy filtered resources.
2024-09-12 12:21:40,572 [Worker-0: Building] INFO  o.e.m.c.i.embedder.EclipseLogger - skip non existing resourceDirectory D:\java\eclipse\Jdbc\jdbcBasic\src\test\resources
2024-09-12 12:21:42,294 [Worker-12: Building] INFO  o.e.m.c.i.embedder.EclipseLogger - Using 'UTF-8' encoding to copy filtered resources.
2024-09-12 12:21:42,294 [Worker-12: Building] INFO  o.e.m.c.i.embedder.EclipseLogger - skip non existing resourceDirectory D:\java\eclipse\Jdbc\jdbcBasic\src\main\resources
2024-09-12 12:21:42,298 [Worker-12: Building] INFO  o.e.m.c.i.embedder.EclipseLogger - Using 'UTF-8' encoding to copy filtered resources.
2024-09-12 12:21:42,298 [Worker-12: Building] INFO  o.e.m.c.i.embedder.EclipseLogger - skip non existing resourceDirectory D:\java\eclipse\Jdbc\jdbcBasic\src\test\resources
2024-09-12 12:23:05,761 [Worker-13: Updating Maven Dependencies] INFO  o.e.m.c.i.l.LifecycleMappingFactory - Using org.eclipse.m2e.jdt.JarLifecycleMapping lifecycle mapping for MavenProject: jdbc3_2:jdbc3_2:0.0.1-SNAPSHOT @ D:\java\eclipse\Jdbc\jdbc3_2\pom.xml.
2024-09-12 12:23:53,986 [Worker-0: Building] INFO  o.e.m.c.i.embedder.EclipseLogger - Using 'UTF-8' encoding to copy filtered resources.
2024-09-12 12:23:53,986 [Worker-0: Building] INFO  o.e.m.c.i.embedder.EclipseLogger - skip non existing resourceDirectory D:\java\eclipse\Jdbc\jdbcBasic\src\main\resources
2024-09-12 12:23:53,993 [Worker-0: Building] INFO  o.e.m.c.i.embedder.EclipseLogger - Using 'UTF-8' encoding to copy filtered resources.
2024-09-12 12:23:53,994 [Worker-0: Building] INFO  o.e.m.c.i.embedder.EclipseLogger - skip non existing resourceDirectory D:\java\eclipse\Jdbc\jdbcBasic\src\test\resources
2024-09-12 12:24:19,656 [Worker-0: Building] INFO  o.e.m.c.i.embedder.EclipseLogger - Using 'UTF-8' encoding to copy filtered resources.
2024-09-12 12:24:19,656 [Worker-0: Building] INFO  o.e.m.c.i.embedder.EclipseLogger - skip non existing resourceDirectory D:\java\eclipse\Jdbc\jdbcBasic\src\main\resources
2024-09-12 12:24:19,660 [Worker-0: Building] INFO  o.e.m.c.i.embedder.EclipseLogger - Using 'UTF-8' encoding to copy filtered resources.
2024-09-12 12:24:19,660 [Worker-0: Building] INFO  o.e.m.c.i.embedder.EclipseLogger - skip non existing resourceDirectory D:\java\eclipse\Jdbc\jdbcBasic\src\test\resources
2024-09-12 12:24:55,664 [Worker-12: Building] INFO  o.e.m.c.i.embedder.EclipseLogger - Using 'UTF-8' encoding to copy filtered resources.
2024-09-12 12:24:55,665 [Worker-12: Building] INFO  o.e.m.c.i.embedder.EclipseLogger - skip non existing resourceDirectory D:\java\eclipse\Jdbc\jdbcBasic\src\main\resources
2024-09-12 12:24:55,669 [Worker-12: Building] INFO  o.e.m.c.i.embedder.EclipseLogger - Using 'UTF-8' encoding to copy filtered resources.
2024-09-12 12:24:55,669 [Worker-12: Building] INFO  o.e.m.c.i.embedder.EclipseLogger - skip non existing resourceDirectory D:\java\eclipse\Jdbc\jdbcBasic\src\test\resources
2024-09-12 12:25:54,048 [Worker-8: Building] INFO  o.e.m.c.i.embedder.EclipseLogger - Using 'UTF-8' encoding to copy filtered resources.
2024-09-12 12:25:54,049 [Worker-8: Building] INFO  o.e.m.c.i.embedder.EclipseLogger - skip non existing resourceDirectory D:\java\eclipse\Jdbc\jdbcBasic\src\main\resources
2024-09-12 12:25:54,057 [Worker-8: Building] INFO  o.e.m.c.i.embedder.EclipseLogger - Using 'UTF-8' encoding to copy filtered resources.
2024-09-12 12:25:54,057 [Worker-8: Building] INFO  o.e.m.c.i.embedder.EclipseLogger - skip non existing resourceDirectory D:\java\eclipse\Jdbc\jdbcBasic\src\test\resources
2024-09-12 12:26:22,815 [Worker-8: Building] INFO  o.e.m.c.i.embedder.EclipseLogger - Using 'UTF-8' encoding to copy filtered resources.
2024-09-12 12:26:22,816 [Worker-8: Building] INFO  o.e.m.c.i.embedder.EclipseLogger - skip non existing resourceDirectory D:\java\eclipse\Jdbc\jdbcBasic\src\main\resources
2024-09-12 12:26:22,819 [Worker-8: Building] INFO  o.e.m.c.i.embedder.EclipseLogger - Using 'UTF-8' encoding to copy filtered resources.
2024-09-12 12:26:22,819 [Worker-8: Building] INFO  o.e.m.c.i.embedder.EclipseLogger - skip non existing resourceDirectory D:\java\eclipse\Jdbc\jdbcBasic\src\test\resources
2024-09-12 12:26:28,217 [Worker-13: Building] INFO  o.e.m.c.i.embedder.EclipseLogger - Using 'UTF-8' encoding to copy filtered resources.
2024-09-12 12:26:28,217 [Worker-13: Building] INFO  o.e.m.c.i.embedder.EclipseLogger - skip non existing resourceDirectory D:\java\eclipse\Jdbc\jdbcBasic\src\main\resources
2024-09-12 12:26:28,224 [Worker-13: Building] INFO  o.e.m.c.i.embedder.EclipseLogger - Using 'UTF-8' encoding to copy filtered resources.
2024-09-12 12:26:28,224 [Worker-13: Building] INFO  o.e.m.c.i.embedder.EclipseLogger - skip non existing resourceDirectory D:\java\eclipse\Jdbc\jdbcBasic\src\test\resources
2024-09-12 12:26:35,242 [Worker-13: Building] INFO  o.e.m.c.i.embedder.EclipseLogger - Using 'UTF-8' encoding to copy filtered resources.
2024-09-12 12:26:35,243 [Worker-13: Building] INFO  o.e.m.c.i.embedder.EclipseLogger - skip non existing resourceDirectory D:\java\eclipse\Jdbc\jdbcBasic\src\main\resources
2024-09-12 12:26:35,246 [Worker-13: Building] INFO  o.e.m.c.i.embedder.EclipseLogger - Using 'UTF-8' encoding to copy filtered resources.
2024-09-12 12:26:35,247 [Worker-13: Building] INFO  o.e.m.c.i.embedder.EclipseLogger - skip non existing resourceDirectory D:\java\eclipse\Jdbc\jdbcBasic\src\test\resources
2024-09-12 12:26:50,178 [Worker-12: Updating Maven Dependencies] ERROR o.e.m.j.i.l.MavenLaunchConfigurationListener - Launch configuration App (3) references closed project jdbc3_2
org.eclipse.core.runtime.CoreException: Launch configuration App (3) references closed project jdbc3_2
	at org.eclipse.jdt.launching.JavaRuntime.abort(JavaRuntime.java:1867)
	at org.eclipse.jdt.launching.JavaRuntime.getJavaProject(JavaRuntime.java:1741)
	at org.eclipse.m2e.jdt.internal.launch.MavenLaunchConfigurationListener.updateLaunchConfiguration(MavenLaunchConfigurationListener.java:64)
	at org.eclipse.m2e.jdt.internal.launch.MavenLaunchConfigurationListener.launchConfigurationChanged(MavenLaunchConfigurationListener.java:50)
	at org.eclipse.debug.internal.core.LaunchManager$ConfigurationNotifier.run(LaunchManager.java:220)
	at org.eclipse.core.runtime.SafeRunner.run(SafeRunner.java:47)
	at org.eclipse.debug.internal.core.LaunchManager$ConfigurationNotifier.notify(LaunchManager.java:204)
	at org.eclipse.debug.internal.core.LaunchConfigurationWorkingCopy.setDirty(LaunchConfigurationWorkingCopy.java:527)
	at org.eclipse.debug.internal.core.LaunchConfigurationWorkingCopy.setAttribute(LaunchConfigurationWorkingCopy.java:415)
	at org.eclipse.m2e.jdt.internal.launch.MavenRuntimeClasspathProvider.disable(MavenRuntimeClasspathProvider.java:409)
	at org.eclipse.m2e.jdt.internal.launch.MavenRuntimeClasspathProvider.disable(MavenRuntimeClasspathProvider.java:435)
	at org.eclipse.m2e.jdt.internal.launch.MavenLaunchConfigurationListener.mavenProjectChanged(MavenLaunchConfigurationListener.java:135)
	at org.eclipse.m2e.core.internal.project.registry.ProjectRegistryManager.notifyProjectChangeListeners(ProjectRegistryManager.java:892)
	at org.eclipse.m2e.core.internal.project.registry.ProjectRegistryManager.applyMutableProjectRegistry(ProjectRegistryManager.java:1042)
	at org.eclipse.m2e.core.internal.project.registry.ProjectRegistryRefreshJob.lambda$0(ProjectRegistryRefreshJob.java:162)
	at org.eclipse.m2e.core.internal.embedder.MavenExecutionContext.executeBare(MavenExecutionContext.java:458)
	at org.eclipse.m2e.core.internal.embedder.MavenExecutionContext.execute(MavenExecutionContext.java:339)
	at org.eclipse.m2e.core.internal.embedder.MavenExecutionContext.execute(MavenExecutionContext.java:278)
	at org.eclipse.m2e.core.internal.project.registry.ProjectRegistryRefreshJob.run(ProjectRegistryRefreshJob.java:106)
	at org.eclipse.core.internal.jobs.Worker.run(Worker.java:63)
2024-09-12 12:26:50,184 [Worker-12: Updating Maven Dependencies] ERROR o.e.m.j.i.l.MavenLaunchConfigurationListener - Launch configuration App (3) references closed project jdbc3_2
org.eclipse.core.runtime.CoreException: Launch configuration App (3) references closed project jdbc3_2
	at org.eclipse.jdt.launching.JavaRuntime.abort(JavaRuntime.java:1867)
	at org.eclipse.jdt.launching.JavaRuntime.getJavaProject(JavaRuntime.java:1741)
	at org.eclipse.m2e.jdt.internal.launch.MavenLaunchConfigurationListener.updateLaunchConfiguration(MavenLaunchConfigurationListener.java:64)
	at org.eclipse.m2e.jdt.internal.launch.MavenLaunchConfigurationListener.launchConfigurationChanged(MavenLaunchConfigurationListener.java:50)
	at org.eclipse.debug.internal.core.LaunchManager$ConfigurationNotifier.run(LaunchManager.java:220)
	at org.eclipse.core.runtime.SafeRunner.run(SafeRunner.java:47)
	at org.eclipse.debug.internal.core.LaunchManager$ConfigurationNotifier.notify(LaunchManager.java:204)
	at org.eclipse.debug.internal.core.LaunchConfigurationWorkingCopy.setDirty(LaunchConfigurationWorkingCopy.java:527)
	at org.eclipse.debug.internal.core.LaunchConfigurationWorkingCopy.setAttribute(LaunchConfigurationWorkingCopy.java:415)
	at org.eclipse.m2e.jdt.internal.launch.MavenRuntimeClasspathProvider.disable(MavenRuntimeClasspathProvider.java:410)
	at org.eclipse.m2e.jdt.internal.launch.MavenRuntimeClasspathProvider.disable(MavenRuntimeClasspathProvider.java:435)
	at org.eclipse.m2e.jdt.internal.launch.MavenLaunchConfigurationListener.mavenProjectChanged(MavenLaunchConfigurationListener.java:135)
	at org.eclipse.m2e.core.internal.project.registry.ProjectRegistryManager.notifyProjectChangeListeners(ProjectRegistryManager.java:892)
	at org.eclipse.m2e.core.internal.project.registry.ProjectRegistryManager.applyMutableProjectRegistry(ProjectRegistryManager.java:1042)
	at org.eclipse.m2e.core.internal.project.registry.ProjectRegistryRefreshJob.lambda$0(ProjectRegistryRefreshJob.java:162)
	at org.eclipse.m2e.core.internal.embedder.MavenExecutionContext.executeBare(MavenExecutionContext.java:458)
	at org.eclipse.m2e.core.internal.embedder.MavenExecutionContext.execute(MavenExecutionContext.java:339)
	at org.eclipse.m2e.core.internal.embedder.MavenExecutionContext.execute(MavenExecutionContext.java:278)
	at org.eclipse.m2e.core.internal.project.registry.ProjectRegistryRefreshJob.run(ProjectRegistryRefreshJob.java:106)
	at org.eclipse.core.internal.jobs.Worker.run(Worker.java:63)
2024-09-12 12:26:50,237 [Worker-12: Updating Maven Dependencies] ERROR o.e.m.j.i.l.MavenLaunchConfigurationListener - Launch configuration App (3) references closed project jdbc3_2
org.eclipse.core.runtime.CoreException: Launch configuration App (3) references closed project jdbc3_2
	at org.eclipse.jdt.launching.JavaRuntime.abort(JavaRuntime.java:1867)
	at org.eclipse.jdt.launching.JavaRuntime.getJavaProject(JavaRuntime.java:1741)
	at org.eclipse.m2e.jdt.internal.launch.MavenLaunchConfigurationListener.updateLaunchConfiguration(MavenLaunchConfigurationListener.java:64)
	at org.eclipse.m2e.jdt.internal.launch.MavenLaunchConfigurationListener.launchConfigurationChanged(MavenLaunchConfigurationListener.java:50)
	at org.eclipse.debug.internal.core.LaunchManager$ConfigurationNotifier.run(LaunchManager.java:220)
	at org.eclipse.core.runtime.SafeRunner.run(SafeRunner.java:47)
	at org.eclipse.debug.internal.core.LaunchManager$ConfigurationNotifier.notify(LaunchManager.java:204)
	at org.eclipse.debug.internal.core.LaunchManager.launchConfigurationChanged(LaunchManager.java:2010)
	at org.eclipse.debug.internal.core.LaunchConfigurationWorkingCopy.writeNewFile(LaunchConfigurationWorkingCopy.java:380)
	at org.eclipse.debug.internal.core.LaunchConfigurationWorkingCopy.doSave0(LaunchConfigurationWorkingCopy.java:259)
	at org.eclipse.debug.internal.core.LaunchConfigurationWorkingCopy.doSave(LaunchConfigurationWorkingCopy.java:229)
	at org.eclipse.debug.internal.core.LaunchConfigurationWorkingCopy.doSave(LaunchConfigurationWorkingCopy.java:187)
	at org.eclipse.m2e.jdt.internal.launch.MavenRuntimeClasspathProvider.disable(MavenRuntimeClasspathProvider.java:411)
	at org.eclipse.m2e.jdt.internal.launch.MavenRuntimeClasspathProvider.disable(MavenRuntimeClasspathProvider.java:435)
	at org.eclipse.m2e.jdt.internal.launch.MavenLaunchConfigurationListener.mavenProjectChanged(MavenLaunchConfigurationListener.java:135)
	at org.eclipse.m2e.core.internal.project.registry.ProjectRegistryManager.notifyProjectChangeListeners(ProjectRegistryManager.java:892)
	at org.eclipse.m2e.core.internal.project.registry.ProjectRegistryManager.applyMutableProjectRegistry(ProjectRegistryManager.java:1042)
	at org.eclipse.m2e.core.internal.project.registry.ProjectRegistryRefreshJob.lambda$0(ProjectRegistryRefreshJob.java:162)
	at org.eclipse.m2e.core.internal.embedder.MavenExecutionContext.executeBare(MavenExecutionContext.java:458)
	at org.eclipse.m2e.core.internal.embedder.MavenExecutionContext.execute(MavenExecutionContext.java:339)
	at org.eclipse.m2e.core.internal.embedder.MavenExecutionContext.execute(MavenExecutionContext.java:278)
	at org.eclipse.m2e.core.internal.project.registry.ProjectRegistryRefreshJob.run(ProjectRegistryRefreshJob.java:106)
	at org.eclipse.core.internal.jobs.Worker.run(Worker.java:63)
2024-09-12 12:32:13,156 [Worker-0: Building] INFO  o.e.m.c.i.embedder.EclipseLogger - Using 'UTF-8' encoding to copy filtered resources.
2024-09-12 12:32:13,157 [Worker-0: Building] INFO  o.e.m.c.i.embedder.EclipseLogger - skip non existing resourceDirectory D:\java\eclipse\Jdbc\jdbcBasic\src\main\resources
2024-09-12 12:32:13,168 [Worker-0: Building] INFO  o.e.m.c.i.embedder.EclipseLogger - Using 'UTF-8' encoding to copy filtered resources.
2024-09-12 12:32:13,168 [Worker-0: Building] INFO  o.e.m.c.i.embedder.EclipseLogger - skip non existing resourceDirectory D:\java\eclipse\Jdbc\jdbcBasic\src\test\resources
2024-09-12 15:11:25,010 [Worker-0: Loading available Gradle versions] INFO  o.e.b.c.i.u.g.PublishedGradleVersions - Gradle version information cache is up-to-date. Trying to read.
2024-09-12 15:18:47,571 [Worker-16: Building] INFO  o.e.m.c.i.embedder.EclipseLogger - Using 'UTF-8' encoding to copy filtered resources.
2024-09-12 15:18:47,573 [Worker-16: Building] INFO  o.e.m.c.i.embedder.EclipseLogger - skip non existing resourceDirectory D:\java\eclipse\Jdbc\jdbcBasic\src\main\resources
2024-09-12 15:18:47,579 [Worker-16: Building] INFO  o.e.m.c.i.embedder.EclipseLogger - Using 'UTF-8' encoding to copy filtered resources.
2024-09-12 15:18:47,580 [Worker-16: Building] INFO  o.e.m.c.i.embedder.EclipseLogger - skip non existing resourceDirectory D:\java\eclipse\Jdbc\jdbcBasic\src\test\resources
2024-09-12 15:22:29,443 [Worker-19: Building] INFO  o.e.m.c.i.embedder.EclipseLogger - Using 'UTF-8' encoding to copy filtered resources.
2024-09-12 15:22:29,444 [Worker-19: Building] INFO  o.e.m.c.i.embedder.EclipseLogger - skip non existing resourceDirectory D:\java\eclipse\Jdbc\jdbcBasic\src\main\resources
2024-09-12 15:22:29,450 [Worker-19: Building] INFO  o.e.m.c.i.embedder.EclipseLogger - Using 'UTF-8' encoding to copy filtered resources.
2024-09-12 15:22:29,451 [Worker-19: Building] INFO  o.e.m.c.i.embedder.EclipseLogger - skip non existing resourceDirectory D:\java\eclipse\Jdbc\jdbcBasic\src\test\resources
2024-09-12 15:22:34,969 [Worker-19: Launching App (4)] INFO  o.e.m.c.i.embedder.EclipseLogger - Using 'UTF-8' encoding to copy filtered resources.
2024-09-12 15:22:34,969 [Worker-19: Launching App (4)] INFO  o.e.m.c.i.embedder.EclipseLogger - skip non existing resourceDirectory D:\java\eclipse\Jdbc\jdbcBasic\src\main\resources
2024-09-12 15:22:34,974 [Worker-19: Launching App (4)] INFO  o.e.m.c.i.embedder.EclipseLogger - Using 'UTF-8' encoding to copy filtered resources.
2024-09-12 15:22:34,974 [Worker-19: Launching App (4)] INFO  o.e.m.c.i.embedder.EclipseLogger - skip non existing resourceDirectory D:\java\eclipse\Jdbc\jdbcBasic\src\test\resources
2024-09-12 15:32:10,728 [Worker-15: Building] INFO  o.e.m.c.i.embedder.EclipseLogger - Using 'UTF-8' encoding to copy filtered resources.
2024-09-12 15:32:10,729 [Worker-15: Building] INFO  o.e.m.c.i.embedder.EclipseLogger - skip non existing resourceDirectory D:\java\eclipse\Jdbc\jdbcBasic\src\main\resources
2024-09-12 15:32:10,733 [Worker-15: Building] INFO  o.e.m.c.i.embedder.EclipseLogger - Using 'UTF-8' encoding to copy filtered resources.
2024-09-12 15:32:10,734 [Worker-15: Building] INFO  o.e.m.c.i.embedder.EclipseLogger - skip non existing resourceDirectory D:\java\eclipse\Jdbc\jdbcBasic\src\test\resources
2024-09-12 15:41:26,951 [Worker-26: Building] INFO  o.e.m.c.i.embedder.EclipseLogger - Using 'UTF-8' encoding to copy filtered resources.
2024-09-12 15:41:26,951 [Worker-26: Building] INFO  o.e.m.c.i.embedder.EclipseLogger - skip non existing resourceDirectory D:\java\eclipse\Jdbc\jdbcBasic\src\main\resources
2024-09-12 15:41:26,956 [Worker-26: Building] INFO  o.e.m.c.i.embedder.EclipseLogger - Using 'UTF-8' encoding to copy filtered resources.
2024-09-12 15:41:26,956 [Worker-26: Building] INFO  o.e.m.c.i.embedder.EclipseLogger - skip non existing resourceDirectory D:\java\eclipse\Jdbc\jdbcBasic\src\test\resources
2024-09-12 15:43:48,139 [Worker-24: Building] INFO  o.e.m.c.i.embedder.EclipseLogger - Using 'UTF-8' encoding to copy filtered resources.
2024-09-12 15:43:48,139 [Worker-24: Building] INFO  o.e.m.c.i.embedder.EclipseLogger - skip non existing resourceDirectory D:\java\eclipse\Jdbc\jdbcBasic\src\main\resources
2024-09-12 15:43:48,144 [Worker-24: Building] INFO  o.e.m.c.i.embedder.EclipseLogger - Using 'UTF-8' encoding to copy filtered resources.
2024-09-12 15:43:48,144 [Worker-24: Building] INFO  o.e.m.c.i.embedder.EclipseLogger - skip non existing resourceDirectory D:\java\eclipse\Jdbc\jdbcBasic\src\test\resources
2024-09-12 15:44:01,538 [Worker-25: Building] INFO  o.e.m.c.i.embedder.EclipseLogger - Using 'UTF-8' encoding to copy filtered resources.
2024-09-12 15:44:01,538 [Worker-25: Building] INFO  o.e.m.c.i.embedder.EclipseLogger - skip non existing resourceDirectory D:\java\eclipse\Jdbc\jdbcBasic\src\main\resources
2024-09-12 15:44:01,543 [Worker-25: Building] INFO  o.e.m.c.i.embedder.EclipseLogger - Using 'UTF-8' encoding to copy filtered resources.
2024-09-12 15:44:01,543 [Worker-25: Building] INFO  o.e.m.c.i.embedder.EclipseLogger - skip non existing resourceDirectory D:\java\eclipse\Jdbc\jdbcBasic\src\test\resources
2024-09-12 15:44:27,062 [Worker-23: Building] INFO  o.e.m.c.i.embedder.EclipseLogger - Using 'UTF-8' encoding to copy filtered resources.
2024-09-12 15:44:27,062 [Worker-23: Building] INFO  o.e.m.c.i.embedder.EclipseLogger - skip non existing resourceDirectory D:\java\eclipse\Jdbc\jdbcBasic\src\main\resources
2024-09-12 15:44:27,067 [Worker-23: Building] INFO  o.e.m.c.i.embedder.EclipseLogger - Using 'UTF-8' encoding to copy filtered resources.
2024-09-12 15:44:27,068 [Worker-23: Building] INFO  o.e.m.c.i.embedder.EclipseLogger - skip non existing resourceDirectory D:\java\eclipse\Jdbc\jdbcBasic\src\test\resources
2024-09-12 15:45:27,640 [Worker-26: Building] INFO  o.e.m.c.i.embedder.EclipseLogger - Using 'UTF-8' encoding to copy filtered resources.
2024-09-12 15:45:27,641 [Worker-26: Building] INFO  o.e.m.c.i.embedder.EclipseLogger - skip non existing resourceDirectory D:\java\eclipse\Jdbc\jdbcBasic\src\main\resources
2024-09-12 15:45:27,647 [Worker-26: Building] INFO  o.e.m.c.i.embedder.EclipseLogger - Using 'UTF-8' encoding to copy filtered resources.
2024-09-12 15:45:27,647 [Worker-26: Building] INFO  o.e.m.c.i.embedder.EclipseLogger - skip non existing resourceDirectory D:\java\eclipse\Jdbc\jdbcBasic\src\test\resources
2024-09-12 16:00:44,395 [Worker-29: Building] INFO  o.e.m.c.i.embedder.EclipseLogger - Using 'UTF-8' encoding to copy filtered resources.
2024-09-12 16:00:44,396 [Worker-29: Building] INFO  o.e.m.c.i.embedder.EclipseLogger - skip non existing resourceDirectory D:\java\eclipse\Jdbc\jdbcBasic\src\main\resources
2024-09-12 16:00:44,399 [Worker-29: Building] INFO  o.e.m.c.i.embedder.EclipseLogger - Using 'UTF-8' encoding to copy filtered resources.
2024-09-12 16:00:44,399 [Worker-29: Building] INFO  o.e.m.c.i.embedder.EclipseLogger - skip non existing resourceDirectory D:\java\eclipse\Jdbc\jdbcBasic\src\test\resources
2024-09-12 16:02:15,329 [Worker-30: Building] INFO  o.e.m.c.i.embedder.EclipseLogger - Using 'UTF-8' encoding to copy filtered resources.
2024-09-12 16:02:15,329 [Worker-30: Building] INFO  o.e.m.c.i.embedder.EclipseLogger - skip non existing resourceDirectory D:\java\eclipse\Jdbc\jdbcBasic\src\main\resources
2024-09-12 16:02:15,334 [Worker-30: Building] INFO  o.e.m.c.i.embedder.EclipseLogger - Using 'UTF-8' encoding to copy filtered resources.
2024-09-12 16:02:15,334 [Worker-30: Building] INFO  o.e.m.c.i.embedder.EclipseLogger - skip non existing resourceDirectory D:\java\eclipse\Jdbc\jdbcBasic\src\test\resources
2024-09-12 16:02:44,175 [Worker-31: Building] INFO  o.e.m.c.i.embedder.EclipseLogger - Using 'UTF-8' encoding to copy filtered resources.
2024-09-12 16:02:44,175 [Worker-31: Building] INFO  o.e.m.c.i.embedder.EclipseLogger - skip non existing resourceDirectory D:\java\eclipse\Jdbc\jdbcBasic\src\main\resources
2024-09-12 16:02:44,180 [Worker-31: Building] INFO  o.e.m.c.i.embedder.EclipseLogger - Using 'UTF-8' encoding to copy filtered resources.
2024-09-12 16:02:44,180 [Worker-31: Building] INFO  o.e.m.c.i.embedder.EclipseLogger - skip non existing resourceDirectory D:\java\eclipse\Jdbc\jdbcBasic\src\test\resources
2024-09-12 16:03:41,429 [Worker-29: Building] INFO  o.e.m.c.i.embedder.EclipseLogger - Using 'UTF-8' encoding to copy filtered resources.
2024-09-12 16:03:41,430 [Worker-29: Building] INFO  o.e.m.c.i.embedder.EclipseLogger - skip non existing resourceDirectory D:\java\eclipse\Jdbc\jdbcBasic\src\main\resources
2024-09-12 16:03:41,435 [Worker-29: Building] INFO  o.e.m.c.i.embedder.EclipseLogger - Using 'UTF-8' encoding to copy filtered resources.
2024-09-12 16:03:41,436 [Worker-29: Building] INFO  o.e.m.c.i.embedder.EclipseLogger - skip non existing resourceDirectory D:\java\eclipse\Jdbc\jdbcBasic\src\test\resources
2024-09-12 16:03:51,775 [Worker-29: Building] INFO  o.e.m.c.i.embedder.EclipseLogger - Using 'UTF-8' encoding to copy filtered resources.
2024-09-12 16:03:51,775 [Worker-29: Building] INFO  o.e.m.c.i.embedder.EclipseLogger - skip non existing resourceDirectory D:\java\eclipse\Jdbc\jdbcBasic\src\main\resources
2024-09-12 16:03:51,778 [Worker-29: Building] INFO  o.e.m.c.i.embedder.EclipseLogger - Using 'UTF-8' encoding to copy filtered resources.
2024-09-12 16:03:51,780 [Worker-29: Building] INFO  o.e.m.c.i.embedder.EclipseLogger - skip non existing resourceDirectory D:\java\eclipse\Jdbc\jdbcBasic\src\test\resources
2024-09-12 16:12:04,865 [Worker-34: Building] INFO  o.e.m.c.i.embedder.EclipseLogger - Using 'UTF-8' encoding to copy filtered resources.
2024-09-12 16:12:04,866 [Worker-34: Building] INFO  o.e.m.c.i.embedder.EclipseLogger - skip non existing resourceDirectory D:\java\eclipse\Jdbc\jdbcBasic\src\main\resources
2024-09-12 16:12:04,869 [Worker-34: Building] INFO  o.e.m.c.i.embedder.EclipseLogger - Using 'UTF-8' encoding to copy filtered resources.
2024-09-12 16:12:04,869 [Worker-34: Building] INFO  o.e.m.c.i.embedder.EclipseLogger - skip non existing resourceDirectory D:\java\eclipse\Jdbc\jdbcBasic\src\test\resources
2024-09-12 16:14:58,558 [Worker-36: Building] INFO  o.e.m.c.i.embedder.EclipseLogger - Using 'UTF-8' encoding to copy filtered resources.
2024-09-12 16:14:58,558 [Worker-36: Building] INFO  o.e.m.c.i.embedder.EclipseLogger - skip non existing resourceDirectory D:\java\eclipse\Jdbc\jdbcBasic\src\main\resources
2024-09-12 16:14:58,562 [Worker-36: Building] INFO  o.e.m.c.i.embedder.EclipseLogger - Using 'UTF-8' encoding to copy filtered resources.
2024-09-12 16:14:58,562 [Worker-36: Building] INFO  o.e.m.c.i.embedder.EclipseLogger - skip non existing resourceDirectory D:\java\eclipse\Jdbc\jdbcBasic\src\test\resources
2024-09-12 16:19:08,601 [Worker-29: Building] INFO  o.e.m.c.i.embedder.EclipseLogger - Using 'UTF-8' encoding to copy filtered resources.
2024-09-12 16:19:08,602 [Worker-29: Building] INFO  o.e.m.c.i.embedder.EclipseLogger - skip non existing resourceDirectory D:\java\eclipse\Jdbc\jdbcBasic\src\main\resources
2024-09-12 16:19:08,606 [Worker-29: Building] INFO  o.e.m.c.i.embedder.EclipseLogger - Using 'UTF-8' encoding to copy filtered resources.
2024-09-12 16:19:08,606 [Worker-29: Building] INFO  o.e.m.c.i.embedder.EclipseLogger - skip non existing resourceDirectory D:\java\eclipse\Jdbc\jdbcBasic\src\test\resources
2024-09-12 16:19:14,874 [Worker-38: Building] INFO  o.e.m.c.i.embedder.EclipseLogger - Using 'UTF-8' encoding to copy filtered resources.
2024-09-12 16:19:14,875 [Worker-38: Building] INFO  o.e.m.c.i.embedder.EclipseLogger - skip non existing resourceDirectory D:\java\eclipse\Jdbc\jdbcBasic\src\main\resources
2024-09-12 16:19:14,878 [Worker-38: Building] INFO  o.e.m.c.i.embedder.EclipseLogger - Using 'UTF-8' encoding to copy filtered resources.
2024-09-12 16:19:14,879 [Worker-38: Building] INFO  o.e.m.c.i.embedder.EclipseLogger - skip non existing resourceDirectory D:\java\eclipse\Jdbc\jdbcBasic\src\test\resources
2024-09-12 16:21:34,621 [Worker-37: Building] INFO  o.e.m.c.i.embedder.EclipseLogger - Using 'UTF-8' encoding to copy filtered resources.
2024-09-12 16:21:34,621 [Worker-37: Building] INFO  o.e.m.c.i.embedder.EclipseLogger - skip non existing resourceDirectory D:\java\eclipse\Jdbc\jdbcBasic\src\main\resources
2024-09-12 16:21:34,625 [Worker-37: Building] INFO  o.e.m.c.i.embedder.EclipseLogger - Using 'UTF-8' encoding to copy filtered resources.
2024-09-12 16:21:34,625 [Worker-37: Building] INFO  o.e.m.c.i.embedder.EclipseLogger - skip non existing resourceDirectory D:\java\eclipse\Jdbc\jdbcBasic\src\test\resources
2024-09-12 16:22:04,129 [Worker-35: Building] INFO  o.e.m.c.i.embedder.EclipseLogger - Using 'UTF-8' encoding to copy filtered resources.
2024-09-12 16:22:04,130 [Worker-35: Building] INFO  o.e.m.c.i.embedder.EclipseLogger - skip non existing resourceDirectory D:\java\eclipse\Jdbc\jdbcBasic\src\main\resources
2024-09-12 16:22:04,134 [Worker-35: Building] INFO  o.e.m.c.i.embedder.EclipseLogger - Using 'UTF-8' encoding to copy filtered resources.
2024-09-12 16:22:04,134 [Worker-35: Building] INFO  o.e.m.c.i.embedder.EclipseLogger - skip non existing resourceDirectory D:\java\eclipse\Jdbc\jdbcBasic\src\test\resources
2024-09-12 16:23:43,830 [Worker-38: Building] INFO  o.e.m.c.i.embedder.EclipseLogger - Using 'UTF-8' encoding to copy filtered resources.
2024-09-12 16:23:43,831 [Worker-38: Building] INFO  o.e.m.c.i.embedder.EclipseLogger - skip non existing resourceDirectory D:\java\eclipse\Jdbc\jdbcBasic\src\main\resources
2024-09-12 16:23:43,835 [Worker-38: Building] INFO  o.e.m.c.i.embedder.EclipseLogger - Using 'UTF-8' encoding to copy filtered resources.
2024-09-12 16:23:43,835 [Worker-38: Building] INFO  o.e.m.c.i.embedder.EclipseLogger - skip non existing resourceDirectory D:\java\eclipse\Jdbc\jdbcBasic\src\test\resources
2024-09-12 16:36:28,032 [Worker-40: Building] INFO  o.e.m.c.i.embedder.EclipseLogger - Using 'UTF-8' encoding to copy filtered resources.
2024-09-12 16:36:28,032 [Worker-40: Building] INFO  o.e.m.c.i.embedder.EclipseLogger - skip non existing resourceDirectory D:\java\eclipse\Jdbc\jdbcBasic\src\main\resources
2024-09-12 16:36:28,035 [Worker-40: Building] INFO  o.e.m.c.i.embedder.EclipseLogger - Using 'UTF-8' encoding to copy filtered resources.
2024-09-12 16:36:28,035 [Worker-40: Building] INFO  o.e.m.c.i.embedder.EclipseLogger - skip non existing resourceDirectory D:\java\eclipse\Jdbc\jdbcBasic\src\test\resources
2024-09-12 16:50:04,189 [Worker-47: Building] INFO  o.e.m.c.i.embedder.EclipseLogger - Using 'UTF-8' encoding to copy filtered resources.
2024-09-12 16:50:04,189 [Worker-47: Building] INFO  o.e.m.c.i.embedder.EclipseLogger - skip non existing resourceDirectory D:\java\eclipse\Jdbc\jdbcBasic\src\main\resources
2024-09-12 16:50:04,191 [Worker-47: Building] INFO  o.e.m.c.i.embedder.EclipseLogger - Using 'UTF-8' encoding to copy filtered resources.
2024-09-12 16:50:04,192 [Worker-47: Building] INFO  o.e.m.c.i.embedder.EclipseLogger - skip non existing resourceDirectory D:\java\eclipse\Jdbc\jdbcBasic\src\test\resources
2024-09-12 16:52:58,326 [Worker-49: Building] INFO  o.e.m.c.i.embedder.EclipseLogger - Using 'UTF-8' encoding to copy filtered resources.
2024-09-12 16:52:58,327 [Worker-49: Building] INFO  o.e.m.c.i.embedder.EclipseLogger - skip non existing resourceDirectory D:\java\eclipse\Jdbc\jdbcBasic\src\main\resources
2024-09-12 16:52:58,329 [Worker-49: Building] INFO  o.e.m.c.i.embedder.EclipseLogger - Using 'UTF-8' encoding to copy filtered resources.
2024-09-12 16:52:58,330 [Worker-49: Building] INFO  o.e.m.c.i.embedder.EclipseLogger - skip non existing resourceDirectory D:\java\eclipse\Jdbc\jdbcBasic\src\test\resources
2024-09-12 16:57:12,908 [Worker-49: Building] INFO  o.e.m.c.i.embedder.EclipseLogger - Using 'UTF-8' encoding to copy filtered resources.
2024-09-12 16:57:12,908 [Worker-49: Building] INFO  o.e.m.c.i.embedder.EclipseLogger - skip non existing resourceDirectory D:\java\eclipse\Jdbc\jdbcBasic\src\main\resources
2024-09-12 16:57:12,911 [Worker-49: Building] INFO  o.e.m.c.i.embedder.EclipseLogger - Using 'UTF-8' encoding to copy filtered resources.
2024-09-12 16:57:12,911 [Worker-49: Building] INFO  o.e.m.c.i.embedder.EclipseLogger - skip non existing resourceDirectory D:\java\eclipse\Jdbc\jdbcBasic\src\test\resources
2024-09-12 16:57:24,412 [Worker-49: Building] INFO  o.e.m.c.i.embedder.EclipseLogger - Using 'UTF-8' encoding to copy filtered resources.
2024-09-12 16:57:24,413 [Worker-49: Building] INFO  o.e.m.c.i.embedder.EclipseLogger - skip non existing resourceDirectory D:\java\eclipse\Jdbc\jdbcBasic\src\main\resources
2024-09-12 16:57:24,415 [Worker-49: Building] INFO  o.e.m.c.i.embedder.EclipseLogger - Using 'UTF-8' encoding to copy filtered resources.
2024-09-12 16:57:24,415 [Worker-49: Building] INFO  o.e.m.c.i.embedder.EclipseLogger - skip non existing resourceDirectory D:\java\eclipse\Jdbc\jdbcBasic\src\test\resources
2024-09-12 16:58:50,857 [Worker-44: Building] INFO  o.e.m.c.i.embedder.EclipseLogger - Using 'UTF-8' encoding to copy filtered resources.
2024-09-12 16:58:50,857 [Worker-44: Building] INFO  o.e.m.c.i.embedder.EclipseLogger - skip non existing resourceDirectory D:\java\eclipse\Jdbc\jdbcBasic\src\main\resources
2024-09-12 16:58:50,859 [Worker-44: Building] INFO  o.e.m.c.i.embedder.EclipseLogger - Using 'UTF-8' encoding to copy filtered resources.
2024-09-12 16:58:50,859 [Worker-44: Building] INFO  o.e.m.c.i.embedder.EclipseLogger - skip non existing resourceDirectory D:\java\eclipse\Jdbc\jdbcBasic\src\test\resources
2024-09-12 16:59:00,662 [Worker-47: Building] INFO  o.e.m.c.i.embedder.EclipseLogger - Using 'UTF-8' encoding to copy filtered resources.
2024-09-12 16:59:00,662 [Worker-47: Building] INFO  o.e.m.c.i.embedder.EclipseLogger - skip non existing resourceDirectory D:\java\eclipse\Jdbc\jdbcBasic\src\main\resources
2024-09-12 16:59:00,664 [Worker-47: Building] INFO  o.e.m.c.i.embedder.EclipseLogger - Using 'UTF-8' encoding to copy filtered resources.
2024-09-12 16:59:00,664 [Worker-47: Building] INFO  o.e.m.c.i.embedder.EclipseLogger - skip non existing resourceDirectory D:\java\eclipse\Jdbc\jdbcBasic\src\test\resources
2024-09-12 17:25:30,896 [Worker-55: Building] INFO  o.e.m.c.i.embedder.EclipseLogger - Using 'UTF-8' encoding to copy filtered resources.
2024-09-12 17:25:30,898 [Worker-55: Building] INFO  o.e.m.c.i.embedder.EclipseLogger - skip non existing resourceDirectory D:\java\eclipse\Jdbc\jdbcBasic\src\main\resources
2024-09-12 17:25:30,901 [Worker-55: Building] INFO  o.e.m.c.i.embedder.EclipseLogger - Using 'UTF-8' encoding to copy filtered resources.
2024-09-12 17:25:30,902 [Worker-55: Building] INFO  o.e.m.c.i.embedder.EclipseLogger - skip non existing resourceDirectory D:\java\eclipse\Jdbc\jdbcBasic\src\test\resources
2024-09-12 17:27:15,822 [Worker-56: Building] INFO  o.e.m.c.i.embedder.EclipseLogger - Using 'UTF-8' encoding to copy filtered resources.
2024-09-12 17:27:15,822 [Worker-56: Building] INFO  o.e.m.c.i.embedder.EclipseLogger - skip non existing resourceDirectory D:\java\eclipse\Jdbc\jdbcBasic\src\main\resources
2024-09-12 17:27:15,824 [Worker-56: Building] INFO  o.e.m.c.i.embedder.EclipseLogger - Using 'UTF-8' encoding to copy filtered resources.
2024-09-12 17:27:15,824 [Worker-56: Building] INFO  o.e.m.c.i.embedder.EclipseLogger - skip non existing resourceDirectory D:\java\eclipse\Jdbc\jdbcBasic\src\test\resources
2024-09-12 17:34:18,571 [Worker-47: Building] INFO  o.e.m.c.i.embedder.EclipseLogger - Using 'UTF-8' encoding to copy filtered resources.
2024-09-12 17:34:18,571 [Worker-47: Building] INFO  o.e.m.c.i.embedder.EclipseLogger - skip non existing resourceDirectory D:\java\eclipse\Jdbc\jdbcBasic\src\main\resources
2024-09-12 17:34:18,574 [Worker-47: Building] INFO  o.e.m.c.i.embedder.EclipseLogger - Using 'UTF-8' encoding to copy filtered resources.
2024-09-12 17:34:18,575 [Worker-47: Building] INFO  o.e.m.c.i.embedder.EclipseLogger - skip non existing resourceDirectory D:\java\eclipse\Jdbc\jdbcBasic\src\test\resources
2024-09-12 17:37:49,238 [Worker-47: Building] INFO  o.e.m.c.i.embedder.EclipseLogger - Using 'UTF-8' encoding to copy filtered resources.
2024-09-12 17:37:49,239 [Worker-47: Building] INFO  o.e.m.c.i.embedder.EclipseLogger - skip non existing resourceDirectory D:\java\eclipse\Jdbc\jdbcBasic\src\main\resources
2024-09-12 17:37:49,241 [Worker-47: Building] INFO  o.e.m.c.i.embedder.EclipseLogger - Using 'UTF-8' encoding to copy filtered resources.
2024-09-12 17:37:49,242 [Worker-47: Building] INFO  o.e.m.c.i.embedder.EclipseLogger - skip non existing resourceDirectory D:\java\eclipse\Jdbc\jdbcBasic\src\test\resources
2024-09-12 17:38:13,227 [Worker-52: Building] INFO  o.e.m.c.i.embedder.EclipseLogger - Using 'UTF-8' encoding to copy filtered resources.
2024-09-12 17:38:13,227 [Worker-52: Building] INFO  o.e.m.c.i.embedder.EclipseLogger - skip non existing resourceDirectory D:\java\eclipse\Jdbc\jdbcBasic\src\main\resources
2024-09-12 17:38:13,229 [Worker-52: Building] INFO  o.e.m.c.i.embedder.EclipseLogger - Using 'UTF-8' encoding to copy filtered resources.
2024-09-12 17:38:13,229 [Worker-52: Building] INFO  o.e.m.c.i.embedder.EclipseLogger - skip non existing resourceDirectory D:\java\eclipse\Jdbc\jdbcBasic\src\test\resources
2024-09-12 17:39:10,757 [Worker-59: Building] INFO  o.e.m.c.i.embedder.EclipseLogger - Using 'UTF-8' encoding to copy filtered resources.
2024-09-12 17:39:10,757 [Worker-59: Building] INFO  o.e.m.c.i.embedder.EclipseLogger - skip non existing resourceDirectory D:\java\eclipse\Jdbc\jdbcBasic\src\main\resources
2024-09-12 17:39:10,760 [Worker-59: Building] INFO  o.e.m.c.i.embedder.EclipseLogger - Using 'UTF-8' encoding to copy filtered resources.
2024-09-12 17:39:10,760 [Worker-59: Building] INFO  o.e.m.c.i.embedder.EclipseLogger - skip non existing resourceDirectory D:\java\eclipse\Jdbc\jdbcBasic\src\test\resources
2024-09-12 17:39:41,683 [Worker-59: Building] INFO  o.e.m.c.i.embedder.EclipseLogger - Using 'UTF-8' encoding to copy filtered resources.
2024-09-12 17:39:41,683 [Worker-59: Building] INFO  o.e.m.c.i.embedder.EclipseLogger - skip non existing resourceDirectory D:\java\eclipse\Jdbc\jdbcBasic\src\main\resources
2024-09-12 17:39:41,686 [Worker-59: Building] INFO  o.e.m.c.i.embedder.EclipseLogger - Using 'UTF-8' encoding to copy filtered resources.
2024-09-12 17:39:41,686 [Worker-59: Building] INFO  o.e.m.c.i.embedder.EclipseLogger - skip non existing resourceDirectory D:\java\eclipse\Jdbc\jdbcBasic\src\test\resources
2024-09-12 17:52:57,385 [Worker-67: Building] INFO  o.e.m.c.i.embedder.EclipseLogger - Using 'UTF-8' encoding to copy filtered resources.
2024-09-12 17:52:57,386 [Worker-67: Building] INFO  o.e.m.c.i.embedder.EclipseLogger - skip non existing resourceDirectory D:\java\eclipse\Jdbc\jdbcBasic\src\main\resources
2024-09-12 17:52:57,388 [Worker-67: Building] INFO  o.e.m.c.i.embedder.EclipseLogger - Using 'UTF-8' encoding to copy filtered resources.
2024-09-12 17:52:57,388 [Worker-67: Building] INFO  o.e.m.c.i.embedder.EclipseLogger - skip non existing resourceDirectory D:\java\eclipse\Jdbc\jdbcBasic\src\test\resources
2024-09-12 17:53:08,731 [Worker-68: Building] INFO  o.e.m.c.i.embedder.EclipseLogger - Using 'UTF-8' encoding to copy filtered resources.
2024-09-12 17:53:08,731 [Worker-68: Building] INFO  o.e.m.c.i.embedder.EclipseLogger - skip non existing resourceDirectory D:\java\eclipse\Jdbc\jdbcBasic\src\main\resources
2024-09-12 17:53:08,734 [Worker-68: Building] INFO  o.e.m.c.i.embedder.EclipseLogger - Using 'UTF-8' encoding to copy filtered resources.
2024-09-12 17:53:08,734 [Worker-68: Building] INFO  o.e.m.c.i.embedder.EclipseLogger - skip non existing resourceDirectory D:\java\eclipse\Jdbc\jdbcBasic\src\test\resources
2024-09-12 17:53:39,091 [Worker-63: Building] INFO  o.e.m.c.i.embedder.EclipseLogger - Using 'UTF-8' encoding to copy filtered resources.
2024-09-12 17:53:39,091 [Worker-63: Building] INFO  o.e.m.c.i.embedder.EclipseLogger - skip non existing resourceDirectory D:\java\eclipse\Jdbc\jdbcBasic\src\main\resources
2024-09-12 17:53:39,093 [Worker-63: Building] INFO  o.e.m.c.i.embedder.EclipseLogger - Using 'UTF-8' encoding to copy filtered resources.
2024-09-12 17:53:39,094 [Worker-63: Building] INFO  o.e.m.c.i.embedder.EclipseLogger - skip non existing resourceDirectory D:\java\eclipse\Jdbc\jdbcBasic\src\test\resources
2024-09-12 17:54:09,795 [Worker-67: Building] INFO  o.e.m.c.i.embedder.EclipseLogger - Using 'UTF-8' encoding to copy filtered resources.
2024-09-12 17:54:09,796 [Worker-67: Building] INFO  o.e.m.c.i.embedder.EclipseLogger - skip non existing resourceDirectory D:\java\eclipse\Jdbc\jdbcBasic\src\main\resources
2024-09-12 17:54:09,798 [Worker-67: Building] INFO  o.e.m.c.i.embedder.EclipseLogger - Using 'UTF-8' encoding to copy filtered resources.
2024-09-12 17:54:09,798 [Worker-67: Building] INFO  o.e.m.c.i.embedder.EclipseLogger - skip non existing resourceDirectory D:\java\eclipse\Jdbc\jdbcBasic\src\test\resources
2024-09-12 18:01:02,392 [Worker-70: Building] INFO  o.e.m.c.i.embedder.EclipseLogger - Using 'UTF-8' encoding to copy filtered resources.
2024-09-12 18:01:02,392 [Worker-70: Building] INFO  o.e.m.c.i.embedder.EclipseLogger - skip non existing resourceDirectory D:\java\eclipse\Jdbc\jdbcBasic\src\main\resources
2024-09-12 18:01:02,393 [Worker-70: Building] INFO  o.e.m.c.i.embedder.EclipseLogger - Using 'UTF-8' encoding to copy filtered resources.
2024-09-12 18:01:02,393 [Worker-70: Building] INFO  o.e.m.c.i.embedder.EclipseLogger - skip non existing resourceDirectory D:\java\eclipse\Jdbc\jdbcBasic\src\test\resources
2024-09-12 18:04:45,397 [Worker-68: Building] INFO  o.e.m.c.i.embedder.EclipseLogger - Using 'UTF-8' encoding to copy filtered resources.
2024-09-12 18:04:45,397 [Worker-68: Building] INFO  o.e.m.c.i.embedder.EclipseLogger - skip non existing resourceDirectory D:\java\eclipse\Jdbc\jdbcBasic\src\main\resources
2024-09-12 18:04:45,399 [Worker-68: Building] INFO  o.e.m.c.i.embedder.EclipseLogger - Using 'UTF-8' encoding to copy filtered resources.
2024-09-12 18:04:45,399 [Worker-68: Building] INFO  o.e.m.c.i.embedder.EclipseLogger - skip non existing resourceDirectory D:\java\eclipse\Jdbc\jdbcBasic\src\test\resources
2024-09-12 18:07:36,142 [Worker-68: Building] INFO  o.e.m.c.i.embedder.EclipseLogger - Using 'UTF-8' encoding to copy filtered resources.
2024-09-12 18:07:36,143 [Worker-68: Building] INFO  o.e.m.c.i.embedder.EclipseLogger - skip non existing resourceDirectory D:\java\eclipse\Jdbc\jdbcBasic\src\main\resources
2024-09-12 18:07:36,145 [Worker-68: Building] INFO  o.e.m.c.i.embedder.EclipseLogger - Using 'UTF-8' encoding to copy filtered resources.
2024-09-12 18:07:36,145 [Worker-68: Building] INFO  o.e.m.c.i.embedder.EclipseLogger - skip non existing resourceDirectory D:\java\eclipse\Jdbc\jdbcBasic\src\test\resources
2024-09-12 18:09:25,851 [Worker-73: Building] INFO  o.e.m.c.i.embedder.EclipseLogger - Using 'UTF-8' encoding to copy filtered resources.
2024-09-12 18:09:25,852 [Worker-73: Building] INFO  o.e.m.c.i.embedder.EclipseLogger - skip non existing resourceDirectory D:\java\eclipse\Jdbc\jdbcBasic\src\main\resources
2024-09-12 18:09:25,854 [Worker-73: Building] INFO  o.e.m.c.i.embedder.EclipseLogger - Using 'UTF-8' encoding to copy filtered resources.
2024-09-12 18:09:25,854 [Worker-73: Building] INFO  o.e.m.c.i.embedder.EclipseLogger - skip non existing resourceDirectory D:\java\eclipse\Jdbc\jdbcBasic\src\test\resources
2024-09-12 18:23:49,430 [Worker-81: Building] INFO  o.e.m.c.i.embedder.EclipseLogger - Using 'UTF-8' encoding to copy filtered resources.
2024-09-12 18:23:49,431 [Worker-81: Building] INFO  o.e.m.c.i.embedder.EclipseLogger - skip non existing resourceDirectory D:\java\eclipse\Jdbc\jdbcBasic\src\main\resources
2024-09-12 18:23:49,435 [Worker-81: Building] INFO  o.e.m.c.i.embedder.EclipseLogger - Using 'UTF-8' encoding to copy filtered resources.
2024-09-12 18:23:49,435 [Worker-81: Building] INFO  o.e.m.c.i.embedder.EclipseLogger - skip non existing resourceDirectory D:\java\eclipse\Jdbc\jdbcBasic\src\test\resources
2024-09-12 18:26:50,153 [Worker-76: Building] INFO  o.e.m.c.i.embedder.EclipseLogger - Using 'UTF-8' encoding to copy filtered resources.
2024-09-12 18:26:50,153 [Worker-76: Building] INFO  o.e.m.c.i.embedder.EclipseLogger - skip non existing resourceDirectory D:\java\eclipse\Jdbc\jdbcBasic\src\main\resources
2024-09-12 18:26:50,157 [Worker-76: Building] INFO  o.e.m.c.i.embedder.EclipseLogger - Using 'UTF-8' encoding to copy filtered resources.
2024-09-12 18:26:50,157 [Worker-76: Building] INFO  o.e.m.c.i.embedder.EclipseLogger - skip non existing resourceDirectory D:\java\eclipse\Jdbc\jdbcBasic\src\test\resources
2024-09-12 18:33:37,793 [Worker-86: Building] INFO  o.e.m.c.i.embedder.EclipseLogger - Using 'UTF-8' encoding to copy filtered resources.
2024-09-12 18:33:37,795 [Worker-86: Building] INFO  o.e.m.c.i.embedder.EclipseLogger - skip non existing resourceDirectory D:\java\eclipse\Jdbc\jdbcBasic\src\main\resources
2024-09-12 18:33:37,812 [Worker-86: Building] INFO  o.e.m.c.i.embedder.EclipseLogger - Using 'UTF-8' encoding to copy filtered resources.
2024-09-12 18:33:37,813 [Worker-86: Building] INFO  o.e.m.c.i.embedder.EclipseLogger - skip non existing resourceDirectory D:\java\eclipse\Jdbc\jdbcBasic\src\test\resources
2024-09-12 18:34:23,685 [Worker-87: Building] INFO  o.e.m.c.i.embedder.EclipseLogger - Using 'UTF-8' encoding to copy filtered resources.
2024-09-12 18:34:23,685 [Worker-87: Building] INFO  o.e.m.c.i.embedder.EclipseLogger - skip non existing resourceDirectory D:\java\eclipse\Jdbc\jdbcBasic\src\main\resources
2024-09-12 18:34:23,688 [Worker-87: Building] INFO  o.e.m.c.i.embedder.EclipseLogger - Using 'UTF-8' encoding to copy filtered resources.
2024-09-12 18:34:23,688 [Worker-87: Building] INFO  o.e.m.c.i.embedder.EclipseLogger - skip non existing resourceDirectory D:\java\eclipse\Jdbc\jdbcBasic\src\test\resources
2024-09-12 18:36:41,129 [Worker-88: Building] INFO  o.e.m.c.i.embedder.EclipseLogger - Using 'UTF-8' encoding to copy filtered resources.
2024-09-12 18:36:41,129 [Worker-88: Building] INFO  o.e.m.c.i.embedder.EclipseLogger - skip non existing resourceDirectory D:\java\eclipse\Jdbc\jdbcBasic\src\main\resources
2024-09-12 18:36:41,132 [Worker-88: Building] INFO  o.e.m.c.i.embedder.EclipseLogger - Using 'UTF-8' encoding to copy filtered resources.
2024-09-12 18:36:41,133 [Worker-88: Building] INFO  o.e.m.c.i.embedder.EclipseLogger - skip non existing resourceDirectory D:\java\eclipse\Jdbc\jdbcBasic\src\test\resources
2024-09-12 18:37:13,678 [Worker-86: Building] INFO  o.e.m.c.i.embedder.EclipseLogger - Using 'UTF-8' encoding to copy filtered resources.
2024-09-12 18:37:13,678 [Worker-86: Building] INFO  o.e.m.c.i.embedder.EclipseLogger - skip non existing resourceDirectory D:\java\eclipse\Jdbc\jdbcBasic\src\main\resources
2024-09-12 18:37:13,681 [Worker-86: Building] INFO  o.e.m.c.i.embedder.EclipseLogger - Using 'UTF-8' encoding to copy filtered resources.
2024-09-12 18:37:13,681 [Worker-86: Building] INFO  o.e.m.c.i.embedder.EclipseLogger - skip non existing resourceDirectory D:\java\eclipse\Jdbc\jdbcBasic\src\test\resources
2024-09-12 18:37:51,661 [Worker-76: Building] INFO  o.e.m.c.i.embedder.EclipseLogger - Using 'UTF-8' encoding to copy filtered resources.
2024-09-12 18:37:51,661 [Worker-76: Building] INFO  o.e.m.c.i.embedder.EclipseLogger - skip non existing resourceDirectory D:\java\eclipse\Jdbc\jdbcBasic\src\main\resources
2024-09-12 18:37:51,665 [Worker-76: Building] INFO  o.e.m.c.i.embedder.EclipseLogger - Using 'UTF-8' encoding to copy filtered resources.
2024-09-12 18:37:51,665 [Worker-76: Building] INFO  o.e.m.c.i.embedder.EclipseLogger - skip non existing resourceDirectory D:\java\eclipse\Jdbc\jdbcBasic\src\test\resources
2024-09-12 18:39:11,571 [Worker-76: Building] INFO  o.e.m.c.i.embedder.EclipseLogger - Using 'UTF-8' encoding to copy filtered resources.
2024-09-12 18:39:11,571 [Worker-76: Building] INFO  o.e.m.c.i.embedder.EclipseLogger - skip non existing resourceDirectory D:\java\eclipse\Jdbc\jdbcBasic\src\main\resources
2024-09-12 18:39:11,573 [Worker-76: Building] INFO  o.e.m.c.i.embedder.EclipseLogger - Using 'UTF-8' encoding to copy filtered resources.
2024-09-12 18:39:11,573 [Worker-76: Building] INFO  o.e.m.c.i.embedder.EclipseLogger - skip non existing resourceDirectory D:\java\eclipse\Jdbc\jdbcBasic\src\test\resources
2024-09-12 18:48:01,781 [Worker-88: Building] INFO  o.e.m.c.i.embedder.EclipseLogger - Using 'UTF-8' encoding to copy filtered resources.
2024-09-12 18:48:01,782 [Worker-88: Building] INFO  o.e.m.c.i.embedder.EclipseLogger - skip non existing resourceDirectory D:\java\eclipse\Jdbc\jdbcBasic\src\main\resources
2024-09-12 18:48:01,785 [Worker-88: Building] INFO  o.e.m.c.i.embedder.EclipseLogger - Using 'UTF-8' encoding to copy filtered resources.
2024-09-12 18:48:01,785 [Worker-88: Building] INFO  o.e.m.c.i.embedder.EclipseLogger - skip non existing resourceDirectory D:\java\eclipse\Jdbc\jdbcBasic\src\test\resources
2024-09-12 18:48:14,540 [Worker-91: Building] INFO  o.e.m.c.i.embedder.EclipseLogger - Using 'UTF-8' encoding to copy filtered resources.
2024-09-12 18:48:14,540 [Worker-91: Building] INFO  o.e.m.c.i.embedder.EclipseLogger - skip non existing resourceDirectory D:\java\eclipse\Jdbc\jdbcBasic\src\main\resources
2024-09-12 18:48:14,543 [Worker-91: Building] INFO  o.e.m.c.i.embedder.EclipseLogger - Using 'UTF-8' encoding to copy filtered resources.
2024-09-12 18:48:14,543 [Worker-91: Building] INFO  o.e.m.c.i.embedder.EclipseLogger - skip non existing resourceDirectory D:\java\eclipse\Jdbc\jdbcBasic\src\test\resources
2024-09-12 18:49:19,013 [Worker-88: Building] INFO  o.e.m.c.i.embedder.EclipseLogger - Using 'UTF-8' encoding to copy filtered resources.
2024-09-12 18:49:19,014 [Worker-88: Building] INFO  o.e.m.c.i.embedder.EclipseLogger - skip non existing resourceDirectory D:\java\eclipse\Jdbc\jdbcBasic\src\main\resources
2024-09-12 18:49:19,016 [Worker-88: Building] INFO  o.e.m.c.i.embedder.EclipseLogger - Using 'UTF-8' encoding to copy filtered resources.
2024-09-12 18:49:19,017 [Worker-88: Building] INFO  o.e.m.c.i.embedder.EclipseLogger - skip non existing resourceDirectory D:\java\eclipse\Jdbc\jdbcBasic\src\test\resources
2024-09-12 18:49:31,265 [Worker-93: Building] INFO  o.e.m.c.i.embedder.EclipseLogger - Using 'UTF-8' encoding to copy filtered resources.
2024-09-12 18:49:31,265 [Worker-93: Building] INFO  o.e.m.c.i.embedder.EclipseLogger - skip non existing resourceDirectory D:\java\eclipse\Jdbc\jdbcBasic\src\main\resources
2024-09-12 18:49:31,268 [Worker-93: Building] INFO  o.e.m.c.i.embedder.EclipseLogger - Using 'UTF-8' encoding to copy filtered resources.
2024-09-12 18:49:31,268 [Worker-93: Building] INFO  o.e.m.c.i.embedder.EclipseLogger - skip non existing resourceDirectory D:\java\eclipse\Jdbc\jdbcBasic\src\test\resources
2024-09-12 18:49:53,340 [Worker-93: Building] INFO  o.e.m.c.i.embedder.EclipseLogger - Using 'UTF-8' encoding to copy filtered resources.
2024-09-12 18:49:53,340 [Worker-93: Building] INFO  o.e.m.c.i.embedder.EclipseLogger - skip non existing resourceDirectory D:\java\eclipse\Jdbc\jdbcBasic\src\main\resources
2024-09-12 18:49:53,343 [Worker-93: Building] INFO  o.e.m.c.i.embedder.EclipseLogger - Using 'UTF-8' encoding to copy filtered resources.
2024-09-12 18:49:53,343 [Worker-93: Building] INFO  o.e.m.c.i.embedder.EclipseLogger - skip non existing resourceDirectory D:\java\eclipse\Jdbc\jdbcBasic\src\test\resources
2024-09-12 18:50:00,686 [Worker-94: Building] INFO  o.e.m.c.i.embedder.EclipseLogger - Using 'UTF-8' encoding to copy filtered resources.
2024-09-12 18:50:00,686 [Worker-94: Building] INFO  o.e.m.c.i.embedder.EclipseLogger - skip non existing resourceDirectory D:\java\eclipse\Jdbc\jdbcBasic\src\main\resources
2024-09-12 18:50:00,689 [Worker-94: Building] INFO  o.e.m.c.i.embedder.EclipseLogger - Using 'UTF-8' encoding to copy filtered resources.
2024-09-12 18:50:00,689 [Worker-94: Building] INFO  o.e.m.c.i.embedder.EclipseLogger - skip non existing resourceDirectory D:\java\eclipse\Jdbc\jdbcBasic\src\test\resources
2024-11-27 20:30:18,221 [Worker-5: Loading available Gradle versions] INFO  o.e.b.c.i.u.g.PublishedGradleVersions - Gradle version information cache is up-to-date. Trying to read.
2024-11-27 20:37:35,851 [Worker-10: https://download.eclipse.org/releases/2024-06/202406121000/artifacts.xml.xz] INFO  o.a.h.c.h.i.c.HttpRequestRetryExec - Recoverable I/O exception (java.net.SocketException) caught when processing request to {s}->https://download.eclipse.org:443
2025-01-06 19:07:52,112 [Worker-3: Loading available Gradle versions] INFO  o.e.b.c.i.u.g.PublishedGradleVersions - Gradle version information cache is out-of-date. Trying to update.
2025-01-06 19:10:58,393 [Worker-15: Building] INFO  o.e.m.c.i.l.LifecycleMappingFactory - Using org.eclipse.m2e.jdt.JarLifecycleMapping lifecycle mapping for MavenProject: jdbc1:jdbc1:0.0.1-SNAPSHOT @ D:\java\eclipse\Jdbc\jdbc1\pom.xml.
2025-01-06 19:11:00,435 [Worker-16: Updating Maven Dependencies] INFO  o.e.m.c.i.l.LifecycleMappingFactory - Using org.eclipse.m2e.jdt.JarLifecycleMapping lifecycle mapping for MavenProject: jdbc1:jdbc1:0.0.1-SNAPSHOT @ D:\java\eclipse\Jdbc\jdbc1\pom.xml.
2025-01-06 19:11:01,301 [Worker-15: Building] INFO  o.e.m.c.i.embedder.EclipseLogger - Using 'UTF-8' encoding to copy filtered resources.
2025-01-06 19:11:01,302 [Worker-15: Building] INFO  o.e.m.c.i.embedder.EclipseLogger - skip non existing resourceDirectory D:\java\eclipse\Jdbc\jdbcBasic\src\main\resources
2025-01-06 19:11:01,305 [Worker-15: Building] INFO  o.e.m.c.i.embedder.EclipseLogger - Using 'UTF-8' encoding to copy filtered resources.
2025-01-06 19:11:01,306 [Worker-15: Building] INFO  o.e.m.c.i.embedder.EclipseLogger - skip non existing resourceDirectory D:\java\eclipse\Jdbc\jdbcBasic\src\test\resources
2025-01-06 19:13:42,260 [Worker-15: Updating Maven Dependencies] INFO  o.e.m.c.i.l.LifecycleMappingFactory - Using org.eclipse.m2e.jdt.JarLifecycleMapping lifecycle mapping for MavenProject: jdbc2:jdbc2:0.0.1-SNAPSHOT @ D:\java\eclipse\Jdbc\jdbc2\pom.xml.
2025-01-06 19:13:47,142 [Worker-16: Updating Maven Dependencies] ERROR o.e.m.j.i.l.MavenLaunchConfigurationListener - Launch configuration App references closed project jdbc1
org.eclipse.core.runtime.CoreException: Launch configuration App references closed project jdbc1
	at org.eclipse.jdt.launching.JavaRuntime.abort(JavaRuntime.java:1867)
	at org.eclipse.jdt.launching.JavaRuntime.getJavaProject(JavaRuntime.java:1741)
	at org.eclipse.m2e.jdt.internal.launch.MavenLaunchConfigurationListener.updateLaunchConfiguration(MavenLaunchConfigurationListener.java:64)
	at org.eclipse.m2e.jdt.internal.launch.MavenLaunchConfigurationListener.launchConfigurationChanged(MavenLaunchConfigurationListener.java:50)
	at org.eclipse.debug.internal.core.LaunchManager$ConfigurationNotifier.run(LaunchManager.java:220)
	at org.eclipse.core.runtime.SafeRunner.run(SafeRunner.java:47)
	at org.eclipse.debug.internal.core.LaunchManager$ConfigurationNotifier.notify(LaunchManager.java:204)
	at org.eclipse.debug.internal.core.LaunchConfigurationWorkingCopy.setDirty(LaunchConfigurationWorkingCopy.java:527)
	at org.eclipse.debug.internal.core.LaunchConfigurationWorkingCopy.setAttribute(LaunchConfigurationWorkingCopy.java:415)
	at org.eclipse.m2e.jdt.internal.launch.MavenRuntimeClasspathProvider.disable(MavenRuntimeClasspathProvider.java:409)
	at org.eclipse.m2e.jdt.internal.launch.MavenRuntimeClasspathProvider.disable(MavenRuntimeClasspathProvider.java:435)
	at org.eclipse.m2e.jdt.internal.launch.MavenLaunchConfigurationListener.mavenProjectChanged(MavenLaunchConfigurationListener.java:135)
	at org.eclipse.m2e.core.internal.project.registry.ProjectRegistryManager.notifyProjectChangeListeners(ProjectRegistryManager.java:892)
	at org.eclipse.m2e.core.internal.project.registry.ProjectRegistryManager.applyMutableProjectRegistry(ProjectRegistryManager.java:1042)
	at org.eclipse.m2e.core.internal.project.registry.ProjectRegistryRefreshJob.lambda$0(ProjectRegistryRefreshJob.java:162)
	at org.eclipse.m2e.core.internal.embedder.MavenExecutionContext.executeBare(MavenExecutionContext.java:458)
	at org.eclipse.m2e.core.internal.embedder.MavenExecutionContext.execute(MavenExecutionContext.java:339)
	at org.eclipse.m2e.core.internal.embedder.MavenExecutionContext.execute(MavenExecutionContext.java:278)
	at org.eclipse.m2e.core.internal.project.registry.ProjectRegistryRefreshJob.run(ProjectRegistryRefreshJob.java:106)
	at org.eclipse.core.internal.jobs.Worker.run(Worker.java:63)
2025-01-06 19:13:47,151 [Worker-16: Updating Maven Dependencies] ERROR o.e.m.j.i.l.MavenLaunchConfigurationListener - Launch configuration App references closed project jdbc1
org.eclipse.core.runtime.CoreException: Launch configuration App references closed project jdbc1
	at org.eclipse.jdt.launching.JavaRuntime.abort(JavaRuntime.java:1867)
	at org.eclipse.jdt.launching.JavaRuntime.getJavaProject(JavaRuntime.java:1741)
	at org.eclipse.m2e.jdt.internal.launch.MavenLaunchConfigurationListener.updateLaunchConfiguration(MavenLaunchConfigurationListener.java:64)
	at org.eclipse.m2e.jdt.internal.launch.MavenLaunchConfigurationListener.launchConfigurationChanged(MavenLaunchConfigurationListener.java:50)
	at org.eclipse.debug.internal.core.LaunchManager$ConfigurationNotifier.run(LaunchManager.java:220)
	at org.eclipse.core.runtime.SafeRunner.run(SafeRunner.java:47)
	at org.eclipse.debug.internal.core.LaunchManager$ConfigurationNotifier.notify(LaunchManager.java:204)
	at org.eclipse.debug.internal.core.LaunchConfigurationWorkingCopy.setDirty(LaunchConfigurationWorkingCopy.java:527)
	at org.eclipse.debug.internal.core.LaunchConfigurationWorkingCopy.setAttribute(LaunchConfigurationWorkingCopy.java:415)
	at org.eclipse.m2e.jdt.internal.launch.MavenRuntimeClasspathProvider.disable(MavenRuntimeClasspathProvider.java:410)
	at org.eclipse.m2e.jdt.internal.launch.MavenRuntimeClasspathProvider.disable(MavenRuntimeClasspathProvider.java:435)
	at org.eclipse.m2e.jdt.internal.launch.MavenLaunchConfigurationListener.mavenProjectChanged(MavenLaunchConfigurationListener.java:135)
	at org.eclipse.m2e.core.internal.project.registry.ProjectRegistryManager.notifyProjectChangeListeners(ProjectRegistryManager.java:892)
	at org.eclipse.m2e.core.internal.project.registry.ProjectRegistryManager.applyMutableProjectRegistry(ProjectRegistryManager.java:1042)
	at org.eclipse.m2e.core.internal.project.registry.ProjectRegistryRefreshJob.lambda$0(ProjectRegistryRefreshJob.java:162)
	at org.eclipse.m2e.core.internal.embedder.MavenExecutionContext.executeBare(MavenExecutionContext.java:458)
	at org.eclipse.m2e.core.internal.embedder.MavenExecutionContext.execute(MavenExecutionContext.java:339)
	at org.eclipse.m2e.core.internal.embedder.MavenExecutionContext.execute(MavenExecutionContext.java:278)
	at org.eclipse.m2e.core.internal.project.registry.ProjectRegistryRefreshJob.run(ProjectRegistryRefreshJob.java:106)
	at org.eclipse.core.internal.jobs.Worker.run(Worker.java:63)
2025-01-06 19:13:47,298 [Worker-16: Updating Maven Dependencies] ERROR o.e.m.j.i.l.MavenLaunchConfigurationListener - Launch configuration App references closed project jdbc1
org.eclipse.core.runtime.CoreException: Launch configuration App references closed project jdbc1
	at org.eclipse.jdt.launching.JavaRuntime.abort(JavaRuntime.java:1867)
	at org.eclipse.jdt.launching.JavaRuntime.getJavaProject(JavaRuntime.java:1741)
	at org.eclipse.m2e.jdt.internal.launch.MavenLaunchConfigurationListener.updateLaunchConfiguration(MavenLaunchConfigurationListener.java:64)
	at org.eclipse.m2e.jdt.internal.launch.MavenLaunchConfigurationListener.launchConfigurationChanged(MavenLaunchConfigurationListener.java:50)
	at org.eclipse.debug.internal.core.LaunchManager$ConfigurationNotifier.run(LaunchManager.java:220)
	at org.eclipse.core.runtime.SafeRunner.run(SafeRunner.java:47)
	at org.eclipse.debug.internal.core.LaunchManager$ConfigurationNotifier.notify(LaunchManager.java:204)
	at org.eclipse.debug.internal.core.LaunchManager.launchConfigurationChanged(LaunchManager.java:2010)
	at org.eclipse.debug.internal.core.LaunchConfigurationWorkingCopy.writeNewFile(LaunchConfigurationWorkingCopy.java:380)
	at org.eclipse.debug.internal.core.LaunchConfigurationWorkingCopy.doSave0(LaunchConfigurationWorkingCopy.java:259)
	at org.eclipse.debug.internal.core.LaunchConfigurationWorkingCopy.doSave(LaunchConfigurationWorkingCopy.java:229)
	at org.eclipse.debug.internal.core.LaunchConfigurationWorkingCopy.doSave(LaunchConfigurationWorkingCopy.java:187)
	at org.eclipse.m2e.jdt.internal.launch.MavenRuntimeClasspathProvider.disable(MavenRuntimeClasspathProvider.java:411)
	at org.eclipse.m2e.jdt.internal.launch.MavenRuntimeClasspathProvider.disable(MavenRuntimeClasspathProvider.java:435)
	at org.eclipse.m2e.jdt.internal.launch.MavenLaunchConfigurationListener.mavenProjectChanged(MavenLaunchConfigurationListener.java:135)
	at org.eclipse.m2e.core.internal.project.registry.ProjectRegistryManager.notifyProjectChangeListeners(ProjectRegistryManager.java:892)
	at org.eclipse.m2e.core.internal.project.registry.ProjectRegistryManager.applyMutableProjectRegistry(ProjectRegistryManager.java:1042)
	at org.eclipse.m2e.core.internal.project.registry.ProjectRegistryRefreshJob.lambda$0(ProjectRegistryRefreshJob.java:162)
	at org.eclipse.m2e.core.internal.embedder.MavenExecutionContext.executeBare(MavenExecutionContext.java:458)
	at org.eclipse.m2e.core.internal.embedder.MavenExecutionContext.execute(MavenExecutionContext.java:339)
	at org.eclipse.m2e.core.internal.embedder.MavenExecutionContext.execute(MavenExecutionContext.java:278)
	at org.eclipse.m2e.core.internal.project.registry.ProjectRegistryRefreshJob.run(ProjectRegistryRefreshJob.java:106)
	at org.eclipse.core.internal.jobs.Worker.run(Worker.java:63)
2025-01-06 19:15:44,124 [Worker-17: Launching mavenrun-50fce744-097d-4394-8dd9-bb143ad8fe5a] INFO  o.eclipse.m2e.core.internal.Bundles - getClasspathEntries(Bundle=org.eclipse.m2e.maven.runtime_3.9.700.20240602-2313 [644])
2025-01-06 19:15:44,128 [Worker-17: Launching mavenrun-50fce744-097d-4394-8dd9-bb143ad8fe5a] INFO  o.eclipse.m2e.core.internal.Bundles - 	Entry: C:\Users\LENOVO\.p2\pool\plugins\org.eclipse.m2e.maven.runtime_3.9.700.20240602-2313
2025-01-06 19:15:44,128 [Worker-17: Launching mavenrun-50fce744-097d-4394-8dd9-bb143ad8fe5a] INFO  o.eclipse.m2e.core.internal.Bundles - 	Entry: C:\Users\LENOVO\.p2\pool\plugins\org.eclipse.m2e.maven.runtime_3.9.700.20240602-2313\jars\aopalliance-1.0.jar
2025-01-06 19:15:44,128 [Worker-17: Launching mavenrun-50fce744-097d-4394-8dd9-bb143ad8fe5a] INFO  o.eclipse.m2e.core.internal.Bundles - 	Entry: C:\Users\LENOVO\.p2\pool\plugins\org.eclipse.m2e.maven.runtime_3.9.700.20240602-2313\jars\guice-5.1.0.jar
2025-01-06 19:15:44,128 [Worker-17: Launching mavenrun-50fce744-097d-4394-8dd9-bb143ad8fe5a] INFO  o.eclipse.m2e.core.internal.Bundles - 	Entry: C:\Users\LENOVO\.p2\pool\plugins\org.eclipse.m2e.maven.runtime_3.9.700.20240602-2313\jars\httpclient-4.5.14.jar
2025-01-06 19:15:44,129 [Worker-17: Launching mavenrun-50fce744-097d-4394-8dd9-bb143ad8fe5a] INFO  o.eclipse.m2e.core.internal.Bundles - 	Entry: C:\Users\LENOVO\.p2\pool\plugins\org.eclipse.m2e.maven.runtime_3.9.700.20240602-2313\jars\httpcore-4.4.16.jar
2025-01-06 19:15:44,129 [Worker-17: Launching mavenrun-50fce744-097d-4394-8dd9-bb143ad8fe5a] INFO  o.eclipse.m2e.core.internal.Bundles - 	Entry: C:\Users\LENOVO\.p2\pool\plugins\org.eclipse.m2e.maven.runtime_3.9.700.20240602-2313\jars\jansi-2.4.1.jar
2025-01-06 19:15:44,129 [Worker-17: Launching mavenrun-50fce744-097d-4394-8dd9-bb143ad8fe5a] INFO  o.eclipse.m2e.core.internal.Bundles - 	Entry: C:\Users\LENOVO\.p2\pool\plugins\org.eclipse.m2e.maven.runtime_3.9.700.20240602-2313\jars\jcl-over-slf4j-1.7.36.jar
2025-01-06 19:15:44,129 [Worker-17: Launching mavenrun-50fce744-097d-4394-8dd9-bb143ad8fe5a] INFO  o.eclipse.m2e.core.internal.Bundles - 	Entry: C:\Users\LENOVO\.p2\pool\plugins\org.eclipse.m2e.maven.runtime_3.9.700.20240602-2313\jars\maven-artifact-3.9.7.jar
2025-01-06 19:15:44,129 [Worker-17: Launching mavenrun-50fce744-097d-4394-8dd9-bb143ad8fe5a] INFO  o.eclipse.m2e.core.internal.Bundles - 	Entry: C:\Users\LENOVO\.p2\pool\plugins\org.eclipse.m2e.maven.runtime_3.9.700.20240602-2313\jars\maven-builder-support-3.9.7.jar
2025-01-06 19:15:44,130 [Worker-17: Launching mavenrun-50fce744-097d-4394-8dd9-bb143ad8fe5a] INFO  o.eclipse.m2e.core.internal.Bundles - 	Entry: C:\Users\LENOVO\.p2\pool\plugins\org.eclipse.m2e.maven.runtime_3.9.700.20240602-2313\jars\maven-compat-3.9.7.jar
2025-01-06 19:15:44,130 [Worker-17: Launching mavenrun-50fce744-097d-4394-8dd9-bb143ad8fe5a] INFO  o.eclipse.m2e.core.internal.Bundles - 	Entry: C:\Users\LENOVO\.p2\pool\plugins\org.eclipse.m2e.maven.runtime_3.9.700.20240602-2313\jars\maven-core-3.9.7.jar
2025-01-06 19:15:44,130 [Worker-17: Launching mavenrun-50fce744-097d-4394-8dd9-bb143ad8fe5a] INFO  o.eclipse.m2e.core.internal.Bundles - 	Entry: C:\Users\LENOVO\.p2\pool\plugins\org.eclipse.m2e.maven.runtime_3.9.700.20240602-2313\jars\maven-embedder-3.9.7.jar
2025-01-06 19:15:44,130 [Worker-17: Launching mavenrun-50fce744-097d-4394-8dd9-bb143ad8fe5a] INFO  o.eclipse.m2e.core.internal.Bundles - 	Entry: C:\Users\LENOVO\.p2\pool\plugins\org.eclipse.m2e.maven.runtime_3.9.700.20240602-2313\jars\maven-model-3.9.7.jar
2025-01-06 19:15:44,130 [Worker-17: Launching mavenrun-50fce744-097d-4394-8dd9-bb143ad8fe5a] INFO  o.eclipse.m2e.core.internal.Bundles - 	Entry: C:\Users\LENOVO\.p2\pool\plugins\org.eclipse.m2e.maven.runtime_3.9.700.20240602-2313\jars\maven-model-builder-3.9.7.jar
2025-01-06 19:15:44,131 [Worker-17: Launching mavenrun-50fce744-097d-4394-8dd9-bb143ad8fe5a] INFO  o.eclipse.m2e.core.internal.Bundles - 	Entry: C:\Users\LENOVO\.p2\pool\plugins\org.eclipse.m2e.maven.runtime_3.9.700.20240602-2313\jars\maven-plugin-api-3.9.7.jar
2025-01-06 19:15:44,131 [Worker-17: Launching mavenrun-50fce744-097d-4394-8dd9-bb143ad8fe5a] INFO  o.eclipse.m2e.core.internal.Bundles - 	Entry: C:\Users\LENOVO\.p2\pool\plugins\org.eclipse.m2e.maven.runtime_3.9.700.20240602-2313\jars\maven-repository-metadata-3.9.7.jar
2025-01-06 19:15:44,131 [Worker-17: Launching mavenrun-50fce744-097d-4394-8dd9-bb143ad8fe5a] INFO  o.eclipse.m2e.core.internal.Bundles - 	Entry: C:\Users\LENOVO\.p2\pool\plugins\org.eclipse.m2e.maven.runtime_3.9.700.20240602-2313\jars\maven-resolver-api-1.9.20.jar
2025-01-06 19:15:44,131 [Worker-17: Launching mavenrun-50fce744-097d-4394-8dd9-bb143ad8fe5a] INFO  o.eclipse.m2e.core.internal.Bundles - 	Entry: C:\Users\LENOVO\.p2\pool\plugins\org.eclipse.m2e.maven.runtime_3.9.700.20240602-2313\jars\maven-resolver-connector-basic-1.9.20.jar
2025-01-06 19:15:44,132 [Worker-17: Launching mavenrun-50fce744-097d-4394-8dd9-bb143ad8fe5a] INFO  o.eclipse.m2e.core.internal.Bundles - 	Entry: C:\Users\LENOVO\.p2\pool\plugins\org.eclipse.m2e.maven.runtime_3.9.700.20240602-2313\jars\maven-resolver-impl-1.9.20.jar
2025-01-06 19:15:44,132 [Worker-17: Launching mavenrun-50fce744-097d-4394-8dd9-bb143ad8fe5a] INFO  o.eclipse.m2e.core.internal.Bundles - 	Entry: C:\Users\LENOVO\.p2\pool\plugins\org.eclipse.m2e.maven.runtime_3.9.700.20240602-2313\jars\maven-resolver-named-locks-1.9.20.jar
2025-01-06 19:15:44,132 [Worker-17: Launching mavenrun-50fce744-097d-4394-8dd9-bb143ad8fe5a] INFO  o.eclipse.m2e.core.internal.Bundles - 	Entry: C:\Users\LENOVO\.p2\pool\plugins\org.eclipse.m2e.maven.runtime_3.9.700.20240602-2313\jars\maven-resolver-provider-3.9.7.jar
2025-01-06 19:15:44,132 [Worker-17: Launching mavenrun-50fce744-097d-4394-8dd9-bb143ad8fe5a] INFO  o.eclipse.m2e.core.internal.Bundles - 	Entry: C:\Users\LENOVO\.p2\pool\plugins\org.eclipse.m2e.maven.runtime_3.9.700.20240602-2313\jars\maven-resolver-spi-1.9.20.jar
2025-01-06 19:15:44,132 [Worker-17: Launching mavenrun-50fce744-097d-4394-8dd9-bb143ad8fe5a] INFO  o.eclipse.m2e.core.internal.Bundles - 	Entry: C:\Users\LENOVO\.p2\pool\plugins\org.eclipse.m2e.maven.runtime_3.9.700.20240602-2313\jars\maven-resolver-transport-file-1.9.20.jar
2025-01-06 19:15:44,132 [Worker-17: Launching mavenrun-50fce744-097d-4394-8dd9-bb143ad8fe5a] INFO  o.eclipse.m2e.core.internal.Bundles - 	Entry: C:\Users\LENOVO\.p2\pool\plugins\org.eclipse.m2e.maven.runtime_3.9.700.20240602-2313\jars\maven-resolver-transport-http-1.9.20.jar
2025-01-06 19:15:44,133 [Worker-17: Launching mavenrun-50fce744-097d-4394-8dd9-bb143ad8fe5a] INFO  o.eclipse.m2e.core.internal.Bundles - 	Entry: C:\Users\LENOVO\.p2\pool\plugins\org.eclipse.m2e.maven.runtime_3.9.700.20240602-2313\jars\maven-resolver-transport-wagon-1.9.20.jar
2025-01-06 19:15:44,133 [Worker-17: Launching mavenrun-50fce744-097d-4394-8dd9-bb143ad8fe5a] INFO  o.eclipse.m2e.core.internal.Bundles - 	Entry: C:\Users\LENOVO\.p2\pool\plugins\org.eclipse.m2e.maven.runtime_3.9.700.20240602-2313\jars\maven-resolver-util-1.9.20.jar
2025-01-06 19:15:44,133 [Worker-17: Launching mavenrun-50fce744-097d-4394-8dd9-bb143ad8fe5a] INFO  o.eclipse.m2e.core.internal.Bundles - 	Entry: C:\Users\LENOVO\.p2\pool\plugins\org.eclipse.m2e.maven.runtime_3.9.700.20240602-2313\jars\maven-settings-3.9.7.jar
2025-01-06 19:15:44,133 [Worker-17: Launching mavenrun-50fce744-097d-4394-8dd9-bb143ad8fe5a] INFO  o.eclipse.m2e.core.internal.Bundles - 	Entry: C:\Users\LENOVO\.p2\pool\plugins\org.eclipse.m2e.maven.runtime_3.9.700.20240602-2313\jars\maven-settings-builder-3.9.7.jar
2025-01-06 19:15:44,133 [Worker-17: Launching mavenrun-50fce744-097d-4394-8dd9-bb143ad8fe5a] INFO  o.eclipse.m2e.core.internal.Bundles - 	Entry: C:\Users\LENOVO\.p2\pool\plugins\org.eclipse.m2e.maven.runtime_3.9.700.20240602-2313\jars\maven-shared-utils-3.4.2.jar
2025-01-06 19:15:44,134 [Worker-17: Launching mavenrun-50fce744-097d-4394-8dd9-bb143ad8fe5a] INFO  o.eclipse.m2e.core.internal.Bundles - 	Entry: C:\Users\LENOVO\.p2\pool\plugins\org.eclipse.m2e.maven.runtime_3.9.700.20240602-2313\jars\org.eclipse.sisu.inject-0.9.0.M2.jar
2025-01-06 19:15:44,134 [Worker-17: Launching mavenrun-50fce744-097d-4394-8dd9-bb143ad8fe5a] INFO  o.eclipse.m2e.core.internal.Bundles - 	Entry: C:\Users\LENOVO\.p2\pool\plugins\org.eclipse.m2e.maven.runtime_3.9.700.20240602-2313\jars\org.eclipse.sisu.plexus-0.9.0.M2.jar
2025-01-06 19:15:44,134 [Worker-17: Launching mavenrun-50fce744-097d-4394-8dd9-bb143ad8fe5a] INFO  o.eclipse.m2e.core.internal.Bundles - 	Entry: C:\Users\LENOVO\.p2\pool\plugins\org.eclipse.m2e.maven.runtime_3.9.700.20240602-2313\jars\plexus-build-api-0.0.7.jar
2025-01-06 19:15:44,134 [Worker-17: Launching mavenrun-50fce744-097d-4394-8dd9-bb143ad8fe5a] INFO  o.eclipse.m2e.core.internal.Bundles - 	Entry: C:\Users\LENOVO\.p2\pool\plugins\org.eclipse.m2e.maven.runtime_3.9.700.20240602-2313\jars\plexus-build-api-1.2.0.jar
2025-01-06 19:15:44,134 [Worker-17: Launching mavenrun-50fce744-097d-4394-8dd9-bb143ad8fe5a] INFO  o.eclipse.m2e.core.internal.Bundles - 	Entry: C:\Users\LENOVO\.p2\pool\plugins\org.eclipse.m2e.maven.runtime_3.9.700.20240602-2313\jars\plexus-cipher-2.0.jar
2025-01-06 19:15:44,135 [Worker-17: Launching mavenrun-50fce744-097d-4394-8dd9-bb143ad8fe5a] INFO  o.eclipse.m2e.core.internal.Bundles - 	Entry: C:\Users\LENOVO\.p2\pool\plugins\org.eclipse.m2e.maven.runtime_3.9.700.20240602-2313\jars\plexus-classworlds-2.8.0.jar
2025-01-06 19:15:44,135 [Worker-17: Launching mavenrun-50fce744-097d-4394-8dd9-bb143ad8fe5a] INFO  o.eclipse.m2e.core.internal.Bundles - 	Entry: C:\Users\LENOVO\.p2\pool\plugins\org.eclipse.m2e.maven.runtime_3.9.700.20240602-2313\jars\plexus-component-annotations-2.1.0.jar
2025-01-06 19:15:44,135 [Worker-17: Launching mavenrun-50fce744-097d-4394-8dd9-bb143ad8fe5a] INFO  o.eclipse.m2e.core.internal.Bundles - 	Entry: C:\Users\LENOVO\.p2\pool\plugins\org.eclipse.m2e.maven.runtime_3.9.700.20240602-2313\jars\plexus-interpolation-1.27.jar
2025-01-06 19:15:44,135 [Worker-17: Launching mavenrun-50fce744-097d-4394-8dd9-bb143ad8fe5a] INFO  o.eclipse.m2e.core.internal.Bundles - 	Entry: C:\Users\LENOVO\.p2\pool\plugins\org.eclipse.m2e.maven.runtime_3.9.700.20240602-2313\jars\plexus-sec-dispatcher-2.0.jar
2025-01-06 19:15:44,135 [Worker-17: Launching mavenrun-50fce744-097d-4394-8dd9-bb143ad8fe5a] INFO  o.eclipse.m2e.core.internal.Bundles - 	Entry: C:\Users\LENOVO\.p2\pool\plugins\org.eclipse.m2e.maven.runtime_3.9.700.20240602-2313\jars\plexus-utils-3.5.1.jar
2025-01-06 19:15:44,136 [Worker-17: Launching mavenrun-50fce744-097d-4394-8dd9-bb143ad8fe5a] INFO  o.eclipse.m2e.core.internal.Bundles - 	Entry: C:\Users\LENOVO\.p2\pool\plugins\org.eclipse.m2e.maven.runtime_3.9.700.20240602-2313\jars\wagon-file-3.5.3.jar
2025-01-06 19:15:44,136 [Worker-17: Launching mavenrun-50fce744-097d-4394-8dd9-bb143ad8fe5a] INFO  o.eclipse.m2e.core.internal.Bundles - 	Entry: C:\Users\LENOVO\.p2\pool\plugins\org.eclipse.m2e.maven.runtime_3.9.700.20240602-2313\jars\wagon-http-3.5.3.jar
2025-01-06 19:15:44,136 [Worker-17: Launching mavenrun-50fce744-097d-4394-8dd9-bb143ad8fe5a] INFO  o.eclipse.m2e.core.internal.Bundles - 	Entry: C:\Users\LENOVO\.p2\pool\plugins\org.eclipse.m2e.maven.runtime_3.9.700.20240602-2313\jars\wagon-http-shared-3.5.3.jar
2025-01-06 19:15:44,136 [Worker-17: Launching mavenrun-50fce744-097d-4394-8dd9-bb143ad8fe5a] INFO  o.eclipse.m2e.core.internal.Bundles - 	Entry: C:\Users\LENOVO\.p2\pool\plugins\org.eclipse.m2e.maven.runtime_3.9.700.20240602-2313\jars\wagon-provider-api-3.5.3.jar
2025-01-06 19:15:44,137 [Worker-17: Launching mavenrun-50fce744-097d-4394-8dd9-bb143ad8fe5a] INFO  o.eclipse.m2e.core.internal.Bundles - getClasspathEntries(Bundle=com.google.guava_33.2.0.jre [16])
2025-01-06 19:15:44,138 [Worker-17: Launching mavenrun-50fce744-097d-4394-8dd9-bb143ad8fe5a] INFO  o.eclipse.m2e.core.internal.Bundles - 	Entry: C:\Users\LENOVO\.p2\pool\plugins\com.google.guava_33.2.0.jre.jar
2025-01-06 19:15:44,138 [Worker-17: Launching mavenrun-50fce744-097d-4394-8dd9-bb143ad8fe5a] INFO  o.eclipse.m2e.core.internal.Bundles - getClasspathEntries(Bundle=slf4j.api_2.0.16 [1009])
2025-01-06 19:15:44,138 [Worker-17: Launching mavenrun-50fce744-097d-4394-8dd9-bb143ad8fe5a] INFO  o.eclipse.m2e.core.internal.Bundles - 	Entry: C:\Users\LENOVO\.p2\pool\plugins\slf4j.api_2.0.16.jar
2025-01-06 19:15:44,138 [Worker-17: Launching mavenrun-50fce744-097d-4394-8dd9-bb143ad8fe5a] INFO  o.eclipse.m2e.core.internal.Bundles - getClasspathEntries(Bundle=jakarta.inject.jakarta.inject-api_1.0.5 [33])
2025-01-06 19:15:44,139 [Worker-17: Launching mavenrun-50fce744-097d-4394-8dd9-bb143ad8fe5a] INFO  o.eclipse.m2e.core.internal.Bundles - 	Entry: C:\Users\LENOVO\.p2\pool\plugins\jakarta.inject.jakarta.inject-api_1.0.5.jar
2025-01-06 19:15:44,139 [Worker-17: Launching mavenrun-50fce744-097d-4394-8dd9-bb143ad8fe5a] INFO  o.eclipse.m2e.core.internal.Bundles - getClasspathEntries(Bundle=javax.annotation_1.3.5.v20200909-1856 [44])
2025-01-06 19:15:44,139 [Worker-17: Launching mavenrun-50fce744-097d-4394-8dd9-bb143ad8fe5a] INFO  o.eclipse.m2e.core.internal.Bundles - 	Entry: C:\Users\LENOVO\.p2\pool\plugins\javax.annotation_1.3.5.v20200909-1856.jar
2025-01-06 19:15:44,140 [Worker-17: Launching mavenrun-50fce744-097d-4394-8dd9-bb143ad8fe5a] INFO  o.eclipse.m2e.core.internal.Bundles - getClasspathEntries(Bundle=org.apache.commons.cli_1.8.0 [78])
2025-01-06 19:15:44,143 [Worker-17: Launching mavenrun-50fce744-097d-4394-8dd9-bb143ad8fe5a] INFO  o.eclipse.m2e.core.internal.Bundles - 	Entry: C:\Users\LENOVO\.p2\pool\plugins\org.apache.commons.cli_1.8.0.jar
2025-01-06 19:15:44,143 [Worker-17: Launching mavenrun-50fce744-097d-4394-8dd9-bb143ad8fe5a] INFO  o.eclipse.m2e.core.internal.Bundles - getClasspathEntries(Bundle=org.apache.commons.commons-codec_1.16.0 [81])
2025-01-06 19:15:44,144 [Worker-17: Launching mavenrun-50fce744-097d-4394-8dd9-bb143ad8fe5a] INFO  o.eclipse.m2e.core.internal.Bundles - 	Entry: C:\Users\LENOVO\.p2\pool\plugins\org.apache.commons.commons-codec_1.16.0.jar
2025-01-06 19:15:44,144 [Worker-17: Launching mavenrun-50fce744-097d-4394-8dd9-bb143ad8fe5a] INFO  o.eclipse.m2e.core.internal.Bundles - getClasspathEntries(Bundle=org.apache.commons.lang3_3.14.0 [89])
2025-01-06 19:15:44,145 [Worker-17: Launching mavenrun-50fce744-097d-4394-8dd9-bb143ad8fe5a] INFO  o.eclipse.m2e.core.internal.Bundles - 	Entry: C:\Users\LENOVO\.p2\pool\plugins\org.apache.commons.lang3_3.14.0.jar
2025-01-06 19:15:44,145 [Worker-17: Launching mavenrun-50fce744-097d-4394-8dd9-bb143ad8fe5a] INFO  o.eclipse.m2e.core.internal.Bundles - getClasspathEntries(Bundle=com.google.guava.failureaccess_1.0.2 [17])
2025-01-06 19:15:44,145 [Worker-17: Launching mavenrun-50fce744-097d-4394-8dd9-bb143ad8fe5a] INFO  o.eclipse.m2e.core.internal.Bundles - 	Entry: C:\Users\LENOVO\.p2\pool\plugins\com.google.guava.failureaccess_1.0.2.jar
2025-01-06 19:15:44,149 [Worker-17: Launching mavenrun-50fce744-097d-4394-8dd9-bb143ad8fe5a] INFO  o.e.m.i.launch.MavenLaunchDelegate - Run build in "C:\Users\LENOVO\AppData\Local\Temp\m2e-archetypeGenerator15274061543956361059":
2025-01-06 19:15:44,152 [Worker-17: Launching mavenrun-50fce744-097d-4394-8dd9-bb143ad8fe5a] INFO  o.e.m.i.launch.MavenLaunchDelegate -  mvn  -DarchetypeGroupId=org.apache.maven.archetypes -DarchetypeArtifactId=maven-archetype-quickstart -DarchetypeVersion=1.4 -DgroupId=Basic -DartifactId=Basic -Dversion=0.0.1-SNAPSHOT -Dpackage=com.demo -DoutputDirectory=D:\java\eclipse\Jdbc -B -Dstyle.color=always -U archetype:generate
2025-01-06 19:15:56,859 [Worker-16: Creating maven-archetype-quickstart] INFO  o.e.m.c.i.p.ProjectConfigurationManager - Collecting project info '/pom.xml' D:\java\eclipse\Jdbc\Basic\pom.xml
2025-01-06 19:15:57,048 [Worker-16: Creating maven-archetype-quickstart] INFO  o.e.m.c.i.l.LifecycleMappingFactory - Using org.eclipse.m2e.jdt.JarLifecycleMapping lifecycle mapping for MavenProject: Basic:Basic:0.0.1-SNAPSHOT @ D:\java\eclipse\Jdbc\Basic\pom.xml.
2025-01-06 19:15:57,895 [Worker-16: Creating maven-archetype-quickstart] INFO  o.e.m.j.i.AbstractJavaProjectConfigurator - Adding source folder /Basic/src/main/java
2025-01-06 19:15:57,898 [Worker-16: Creating maven-archetype-quickstart] INFO  o.e.m.j.i.AbstractJavaProjectConfigurator - Adding resource folder /Basic/src/main/resources
2025-01-06 19:15:57,917 [Worker-16: Creating maven-archetype-quickstart] INFO  o.e.m.j.i.AbstractJavaProjectConfigurator - Adding source folder /Basic/src/test/java
2025-01-06 19:15:57,918 [Worker-16: Creating maven-archetype-quickstart] INFO  o.e.m.j.i.AbstractJavaProjectConfigurator - Adding resource folder /Basic/src/test/resources
2025-01-06 19:15:58,074 [Worker-16: Creating maven-archetype-quickstart] INFO  o.e.m.c.i.p.ProjectConfigurationManager - Imported and configured 1 project(s) in 1 sec
2025-01-06 19:15:58,533 [Worker-20: Building] INFO  o.e.m.c.i.embedder.EclipseLogger - Using 'UTF-8' encoding to copy filtered resources.
2025-01-06 19:15:58,534 [Worker-20: Building] INFO  o.e.m.c.i.embedder.EclipseLogger - skip non existing resourceDirectory D:\java\eclipse\Jdbc\Basic\src\main\resources
2025-01-06 19:15:58,552 [Worker-20: Building] INFO  o.e.m.c.i.embedder.EclipseLogger - Using 'UTF-8' encoding to copy filtered resources.
2025-01-06 19:15:58,554 [Worker-20: Building] INFO  o.e.m.c.i.embedder.EclipseLogger - skip non existing resourceDirectory D:\java\eclipse\Jdbc\Basic\src\test\resources
2025-01-06 19:16:01,476 [Worker-17: Updating Maven Dependencies] ERROR o.e.m.j.i.l.MavenLaunchConfigurationListener - Launch configuration App (1) references closed project jdbc2
org.eclipse.core.runtime.CoreException: Launch configuration App (1) references closed project jdbc2
	at org.eclipse.jdt.launching.JavaRuntime.abort(JavaRuntime.java:1867)
	at org.eclipse.jdt.launching.JavaRuntime.getJavaProject(JavaRuntime.java:1741)
	at org.eclipse.m2e.jdt.internal.launch.MavenLaunchConfigurationListener.updateLaunchConfiguration(MavenLaunchConfigurationListener.java:64)
	at org.eclipse.m2e.jdt.internal.launch.MavenLaunchConfigurationListener.launchConfigurationChanged(MavenLaunchConfigurationListener.java:50)
	at org.eclipse.debug.internal.core.LaunchManager$ConfigurationNotifier.run(LaunchManager.java:220)
	at org.eclipse.core.runtime.SafeRunner.run(SafeRunner.java:47)
	at org.eclipse.debug.internal.core.LaunchManager$ConfigurationNotifier.notify(LaunchManager.java:204)
	at org.eclipse.debug.internal.core.LaunchConfigurationWorkingCopy.setDirty(LaunchConfigurationWorkingCopy.java:527)
	at org.eclipse.debug.internal.core.LaunchConfigurationWorkingCopy.setAttribute(LaunchConfigurationWorkingCopy.java:415)
	at org.eclipse.m2e.jdt.internal.launch.MavenRuntimeClasspathProvider.disable(MavenRuntimeClasspathProvider.java:409)
	at org.eclipse.m2e.jdt.internal.launch.MavenRuntimeClasspathProvider.disable(MavenRuntimeClasspathProvider.java:435)
	at org.eclipse.m2e.jdt.internal.launch.MavenLaunchConfigurationListener.mavenProjectChanged(MavenLaunchConfigurationListener.java:135)
	at org.eclipse.m2e.core.internal.project.registry.ProjectRegistryManager.notifyProjectChangeListeners(ProjectRegistryManager.java:892)
	at org.eclipse.m2e.core.internal.project.registry.ProjectRegistryManager.applyMutableProjectRegistry(ProjectRegistryManager.java:1042)
	at org.eclipse.m2e.core.internal.project.registry.ProjectRegistryRefreshJob.lambda$0(ProjectRegistryRefreshJob.java:162)
	at org.eclipse.m2e.core.internal.embedder.MavenExecutionContext.executeBare(MavenExecutionContext.java:458)
	at org.eclipse.m2e.core.internal.embedder.MavenExecutionContext.execute(MavenExecutionContext.java:339)
	at org.eclipse.m2e.core.internal.embedder.MavenExecutionContext.execute(MavenExecutionContext.java:278)
	at org.eclipse.m2e.core.internal.project.registry.ProjectRegistryRefreshJob.run(ProjectRegistryRefreshJob.java:106)
	at org.eclipse.core.internal.jobs.Worker.run(Worker.java:63)
2025-01-06 19:16:01,478 [Worker-17: Updating Maven Dependencies] ERROR o.e.m.j.i.l.MavenLaunchConfigurationListener - Launch configuration App (1) references closed project jdbc2
org.eclipse.core.runtime.CoreException: Launch configuration App (1) references closed project jdbc2
	at org.eclipse.jdt.launching.JavaRuntime.abort(JavaRuntime.java:1867)
	at org.eclipse.jdt.launching.JavaRuntime.getJavaProject(JavaRuntime.java:1741)
	at org.eclipse.m2e.jdt.internal.launch.MavenLaunchConfigurationListener.updateLaunchConfiguration(MavenLaunchConfigurationListener.java:64)
	at org.eclipse.m2e.jdt.internal.launch.MavenLaunchConfigurationListener.launchConfigurationChanged(MavenLaunchConfigurationListener.java:50)
	at org.eclipse.debug.internal.core.LaunchManager$ConfigurationNotifier.run(LaunchManager.java:220)
	at org.eclipse.core.runtime.SafeRunner.run(SafeRunner.java:47)
	at org.eclipse.debug.internal.core.LaunchManager$ConfigurationNotifier.notify(LaunchManager.java:204)
	at org.eclipse.debug.internal.core.LaunchConfigurationWorkingCopy.setDirty(LaunchConfigurationWorkingCopy.java:527)
	at org.eclipse.debug.internal.core.LaunchConfigurationWorkingCopy.setAttribute(LaunchConfigurationWorkingCopy.java:415)
	at org.eclipse.m2e.jdt.internal.launch.MavenRuntimeClasspathProvider.disable(MavenRuntimeClasspathProvider.java:410)
	at org.eclipse.m2e.jdt.internal.launch.MavenRuntimeClasspathProvider.disable(MavenRuntimeClasspathProvider.java:435)
	at org.eclipse.m2e.jdt.internal.launch.MavenLaunchConfigurationListener.mavenProjectChanged(MavenLaunchConfigurationListener.java:135)
	at org.eclipse.m2e.core.internal.project.registry.ProjectRegistryManager.notifyProjectChangeListeners(ProjectRegistryManager.java:892)
	at org.eclipse.m2e.core.internal.project.registry.ProjectRegistryManager.applyMutableProjectRegistry(ProjectRegistryManager.java:1042)
	at org.eclipse.m2e.core.internal.project.registry.ProjectRegistryRefreshJob.lambda$0(ProjectRegistryRefreshJob.java:162)
	at org.eclipse.m2e.core.internal.embedder.MavenExecutionContext.executeBare(MavenExecutionContext.java:458)
	at org.eclipse.m2e.core.internal.embedder.MavenExecutionContext.execute(MavenExecutionContext.java:339)
	at org.eclipse.m2e.core.internal.embedder.MavenExecutionContext.execute(MavenExecutionContext.java:278)
	at org.eclipse.m2e.core.internal.project.registry.ProjectRegistryRefreshJob.run(ProjectRegistryRefreshJob.java:106)
	at org.eclipse.core.internal.jobs.Worker.run(Worker.java:63)
2025-01-06 19:16:01,496 [Worker-17: Updating Maven Dependencies] ERROR o.e.m.j.i.l.MavenLaunchConfigurationListener - Launch configuration App (1) references closed project jdbc2
org.eclipse.core.runtime.CoreException: Launch configuration App (1) references closed project jdbc2
	at org.eclipse.jdt.launching.JavaRuntime.abort(JavaRuntime.java:1867)
	at org.eclipse.jdt.launching.JavaRuntime.getJavaProject(JavaRuntime.java:1741)
	at org.eclipse.m2e.jdt.internal.launch.MavenLaunchConfigurationListener.updateLaunchConfiguration(MavenLaunchConfigurationListener.java:64)
	at org.eclipse.m2e.jdt.internal.launch.MavenLaunchConfigurationListener.launchConfigurationChanged(MavenLaunchConfigurationListener.java:50)
	at org.eclipse.debug.internal.core.LaunchManager$ConfigurationNotifier.run(LaunchManager.java:220)
	at org.eclipse.core.runtime.SafeRunner.run(SafeRunner.java:47)
	at org.eclipse.debug.internal.core.LaunchManager$ConfigurationNotifier.notify(LaunchManager.java:204)
	at org.eclipse.debug.internal.core.LaunchManager.launchConfigurationChanged(LaunchManager.java:2010)
	at org.eclipse.debug.internal.core.LaunchConfigurationWorkingCopy.writeNewFile(LaunchConfigurationWorkingCopy.java:380)
	at org.eclipse.debug.internal.core.LaunchConfigurationWorkingCopy.doSave0(LaunchConfigurationWorkingCopy.java:259)
	at org.eclipse.debug.internal.core.LaunchConfigurationWorkingCopy.doSave(LaunchConfigurationWorkingCopy.java:229)
	at org.eclipse.debug.internal.core.LaunchConfigurationWorkingCopy.doSave(LaunchConfigurationWorkingCopy.java:187)
	at org.eclipse.m2e.jdt.internal.launch.MavenRuntimeClasspathProvider.disable(MavenRuntimeClasspathProvider.java:411)
	at org.eclipse.m2e.jdt.internal.launch.MavenRuntimeClasspathProvider.disable(MavenRuntimeClasspathProvider.java:435)
	at org.eclipse.m2e.jdt.internal.launch.MavenLaunchConfigurationListener.mavenProjectChanged(MavenLaunchConfigurationListener.java:135)
	at org.eclipse.m2e.core.internal.project.registry.ProjectRegistryManager.notifyProjectChangeListeners(ProjectRegistryManager.java:892)
	at org.eclipse.m2e.core.internal.project.registry.ProjectRegistryManager.applyMutableProjectRegistry(ProjectRegistryManager.java:1042)
	at org.eclipse.m2e.core.internal.project.registry.ProjectRegistryRefreshJob.lambda$0(ProjectRegistryRefreshJob.java:162)
	at org.eclipse.m2e.core.internal.embedder.MavenExecutionContext.executeBare(MavenExecutionContext.java:458)
	at org.eclipse.m2e.core.internal.embedder.MavenExecutionContext.execute(MavenExecutionContext.java:339)
	at org.eclipse.m2e.core.internal.embedder.MavenExecutionContext.execute(MavenExecutionContext.java:278)
	at org.eclipse.m2e.core.internal.project.registry.ProjectRegistryRefreshJob.run(ProjectRegistryRefreshJob.java:106)
	at org.eclipse.core.internal.jobs.Worker.run(Worker.java:63)
2025-01-06 19:17:20,355 [Worker-12: Building] INFO  o.e.m.c.i.embedder.EclipseLogger - Using 'UTF-8' encoding to copy filtered resources.
2025-01-06 19:17:20,355 [Worker-12: Building] INFO  o.e.m.c.i.embedder.EclipseLogger - skip non existing resourceDirectory D:\java\eclipse\Jdbc\Basic\src\main\resources
2025-01-06 19:17:20,359 [Worker-12: Building] INFO  o.e.m.c.i.embedder.EclipseLogger - Using 'UTF-8' encoding to copy filtered resources.
2025-01-06 19:17:20,360 [Worker-12: Building] INFO  o.e.m.c.i.embedder.EclipseLogger - skip non existing resourceDirectory D:\java\eclipse\Jdbc\Basic\src\test\resources
2025-01-06 19:18:57,474 [Worker-17: Building] INFO  o.e.m.c.i.embedder.EclipseLogger - Using 'UTF-8' encoding to copy filtered resources.
2025-01-06 19:18:57,475 [Worker-17: Building] INFO  o.e.m.c.i.embedder.EclipseLogger - skip non existing resourceDirectory D:\java\eclipse\Jdbc\Basic\src\main\resources
2025-01-06 19:18:57,480 [Worker-17: Building] INFO  o.e.m.c.i.embedder.EclipseLogger - Using 'UTF-8' encoding to copy filtered resources.
2025-01-06 19:18:57,480 [Worker-17: Building] INFO  o.e.m.c.i.embedder.EclipseLogger - skip non existing resourceDirectory D:\java\eclipse\Jdbc\Basic\src\test\resources
2025-01-06 19:19:08,218 [Worker-12: Building] INFO  o.e.m.c.i.embedder.EclipseLogger - Using 'UTF-8' encoding to copy filtered resources.
2025-01-06 19:19:08,221 [Worker-12: Building] INFO  o.e.m.c.i.embedder.EclipseLogger - skip non existing resourceDirectory D:\java\eclipse\Jdbc\Basic\src\main\resources
2025-01-06 19:19:08,226 [Worker-12: Building] INFO  o.e.m.c.i.embedder.EclipseLogger - Using 'UTF-8' encoding to copy filtered resources.
2025-01-06 19:19:08,226 [Worker-12: Building] INFO  o.e.m.c.i.embedder.EclipseLogger - skip non existing resourceDirectory D:\java\eclipse\Jdbc\Basic\src\test\resources
2025-01-06 19:19:17,065 [Worker-16: Building] INFO  o.e.m.c.i.embedder.EclipseLogger - Using 'UTF-8' encoding to copy filtered resources.
2025-01-06 19:19:17,065 [Worker-16: Building] INFO  o.e.m.c.i.embedder.EclipseLogger - skip non existing resourceDirectory D:\java\eclipse\Jdbc\Basic\src\main\resources
2025-01-06 19:19:17,068 [Worker-16: Building] INFO  o.e.m.c.i.embedder.EclipseLogger - Using 'UTF-8' encoding to copy filtered resources.
2025-01-06 19:19:17,068 [Worker-16: Building] INFO  o.e.m.c.i.embedder.EclipseLogger - skip non existing resourceDirectory D:\java\eclipse\Jdbc\Basic\src\test\resources
2025-01-06 19:19:57,149 [Worker-17: Building] INFO  o.e.m.c.i.embedder.EclipseLogger - Using 'UTF-8' encoding to copy filtered resources.
2025-01-06 19:19:57,149 [Worker-17: Building] INFO  o.e.m.c.i.embedder.EclipseLogger - skip non existing resourceDirectory D:\java\eclipse\Jdbc\Basic\src\main\resources
2025-01-06 19:19:57,152 [Worker-17: Building] INFO  o.e.m.c.i.embedder.EclipseLogger - Using 'UTF-8' encoding to copy filtered resources.
2025-01-06 19:19:57,152 [Worker-17: Building] INFO  o.e.m.c.i.embedder.EclipseLogger - skip non existing resourceDirectory D:\java\eclipse\Jdbc\Basic\src\test\resources
2025-01-06 19:20:01,094 [Worker-19: Building] INFO  o.e.m.c.i.embedder.EclipseLogger - Using 'UTF-8' encoding to copy filtered resources.
2025-01-06 19:20:01,094 [Worker-19: Building] INFO  o.e.m.c.i.embedder.EclipseLogger - skip non existing resourceDirectory D:\java\eclipse\Jdbc\Basic\src\main\resources
2025-01-06 19:20:01,098 [Worker-19: Building] INFO  o.e.m.c.i.embedder.EclipseLogger - Using 'UTF-8' encoding to copy filtered resources.
2025-01-06 19:20:01,098 [Worker-19: Building] INFO  o.e.m.c.i.embedder.EclipseLogger - skip non existing resourceDirectory D:\java\eclipse\Jdbc\Basic\src\test\resources
2025-01-06 19:20:05,302 [Worker-20: Building] INFO  o.e.m.c.i.embedder.EclipseLogger - Using 'UTF-8' encoding to copy filtered resources.
2025-01-06 19:20:05,302 [Worker-20: Building] INFO  o.e.m.c.i.embedder.EclipseLogger - skip non existing resourceDirectory D:\java\eclipse\Jdbc\Basic\src\main\resources
2025-01-06 19:20:05,305 [Worker-20: Building] INFO  o.e.m.c.i.embedder.EclipseLogger - Using 'UTF-8' encoding to copy filtered resources.
2025-01-06 19:20:05,305 [Worker-20: Building] INFO  o.e.m.c.i.embedder.EclipseLogger - skip non existing resourceDirectory D:\java\eclipse\Jdbc\Basic\src\test\resources
2025-01-06 19:20:59,950 [Worker-12: Building] INFO  o.e.m.c.i.l.LifecycleMappingFactory - Using org.eclipse.m2e.jdt.JarLifecycleMapping lifecycle mapping for MavenProject: Basic:Basic:0.0.1-SNAPSHOT @ D:\java\eclipse\Jdbc\Basic\pom.xml.
2025-01-06 19:21:00,028 [Worker-12: Building] INFO  o.e.m.c.i.embedder.EclipseLogger - Using 'UTF-8' encoding to copy filtered resources.
2025-01-06 19:21:00,028 [Worker-12: Building] INFO  o.e.m.c.i.embedder.EclipseLogger - skip non existing resourceDirectory D:\java\eclipse\Jdbc\Basic\src\main\resources
2025-01-06 19:21:00,030 [Worker-12: Building] INFO  o.e.m.c.i.embedder.EclipseLogger - Using 'UTF-8' encoding to copy filtered resources.
2025-01-06 19:21:00,031 [Worker-12: Building] INFO  o.e.m.c.i.embedder.EclipseLogger - skip non existing resourceDirectory D:\java\eclipse\Jdbc\Basic\src\test\resources
2025-01-06 19:21:01,280 [Worker-17: Building] INFO  o.e.m.c.i.embedder.EclipseLogger - Using 'UTF-8' encoding to copy filtered resources.
2025-01-06 19:21:01,280 [Worker-17: Building] INFO  o.e.m.c.i.embedder.EclipseLogger - skip non existing resourceDirectory D:\java\eclipse\Jdbc\Basic\src\main\resources
2025-01-06 19:21:01,282 [Worker-17: Building] INFO  o.e.m.c.i.embedder.EclipseLogger - Using 'UTF-8' encoding to copy filtered resources.
2025-01-06 19:21:01,283 [Worker-17: Building] INFO  o.e.m.c.i.embedder.EclipseLogger - skip non existing resourceDirectory D:\java\eclipse\Jdbc\Basic\src\test\resources
2025-01-06 19:23:18,495 [Worker-19: Building] INFO  o.e.m.c.i.embedder.EclipseLogger - Using 'UTF-8' encoding to copy filtered resources.
2025-01-06 19:23:18,496 [Worker-19: Building] INFO  o.e.m.c.i.embedder.EclipseLogger - skip non existing resourceDirectory D:\java\eclipse\Jdbc\Basic\src\main\resources
2025-01-06 19:23:18,499 [Worker-19: Building] INFO  o.e.m.c.i.embedder.EclipseLogger - Using 'UTF-8' encoding to copy filtered resources.
2025-01-06 19:23:18,500 [Worker-19: Building] INFO  o.e.m.c.i.embedder.EclipseLogger - skip non existing resourceDirectory D:\java\eclipse\Jdbc\Basic\src\test\resources
2025-01-06 19:24:03,503 [Worker-12: Updating Maven Dependencies] INFO  o.e.m.c.i.l.LifecycleMappingFactory - Using org.eclipse.m2e.jdt.JarLifecycleMapping lifecycle mapping for MavenProject: jdbc1:jdbc1:0.0.1-SNAPSHOT @ D:\java\eclipse\Jdbc\jdbc1\pom.xml.
2025-01-06 19:24:37,956 [Worker-19: Building] INFO  o.e.m.c.i.embedder.EclipseLogger - Using 'UTF-8' encoding to copy filtered resources.
2025-01-06 19:24:37,957 [Worker-19: Building] INFO  o.e.m.c.i.embedder.EclipseLogger - skip non existing resourceDirectory D:\java\eclipse\Jdbc\Basic\src\main\resources
2025-01-06 19:24:37,959 [Worker-19: Building] INFO  o.e.m.c.i.embedder.EclipseLogger - Using 'UTF-8' encoding to copy filtered resources.
2025-01-06 19:24:37,959 [Worker-19: Building] INFO  o.e.m.c.i.embedder.EclipseLogger - skip non existing resourceDirectory D:\java\eclipse\Jdbc\Basic\src\test\resources
2025-01-06 19:25:11,512 [Worker-16: Building] INFO  o.e.m.c.i.embedder.EclipseLogger - Using 'UTF-8' encoding to copy filtered resources.
2025-01-06 19:25:11,513 [Worker-16: Building] INFO  o.e.m.c.i.embedder.EclipseLogger - skip non existing resourceDirectory D:\java\eclipse\Jdbc\Basic\src\main\resources
2025-01-06 19:25:11,515 [Worker-16: Building] INFO  o.e.m.c.i.embedder.EclipseLogger - Using 'UTF-8' encoding to copy filtered resources.
2025-01-06 19:25:11,515 [Worker-16: Building] INFO  o.e.m.c.i.embedder.EclipseLogger - skip non existing resourceDirectory D:\java\eclipse\Jdbc\Basic\src\test\resources
2025-01-06 19:49:01,031 [Worker-25: Building] INFO  o.e.m.c.i.embedder.EclipseLogger - Using 'UTF-8' encoding to copy filtered resources.
2025-01-06 19:49:01,032 [Worker-25: Building] INFO  o.e.m.c.i.embedder.EclipseLogger - skip non existing resourceDirectory D:\java\eclipse\Jdbc\Basic\src\main\resources
2025-01-06 19:49:01,037 [Worker-25: Building] INFO  o.e.m.c.i.embedder.EclipseLogger - Using 'UTF-8' encoding to copy filtered resources.
2025-01-06 19:49:01,037 [Worker-25: Building] INFO  o.e.m.c.i.embedder.EclipseLogger - skip non existing resourceDirectory D:\java\eclipse\Jdbc\Basic\src\test\resources
2025-01-06 20:16:58,720 [Worker-30: https://download.eclipse.org/eclipse/updates/latest/compositeArtifacts.jar] INFO  o.a.h.c.h.i.c.HttpRequestRetryExec - Recoverable I/O exception (org.apache.hc.core5.http.NoHttpResponseException) caught when processing request to {s}->https://download.eclipse.org:443
